시도,시군구,어린이집명,어린이집유형구분,운영현황,우편번호,주소,어린이집전화번호,어린이집팩스번호,보육실수,보육실면적,놀이터수,CCTV설치수,보육교직원수,정원수,현원수,위도,경도,통학차량운영여부,홈페이지주소,인가일자,휴지시작일자,휴지종료일자,폐지일자
대전광역시,서구,대전서부경찰서어린이집,직장,정상,35403,대전광역시 서구 복수서로 47 대전서부경찰서,042-587-1112,--,6,253,2,25,5,80,4,36.308635652225846,127.37297945183218,미운영,,2026-04-21,,,
대전광역시,유성구,햇살어린이집,가정,정상,34215,"대전광역시 유성구 동서대로 383 105동 101호(학하동, 한화포레나 유성)",042-822-3739,--,3,80,0,0,0,20,0,37.566470,126.977963,,,2026-04-07,,,
대전광역시,유성구,아람어린이집,가정,정상,34215,"대전광역시 유성구 동서대로 383 106동 102호(학하동, 한화포레나 유성)",042-362-4456,0504-158-4456,3,56,0,4,6,20,3,36.33355480205862,127.30314059614044,미운영,,2026-03-27,,,
대전광역시,유성구,엘리프숲어린이집,가정,정상,34192,"대전광역시 유성구 원신흥로 122-12 205동 101호(원신흥동, 갑천2BL트리풀시티엘리프)",042-825-7242,042-825-7242,4,80,0,5,4,20,9,36.338026922784366,127.35088966869134,미운영,,2026-03-17,,,
대전광역시,중구,버드내마을어린이집,국공립,정상,34890,"대전광역시 중구 태평로 15 관리동 2층(태평동, 버드내마을아파트)",042-538-1212,042-538-1212,3,102,0,5,8,31,20,36.317792211047454,127.38975169757637,미운영,,2026-03-01,,,
대전광역시,중구,더샵어린이집,국공립,정상,34817,"대전광역시 중구 목동로22번길 16 관리동(목동, 더샵아파트)",042-221-5533,--,4,82,0,8,9,23,21,36.33348049347555,127.40998532472913,운영,,2026-03-01,,,
대전광역시,중구,예가윤슬어린이집,국공립,정상,34896,"대전광역시 중구 평촌로 93 관리동(태평동, 쌍용예가아파트)",042-524-0079,042-524-0079,4,95,0,7,8,31,11,36.32342784849818,127.39697394452806,미운영,,2026-03-01,,,
대전광역시,대덕구,샘사랑어린이집,국공립,정상,34400,"대전광역시 대덕구 동춘당로114번길 47 203동 103호(송촌동,선비마을2단지아파트)",042-633-3006,0504-403-5716,4,85,0,6,10,20,20,36.27478994222397,127.56905763194531,운영,,2026-03-01,,,
대전광역시,대덕구,늘사랑어린이집,국공립,정상,34419,"대전광역시 대덕구 비래서로10번길 21 104동 104호(비래동,한신휴플러스아파트)",042-626-5353,--,4,87,0,8,6,20,11,37.566470,126.977963,운영,,2026-03-01,,,
대전광역시,유성구,도안아이자람어린이집,가정,정상,34192,"대전광역시 유성구 도안동로 422 115동, 102호(원신흥동, 갑천1BL트리풀시티힐스테이트)",042-861-1486,070-8255-1486,3,67,0,4,8,20,13,36.34247641701597,127.34860380589107,미운영,,2026-02-24,,,
대전광역시,유성구,트리풀시티엘리프 어린이집,국공립,정상,34192,대전광역시 유성구 원신흥로 122-12 ,042-822-1100,--,4,138,0,18,13,52,40,36.337796253319524,127.350418029364,미운영,,2026-02-09,,,
대전광역시,중구,예원어린이집,국공립,정상,34896,"대전광역시 중구 평촌로 93 101동 102호(태평1동, 쌍용예가아파트)",042-252-1114,--,4,62,1,4,9,20,20,36.32268927356993,127.39685605058074,미운영,,2026-01-01,,,
대전광역시,중구,센트럴파크어린이집,국공립,정상,34962,"대전광역시 중구 서문로 96 207동 103호(문화1동, 센트럴파크아파트)",042-222-1928,--,4,81,1,6,10,20,20,36.317340004588296,127.40911432913822,미운영,,2026-01-01,,,
대전광역시,서구,사랑별어린이집,민간,정상,35308,대전광역시 서구 탄방로 111 둔산더샵엘리프 3단지 관리동,042-528-2235,--,4,106,0,10,13,40,34,36.33983771588097,127.39782300066105,미운영,,2025-11-18,,,
대전광역시,서구,예나어린이집,국공립,정상,35356,대전광역시 서구 도안동로 123 도안리슈빌아파트 관리동,042-545-2223,042-545-2223,4,118,0,8,14,44,38,36.31546183265301,127.3476538989418,미운영,,2025-11-01,,,
대전광역시,서구,미키미니어린이집,국공립,정상,35386,대전광역시 서구 가수원로 72 104동 103호,042-542-3575,042-542-3575,3,56,0,8,9,19,14,36.30162401293562,127.35079611935888,운영,,2025-11-01,,,
대전광역시,서구,둔산자이아이파크샘누리어린이집,국공립,정상,35267,대전광역시 서구 계룡로 520 둔산자이아이파크 관리동,042-521-1004,--,5,151,0,16,19,48,48,37.566470,126.977963,미운영,,2025-10-15,,,
대전광역시,중구,한신더휴리저브어린이집,민간,정상,34830,"대전광역시 중구 대종로582번길 36 (선화동, 한신더휴리저브아파트)",042-710-2025,--,3,85,2,13,10,32,30,36.33526593046567,127.42164661654292,미운영,,2025-09-24,,,
대전광역시,대덕구,송촌엘리프어린이집,국공립,정상,34423,"대전광역시 대덕구 계족산로52번길 50 104동 보육시설(송촌동, 엘리프 송촌 더 파크 아파트)",042-625-4662,--,5,116,3,12,17,41,38,37.56508510042367,126.9776793388616,미운영,,2025-09-01,,,
대전광역시,동구,꿈에그린어린이집,국공립,정상,34526,대전광역시 동구 대학로50번길 53 한화꿈에그린아파트 관리동 1층(용운동),042-320-4560,--,5,145,0,8,9,35,15,36.331003945187966,127.45585775623984,운영,,2025-07-01,,,
대전광역시,동구,그린숲어린이집,국공립,정상,34675,대전광역시 동구 동부로10번길 55 삼정그린코아포레스트1단지 관리동,042-284-5500,042-284-5501,9,209,2,16,17,56,45,36.31845003652757,127.4583514399114,미운영,,2025-07-01,,,
대전광역시,동구,어진아이꿈어린이집,국공립,정상,34639,대전광역시 동구 계족로 65 어진마을아파트 관리동(인동),042-320-5558,070-8244-0021,5,95,0,10,13,30,30,36.32123984374622,127.44263235914046,미운영,,2025-07-01,,,
대전광역시,중구,선화하늘빛어린이집,국공립,정상,34830,대전광역시 중구 대종로594번길 52 ,042-252-1366,042-252-1386,6,130,0,13,17,45,42,37.566400593990686,126.97788834771147,미운영,,2025-07-01,,,
대전광역시,중구,해링턴꿈나무어린이집,국공립,정상,34853,대전광역시 중구 선화로 57 ,042-255-5784,--,6,101,2,16,17,38,36,36.328358808229126,127.41444817679988,미운영,,2025-07-01,,,
대전광역시,서구,둔산더샵미리별어린이집,국공립,정상,35307,대전광역시 서구 탄방로 132 둔산더샵엘리프1단지,042-721-0789,042-721-0799,5,177,1,12,19,56,55,37.566470,126.977963,미운영,,2025-06-09,,,
대전광역시,서구,둔산더샵나래별어린이집,국공립,정상,35308,대전광역시 서구 탄방로 131 둔산더샵엘리프2단지,042-531-7941,--,5,177,1,12,19,56,54,36.33863174610242,127.39936792796362,미운영,,2025-06-09,,,
대전광역시,서구,아이월드어린이집,민간,정상,35373,대전광역시 서구 관저로 84 관리동,042-545-7953,042-545-7953,5,129,1,8,3,47,1,36.29758935088259,127.33008763830298,미운영,,2025-06-02,,,
대전광역시,중구,중촌SK뷰어린이집,국공립,정상,34807,대전광역시 중구 중촌로 15 (SK뷰 아파트 관리동),042-221-6810,--,5,141,2,10,17,51,45,37.566470,126.977963,미운영,,2025-05-14,,,
대전광역시,중구,하늘채엘센트로어린이집,민간,정상,34819,대전광역시 중구 동서대로1327번길 102 (하늘채 엘센트로 아파트 관리동),042-221-7773,--,3,83,3,5,7,28,12,36.33358318799636,127.40364279963288,미운영,,2025-05-01,,,
대전광역시,서구,도마호반써밋어린이집,국공립,정상,35335,대전광역시 서구 도산로 79 도마호반써밋그랜드센트럴 관리동,042-345-0081,--,5,163,3,14,21,53,52,37.566470,126.977963,미운영,,2025-04-09,,,
대전광역시,동구,리더스행복어린이집,국공립,정상,34684,"대전광역시 동구 안샘로14번길 7 천동, 리더스시티5BL 관리동",042-710-7904,--,6,192,2,14,20,70,64,36.31795180210353,127.44713765021065,미운영,,2025-03-01,,,
대전광역시,동구,참사랑어린이집,국공립,정상,34524,대전광역시 동구 새울로 147-16 ,042-283-5863,042-283-5862,6,250,1,11,23,92,56,36.33186772910824,127.46323871951257,운영,https://blog.naver.com/truelove2835863/224060575481,2025-03-01,,,
대전광역시,동구,한밭영재어린이집,국공립,정상,34569,대전광역시 동구 대전로 935 107동 103호(한밭자이아파트),042-369-5071,--,4,66,0,5,8,20,20,37.566470,126.977963,미운영,,2025-03-01,,,
대전광역시,중구,누리봄어린이집,국공립,정상,34875,"대전광역시 중구 수침로 138 110동 102호(태평동, 유등마을아파트)",042-535-2033,--,4,71,0,5,11,20,19,36.3318405948627,127.39825290620442,미운영,,2025-03-01,,,
대전광역시,서구,예그랑어린이집,국공립,정상,35372,대전광역시 서구 관저로 83 213동 104호,042-543-6007,042-543-6007,4,55,0,5,12,20,19,37.566470,126.977963,미운영,,2025-03-01,,,
대전광역시,유성구,노은킨더어린이집,국공립,정상,34145,대전광역시 유성구 왕가봉로 23 1105동 103호,042-477-4577,--,4,92,2,5,10,20,18,36.36513661139762,127.3144528883698,미운영,,2025-03-01,,,
대전광역시,대덕구,덕암어린이집,국공립,정상,34330,대전광역시 대덕구 덕암북로22번길 77 ,042-933-7599,--,10,345,2,14,20,99,68,36.44392697212741,127.42214457240735,운영,,2025-03-01,,,
대전광역시,동구,코레일대전충남어린이집,직장,정상,34626,"대전광역시 동구 중앙로 215 대전역 통합사무소 1,2층",042-224-7179,--,4,210,1,20,8,70,13,36.33372347726306,127.43276512862082,미운영,,2025-02-21,,,
대전광역시,중구,상아어린이집,가정,정상,35082,대전광역시 중구 안영로 68 ,042-335-3321,000-0000-0000,5,64,1,6,6,20,10,36.29514371276876,127.38334358193009,미운영,,2025-02-21,,,
대전광역시,동구,서로봄어린이집,가정,정상,34684,대전광역시 동구 안샘로14번길 7 502동 103호(천동 리더스시티5BL아파트),042-282-6286,--,5,101,0,6,8,20,20,36.317415319051165,127.4460071032625,미운영,,2025-02-18,,,
대전광역시,중구,모아엘가어린이집,민간,정상,34816,"대전광역시 중구 목동로22번길 45 (목동, 모아엘가그랑데 아파트)",042-222-6669,0504-092-7342,4,65,0,8,6,23,11,36.334827532593614,127.40972089149301,미운영,,2025-02-07,,,
대전광역시,유성구,해랑숲어린이집,국공립,정상,34073,대전광역시 유성구 지족로 240 관리동 어린이집,042-825-7908,--,7,133,1,12,13,48,28,36.38539098822462,127.30469306151753,미운영,,2025-01-01,,,
대전광역시,대덕구,누림어린이집,국공립,정상,34399,"대전광역시 대덕구 동춘당로 160 102동 101호(법동, 삼익소월아파트)",042-635-4451,042-635-4452,4,56,2,8,10,20,19,36.369226436947415,127.43366368252158,운영,,2025-01-01,,,
대전광역시,동구,꼬마별어린이집,국공립,정상,34640,"대전광역시 동구 계족로 137 103-104(대동, 휴먼시아)",042-283-7799,042-283-7798,4,66,0,5,10,20,17,36.32722460427417,127.4423766430757,미운영,,2024-12-01,,,
대전광역시,중구,성심당직장어린이집,직장,정상,34925,대전광역시 중구 대흥로157번길 26 대흥동,042-322-3657,042-322-3655,4,131,1,15,10,40,8,36.32575086977258,127.42886212957957,미운영,,2024-12-01,,,
대전광역시,중구,새솔어린이집,국공립,정상,34859,"대전광역시 중구 선화로22번길 25 용두동, 미르마을A",042-345-5369,042-222-4311,4,69,0,7,9,24,17,36.325769603062966,127.41331242909826,미운영,,2024-12-01,,,
대전광역시,중구,올리브힐어린이집,국공립,정상,34810,"대전광역시 중구 목동로 70 목동, 올리브힐A",042-242-5522,--,4,128,1,7,17,39,35,36.33739811975651,127.40708896174687,운영,,2024-12-01,,,
대전광역시,동구,리틀엔젤어린이집,국공립,정상,34675,대전광역시 동구 새울로 19 삼정그린코아포레스트2단지아파트 관리동,042-383-9499,--,4,74,0,8,8,26,9,36.32068722995926,127.46244034885756,미운영,,2024-11-01,,,
대전광역시,중구,하늘채스카이앤어린이집,국공립,정상,34829,"대전광역시 중구 대종로594번길 51 선화동, 하늘채스카이앤",042-252-9577,--,5,142,1,12,16,51,47,37.566470,126.977963,미운영,,2024-11-01,,,
대전광역시,대덕구,송촌어린이집,국공립,정상,34400,대전광역시 대덕구 동춘당로114번길 47 선비마을2단지아파트 내 (송촌동),042-637-0133,--,5,96,1,7,11,35,26,36.36809511738445,127.43930961764883,운영,,2024-10-01,,,
대전광역시,동구,담쟁이어린이집,민간,휴지,34580,대전광역시 동구 성남로 16-1 ,042-633-0456,--,8,475,1,11,0,30,0,37.566470,126.977963,운영,,2024-09-30,2026-04-02,2026-12-31,
대전광역시,동구,하늘채리버뷰어린이집,국공립,정상,34697,"대전광역시 동구 대전로 357 (대성동, 은어송하늘채리버뷰아파트 관리동)",042-271-2227,--,7,188,1,16,23,56,56,36.297581023401534,127.45893068444995,미운영,,2024-09-02,,,
대전광역시,중구,도담숲어린이집,민간,정상,34875,대전광역시 중구 수침로 138 태평동,042-537-5522,042-721-5521,5,99,0,5,9,34,27,36.33060314242088,127.39910419802239,미운영,,2024-09-01,,,
대전광역시,유성구,호반별하어린이집,국공립,정상,34040,대전광역시 유성구 용산1로 99 호반써밋4단지,042-364-7942,042-364-7942,4,88,1,11,13,33,32,37.566470,126.977963,미운영,,2024-09-01,,,
대전광역시,유성구,소중한호반어린이집,국공립,정상,34040,대전광역시 유성구 용성로 21 ,042-931-4279,042-931-4279,5,148,1,20,19,56,44,36.42015774405365,127.32614826574267,미운영,,2024-09-01,,,
대전광역시,동구,리더스어린이집,국공립,정상,34683,대전광역시 동구 안샘로 11 리더스시티4블럭아파트 관리동,042-328-1238,--,8,222,4,17,19,72,56,36.31852816693891,127.44422058076181,운영,,2024-08-28,,,
대전광역시,유성구,전력연구원직장어린이집,직장,정상,34056,대전광역시 유성구 문지로 105 (한국전력연구원),042-864-5110,--,8,370,1,44,26,105,59,36.39359386567548,127.39541322720322,미운영,https://www.puruni.com/kepri,2024-08-28,,,
대전광역시,동구,갤러리휴리움 솔로몬키즈어린이집,국공립,정상,34557,"대전광역시 동구 한남로67번길 193 홍도동, 갤러리휴리움아파트 관리동",042-721-3256,--,5,77,0,8,8,28,19,36.3453978753777,127.42658874552727,미운영,,2024-08-01,,,
대전광역시,유성구,아이뜰어린이집,국공립,정상,34010,대전광역시 유성구 구즉로 16 ,042-933-7455,042-935-7455,4,107,1,8,13,40,40,36.430031468688846,127.38608552585067,미운영,,2024-08-01,,,
대전광역시,동구,새들뫼키움어린이집,국공립,정상,34640,대전광역시 동구 계족로 137 대신새들뫼휴먼시아1단지아파트 관리동,042-285-2100,--,5,120,1,6,12,36,31,36.32738877695741,127.44245553046436,운영,,2024-07-01,,,
대전광역시,동구,신흥정원어린이집,국공립,정상,34669,대전광역시 동구 옥천로 38 신흥마을아파트 관리동,042-273-5512,--,4,100,1,5,11,23,23,36.32052000638196,127.44415671525115,미운영,,2024-07-01,,,
대전광역시,중구,해모로어린이집,국공립,정상,34850,"대전광역시 중구 선화서로 85 선화동, 대전해모로더센트라",042-383-9911,042-383-9911,4,104,0,10,16,38,37,36.32912671207039,127.41649315631636,미운영,,2024-07-01,,,
대전광역시,유성구,장대푸르지오어린이집,국공립,정상,34164,대전광역시 유성구 장대로71번길 34 관리동 어린이집,042-823-7959,042-823-7954,4,80,0,8,9,30,21,36.36124046872253,127.33223643406534,미운영,,2024-07-01,,,
대전광역시,유성구,그린별어린이집,국공립,정상,34070,대전광역시 유성구 지족북로 33 ,042-824-0306,--,5,132,1,7,19,50,40,36.38823647510219,127.29933189837328,미운영,,2024-07-01,,,
대전광역시,대덕구,동일스위트프라임어린이집,국공립,정상,34307,"대전광역시 대덕구 대청로 53 (신탄진동, 동일스위트리버스카이 2단지 관리동)",042-721-8882,--,4,210,1,8,15,50,46,36.454361009716905,127.43259774546729,미운영,,2024-06-01,,,
대전광역시,대덕구,대덕브라운스톤어린이집,국공립,정상,34347,"대전광역시 대덕구 신탄진로218번길 20 104동 보육시설(와동, 대덕브라운스톤아파트)",042-626-4662,0505-007-4662,5,182,1,10,16,67,42,36.39837734961492,127.42604763678153,미운영,,2024-06-01,,,
대전광역시,동구,갤러리휴리움 솔로몬키즈 어린이집,민간,폐지,34557,"대전광역시 동구 한남로67번길 193 (홍도동, 다우갤러리휴리움 관리동)",042-721-3256,--,5,77,0,8,0,28,0,36.345245901248795,127.42561320125401,미운영,,2024-03-27,,,2024-08-01
대전광역시,서구,아이자람어린이집,국공립,정상,35228,"대전광역시 서구 둔산로 15 110동 103호 (둔산동, 향촌아파트)",042-488-1486,--,4,62,0,5,10,20,18,36.35410233593467,127.37585612178633,미운영,,2024-03-01,,,
대전광역시,서구,도안예미지어린이집,국공립,정상,35350,"대전광역시 서구 도안북로 125 (도안동, 금성백조예미지아파트 관리동)",042-825-5666,042-825-5666,4,106,0,13,17,39,39,36.33136671285052,127.34369689349025,미운영,,2024-03-01,,,
대전광역시,서구,구슬어린이집,국공립,정상,35297,"대전광역시 서구 가장로 106 110동 104호 (가장동, 삼성래미안아파트)",042-528-5252,042-528-5252,4,75,0,5,10,20,20,36.33295159590572,127.3850991705847,미운영,,2024-03-01,,,
대전광역시,유성구,힐스테이트어린이집,국공립,정상,34192,대전광역시 유성구 도안동로 422 관리동 어린이집,042-822-3041,--,4,220,1,12,15,55,42,36.34227692515475,127.34902620682153,미운영,,2024-03-01,,,
대전광역시,유성구,신영어린이집,국공립,정상,34209,"대전광역시 유성구 학하남로 10 211동 104호(계산동, 오투그란데 미학)",010-8568-3362,--,4,85,0,5,9,20,17,36.34366098483859,127.30246405277606,미운영,,2024-03-01,,,
대전광역시,대덕구,아이뜰어린이집,국공립,정상,34304,"대전광역시 대덕구 대덕대로 1555 109동 101호(석봉동, 금강엑슬루타워)",042-936-7946,--,4,63,0,5,13,20,20,36.45050715008894,127.42165874512447,미운영,,2024-03-01,,,
대전광역시,동구,고운하이플러스어린이집,국공립,정상,34527,대전광역시 동구 동서대로1754번길 60 고운하이플러스아파트 관리동,042-621-5001,042-621-5001,5,98,0,23,14,35,32,36.35002151427579,127.44555801376893,미운영,,2024-02-12,,,
대전광역시,동구,해담어린이집,국공립,정상,34681,대전광역시 동구 은어송로 117 관리동 1 층,042-286-9787,--,4,64,0,5,8,22,12,36.31154689519725,127.4607272797831,운영,,2024-02-01,,,
대전광역시,동구,펜타뷰라온어린이집,국공립,정상,34658,대전광역시 동구 계족로140번길 33 대동펜타뷰아파트 관리동,042-271-3222,--,5,104,0,5,16,34,30,36.32680621447942,127.44583787589502,미운영,,2024-02-01,,,
대전광역시,유성구,호반써밋어린이집,국공립,정상,34040,대전광역시 유성구 용성로 20 호반써밋 어린이집,042-934-1004,042-934-6594,5,157,0,16,14,58,56,36.41600998532412,127.39005231376687,미운영,,2023-07-10,,,
대전광역시,유성구,호반하랑뜰어린이집,국공립,정상,34040,대전광역시 유성구 용산1로 83 관리동 어린이집,042-823-8799,--,4,119,0,10,15,43,41,36.414821480299736,127.39521976007816,미운영,,2023-07-10,,,
대전광역시,유성구,리틀써밋어린이집,가정,정상,34040,"대전광역시 유성구 용성로 20 109동 102호(용산동, 호반써밋그랜드파크아파트)",042-369-3511,042-369-3511,4,65,0,5,8,20,20,36.41589163342086,127.39041966204896,미운영,,2023-06-27,,,
대전광역시,서구,푸른나래어린이집,협동,정상,35210,"대전광역시 서구 월평동로 83 110동 101호 (월평동, 다모아아파트)",042-710-7277,070-7543-1553,3,51,1,0,7,19,18,36.36092041214348,127.3632484637127,운영,,2023-06-13,,,
대전광역시,동구,키즈야드어린이집,국공립,정상,34594,대전광역시 동구 가양로56번길 13 ,042-635-9090,--,7,249,1,9,12,67,28,36.34175455457292,127.44278183880951,운영,,2023-05-01,,,
대전광역시,중구,더샵리슈빌어린이집,국공립,정상,34847,대전광역시 중구 선화서로 115 ,042-242-1007,042-242-1006,5,151,4,16,17,55,52,36.3331013722621,127.41311169040667,미운영,,2023-03-02,,,
대전광역시,중구,자이킨더어린이집,국공립,정상,34933,대전광역시 중구 충무로107번길 100 센트럴자이1단지,042-223-7708,042-223-7708,7,174,0,8,12,40,40,37.566470,126.977963,미운영,,2023-03-02,,,
대전광역시,서구,캥거루어린이집,국공립,정상,35297,"대전광역시 서구 가장로 107 209동 105호 (가장동, 삼성래미안아파트)",042-535-5759,042-522-5707,4,75,0,5,9,20,19,36.334290607092775,127.38765080783281,미운영,https://cafe.naver.com/ikangaroo,2023-03-01,,,
대전광역시,서구,휴리움어린이집,국공립,정상,35276,"대전광역시 서구 신갈마로 186 관리동 (갈마동, 갤러리휴리움아파트)",042-522-3350,--,4,77,0,8,10,28,25,36.350571564965215,127.36875943537846,미운영,,2023-03-01,,,
대전광역시,서구,은뜰어린이집,국공립,정상,35211,"대전광역시 서구 월평북로 13 관리동 2층 (월평동, 은뜰마을)",042-484-8888,--,5,172,0,13,17,45,43,36.36310211681881,127.37030602715636,운영,,2023-03-01,,,
대전광역시,유성구,예다음어린이집,국공립,정상,34088,대전광역시 유성구 지족로 92 관리동 어린이집,042-825-0061,--,5,85,0,8,12,30,29,36.374414191986126,127.30577577058395,미운영,,2023-03-01,,,
대전광역시,대덕구,꿈사랑어린이집,국공립,정상,34401,"대전광역시 대덕구 동춘당로114번길 60 304동 102호(송촌동, 선비마을3단지아파트)",042-626-4151,--,4,84,0,4,11,20,20,36.36753973035029,127.4408497697191,운영,,2023-03-01,,,
대전광역시,유성구,둔곡어린이집,가정,정상,34002,"대전광역시 유성구 과학성장로 33 205동 101호(둔곡동, 서한이다음2단지아파트)",042-931-8433,042-935-4833,4,70,0,5,10,20,20,36.452953786238425,127.36194811343913,미운영,,2023-02-16,,,
대전광역시,유성구,가온어린이집,국공립,정상,34002,"대전광역시 유성구 과학성장로 77 관리동, 어린이집",042-931-7942,042-932-7943,5,218,0,15,15,48,39,36.45478962001264,127.3620403081392,미운영,,2023-02-09,,,
대전광역시,유성구,꿈누리어린이집,국공립,정상,34002,대전광역시 유성구 과학성장로 33 관리동 어린이집,042-934-5677,--,5,161,0,12,14,41,37,36.453212206323705,127.36216683759297,미운영,,2023-02-09,,,
대전광역시,유성구,둔곡우미린어린이집,국공립,정상,34002,대전광역시 유성구 과학성장로 80 관리동 어린이집,042-936-7788,--,4,175,0,20,16,48,43,36.454418041689955,127.36568633851896,미운영,,2023-02-09,,,
대전광역시,동구,e편한세상어린이집,국공립,정상,34703,대전광역시 동구 산내로 1330 e편한세상아파트 관리 동,042-285-0222,042-285-0222,4,96,0,7,12,35,32,36.28278758398539,127.46951840398796,운영,,2023-01-02,,,
대전광역시,유성구,다람어린이집,국공립,정상,34213,대전광역시 유성구 학하남로90번길 76 관리동 어린이집,042-822-2023,042-823-2024,5,167,0,10,16,44,36,36.334639123678144,127.30817088219277,미운영,,2022-12-07,,,
대전광역시,동구,하늘채어린이집,국공립,정상,34696,대전광역시 동구 동구청로 35 은어송2단지아파트 관리동 1층 (대성동),042-282-3366,042-272-3365,6,241,1,8,16,60,54,37.566470,126.977963,운영,,2022-12-01,,,
대전광역시,서구,포레나어린이집,국공립,정상,35402,"대전광역시 서구 도산로 8 (도마동, 도마e편한세상 포레나 관리동)",042-581-6868,042-581-5858,5,292,1,25,18,71,60,36.312979842584156,127.38420476858877,미운영,,2022-09-30,,,
대전광역시,유성구,대광로제비앙어린이집,국공립,정상,34006,"대전광역시 유성구 와룡로 206 (봉산동, 대광로제비앙아파트)",042-933-3158,--,6,262,2,24,18,48,41,36.442319161990575,127.38317956635933,미운영,,2022-07-06,,,
대전광역시,동구,이솝어린이집,국공립,정상,34701,대전광역시 동구 산내로 1375 104동 1층(낭월동),042-272-5279,--,3,159,1,11,10,30,24,36.2853718,127.4647376,미운영,,2022-07-01,,,
대전광역시,중구,푸르지오다빛어린이집,국공립,정상,34802,대전광역시 중구 대전천서로 709 중촌역푸르지오센터파크 관리동,042-253-3577,--,4,168,1,16,15,46,44,36.34567955744422,127.40851616867175,미운영,,2022-07-01,,,
대전광역시,유성구,로제비앙어린이집,가정,정상,34006,"대전광역시 유성구 와룡로 206 103동 102호(봉산동,로제비앙아파트)",042-361-7342,0504-092-7342,3,84,0,4,7,20,15,36.44228445848545,127.3841636900446,미운영,,2022-06-14,,,
대전광역시,동구,SK뷰어린이집,국공립,정상,34642,대전광역시 동구 충무로 255 신흥SK뷰아파트 내,042-283-5500,--,6,358,1,22,21,60,55,36.32519690834236,127.44208537120018,미운영,,2022-05-19,,,
대전광역시,중구,드림키즈어린이집,협동,정상,34964,대전광역시 중구 계룡로 938 ,042-252-7947,042-254-7947,6,329,1,23,14,99,71,36.319113549159056,127.41615591183581,운영,https://www.instagram.com/dreamkids_daejeon,2022-03-29,,,
대전광역시,중구,보라어린이집,국공립,정상,34895,대전광역시 중구 평촌로 111 태평아파트 관리사무소 1층,042-537-7010,--,4,174,1,5,12,34,28,36.32367391172154,127.39953102944483,운영,,2022-03-02,,,
대전광역시,동구,효촌마을어린이집,국공립,정상,34583,대전광역시 동구 계족로368번길 11 효촌마을아파트 관리동 1층,042-627-6060,042-349-6060,5,92,1,15,14,33,26,36.34582879818436,127.43454761593986,운영,,2022-03-01,,,
대전광역시,서구,트리풀시티한빛어린이집,국공립,정상,35353,대전광역시 서구 도안동로 234 트리풀시티 레이크포레,042-541-7145,042-541-7147,6,172,2,23,18,61,54,36.3259999,127.3509287,미운영,,2022-03-01,,,
대전광역시,서구,호수어린이집,국공립,정상,35353,대전광역시 서구 도안동로 182-20 대전호수초등학교,042-546-3088,--,5,133,1,12,14,48,43,36.3259999,127.3509287,미운영,,2022-03-01,,,
대전광역시,서구,베르디움어린이집,국공립,정상,35356,대전광역시 서구 원도안로 100 ,042-542-4864,042-542-4864,6,142,1,7,11,50,31,36.31348193392189,127.34827424191519,미운영,,2022-03-01,,,
대전광역시,서구,꼬마정원어린이집,국공립,정상,35381,대전광역시 서구 관저로 184 관리동,042-361-3379,042-365-3380,4,75,0,5,13,27,24,36.29781112202103,127.34333949489037,운영,,2022-03-01,,,
대전광역시,서구,델타샌드어린이집,국공립,정상,35314,대전광역시 서구 갈마로 262 관리동 1층,042-527-0105,050-4483-5992,4,188,6,8,16,44,42,36.3332792,127.3816934,운영,,2022-03-01,,,
대전광역시,서구,꿈동산어린이집,국공립,정상,35376,대전광역시 서구 관저서로 20 관리동 1층,042-541-0017,042-541-0017,4,158,1,8,16,35,34,36.2946149,127.3318144,미운영,,2022-03-01,,,
대전광역시,서구,샘머리아이자람어린이집,국공립,정상,35205,대전광역시 서구 청사로 281 215동 101호,042-485-1248,--,4,66,0,5,11,20,20,36.361795711628844,127.39484004870807,미운영,,2022-03-01,,,
대전광역시,서구,도담이든어린이집,국공립,정상,35351,대전광역시 서구 도안북로 136 ,042-823-2235,--,4,110,0,13,14,40,40,36.32876500050729,127.34275828724976,미운영,,2022-03-01,,,
대전광역시,유성구,아이파크시티어린이집,국공립,정상,34201,"대전광역시 유성구 상대복용로29번길 52 관리동(상대동, 대전아이파크시티1단지아파트)",042-825-0700,--,5,165,1,20,19,58,50,36.33711127606892,127.33068036149073,미운영,,2022-03-01,,,
대전광역시,유성구,아이파크샤인어린이집,국공립,정상,34201,"대전광역시 유성구 상대복용로29번길 51 관리동(상대동, 대전아이파크시티2단지아파트)",042-822-3612,042-822-3612,5,165,1,25,19,58,50,36.362216,127.3561329,미운영,,2022-03-01,,,
대전광역시,대덕구,하나몬테소리어린이집,국공립,정상,34401,"대전광역시 대덕구 동춘당로114번길 60 308동 106호(송촌동, 선비마을3단지아파트)",042-637-6380,--,4,91,1,5,13,20,20,36.3677538,127.4410206,운영,,2022-03-01,,,
대전광역시,유성구,대전유성경찰서어린이집,직장,정상,34097,대전광역시 유성구 북유성대로 112 (죽동),042-826-1825,042-826-1820,5,179,1,32,14,60,20,36.37833860240324,127.32546371860591,미운영,https://hansol-dypolice.kidsnote.ac,2022-02-25,,,
대전광역시,동구,대전동부경찰서어린이집,직장,정상,34639,대전광역시 동구 충무로 222 (인동),042-273-0112,042-283-0112,6,301,1,35,18,80,49,36.3223247,127.4408242,미운영,https://hansol-dongbupolice.kidsnote.ac/home/main,2022-02-24,,,
대전광역시,서구,대전광역시교육청 직장어린이집,직장,정상,35239,대전광역시 서구 둔산로 89 ,042-471-6009,--,4,137,0,13,11,42,26,36.352413,127.3838718,미운영,,2022-02-18,,,
대전광역시,유성구,꿈에그린아이숲어린이집,국공립,정상,34070,"대전광역시 유성구 지족북로 33 107동 104호(지족동, 한화꿈에그린1단지)",042-826-5901,--,3,84,1,4,11,20,20,36.388008994220414,127.30243651031196,미운영,,2022-02-14,,,
대전광역시,유성구,드림월드어린이집,국공립,정상,34166,"대전광역시 유성구 문화원로 13 (장대동, 드림월드아파트)",042-331-2909,--,4,126,1,8,11,25,22,36.36276400108455,127.33846300717609,미운영,,2022-02-14,,,
대전광역시,대덕구,동일스위트키즈어린이집,국공립,정상,34307,"대전광역시 대덕구 대청로 43 (신탄진동, 동일스위트리버스카이1단지 관리동)",042-934-7002,042-934-7003,5,212,1,16,18,67,44,36.45365337883162,127.43141416553604,미운영,,2022-02-03,,,
대전광역시,중구,예가윤슬어린이집,민간,폐지,34896,대전광역시 중구 평촌로 93 쌍용예가아파트 관리동,042-524-0079,042-524-0079,4,103,0,5,0,31,0,36.3237118222804,127.39660370241266,미운영,,2021-12-01,,,2026-03-01
대전광역시,유성구,사랑뜰어린이집,국공립,정상,34207,"대전광역시 유성구 학하로 33 (계산동, 학하리슈빌아파트)",042-826-0506,042-826-2201,5,128,2,12,17,48,46,36.338474118491746,127.30269461747872,미운영,,2021-11-16,,,
대전광역시,서구,대전광역시다빛하나어린이집,국공립,정상,35276,대전광역시 서구 신갈마로195번길 51 ,042-522-7942,--,7,143,1,15,25,45,43,36.35060556944324,127.36502199448105,미운영,,2021-09-01,,,
대전광역시,동구,아이원어린이집,국공립,정상,34695,대전광역시 동구 동구청로 67 풍림아이원아파트 관리동(가오동),042-383-5665,--,6,118,0,10,14,36,33,36.3047234,127.4572954,운영,,2021-08-01,,,
대전광역시,동구,새록새록어린이집,국공립,정상,34660,대전광역시 동구 용운로 80 용방마을아파트 관리동(용운동),042-345-4646,042-284-1999,6,237,1,8,17,75,50,36.327514984376584,127.4538606030864,운영,,2021-08-01,,,
대전광역시,대덕구,대전지방국세청 우리누리어린이집,직장,정상,34383,대전광역시 대덕구 계족로 677 대전지방국세청 내,042-622-6770,042-622-6770,3,62,0,10,6,18,4,36.37191215839849,127.42797595251325,미운영,,2021-07-02,,,
대전광역시,서구,다우숲어린이집,민간,정상,35258,"대전광역시 서구 계룡로615번길 82 109동 1층(탄방동, e편한세상 둔산)",042-584-7942,042-584-7942,5,98,2,8,12,36,31,36.3418768,127.3932537,미운영,,2021-06-15,,,
대전광역시,동구,에코포레라온어린이집,국공립,정상,34523,"대전광역시 동구 용운로 203 (용운동, e편한세상대전에코포레아파트)",042-273-1777,042-273-1772,5,165,1,16,13,58,49,36.3276039,127.4530028,미운영,,2021-05-01,,,
대전광역시,서구,둔산하나금융공동직장어린이집,직장,정상,35229,대전광역시 서구 둔산북로 30 ,042-631-2013,--,4,177,1,23,9,49,9,36.3555711,127.3778125,미운영,,2021-03-19,,,
대전광역시,서구,햇빛촌어린이집,국공립,정상,35205,대전광역시 서구 문예로 174 관리동 1층,042-472-1465,0508-910-1465,4,144,1,8,17,54,39,36.363900469028174,127.39194533320541,운영,,2021-03-03,,,
대전광역시,중구,주공어린이집,국공립,정상,35009,대전광역시 중구 산성로 108-20 주공아파트2단지 관리동,042-585-3706,--,4,147,0,7,6,33,13,36.3094425,127.3996359,운영,,2021-03-02,,,
대전광역시,중구,한사랑어린이집,국공립,정상,34849,대전광역시 중구 동서대로 1388 금호한사랑아파트 관리동,042-223-7939,042-222-7939,3,72,0,4,10,26,24,36.33182400687836,127.41113635815944,미운영,,2021-03-02,,,
대전광역시,유성구,칸타빌어린이집,민간,정상,34127,대전광역시 유성구 죽동로 39 죽동칸타빌아파트 관리동,042-824-4646,042-824-4646,6,279,1,12,16,87,45,36.37009766696961,127.33393024549558,미운영,,2021-03-02,,,
대전광역시,서구,다온숲어린이집,국공립,정상,35383,대전광역시 서구 구봉산북로 165 관리동 1층,042-543-0179,--,8,207,1,16,21,75,63,36.292299759292774,127.33881797477332,미운영,,2021-03-01,,,
대전광역시,서구,피노키오어린이집,국공립,정상,35235,대전광역시 서구 둔산남로 30 108-102,042-489-6555,--,4,61,1,5,10,20,20,36.34772644248406,127.3794459680266,미운영,,2021-03-01,,,
대전광역시,서구,또래또래어린이집,국공립,정상,35329,대전광역시 서구 도마로19번길 52 ,042-584-9001,--,5,156,1,7,15,46,33,36.324718702848614,127.37250202846053,운영,,2021-03-01,,,
대전광역시,유성구,사랑애어린이집,국공립,정상,34073,"대전광역시 유성구 지족로190번길 39 관리동(지족동, 노은에코힐아파트)",042-825-2181,--,5,209,3,7,15,42,33,36.382078847189355,127.30570547074426,미운영,,2021-02-26,,,
대전광역시,유성구,상록어린이집,국공립,정상,34090,"대전광역시 유성구 노은동로 111 관리동(노은동, 열매마을10단지아파트)",042-826-6070,--,4,136,3,5,14,37,34,36.37016425521337,127.32072723901122,미운영,,2021-02-26,,,
대전광역시,유성구,ibs꿈돌이어린이집,직장,정상,34126,대전광역시 유성구 엑스포로 55 기초과학연구원 어린이집,042-867-0700,042-867-0701,4,188,2,25,16,49,33,36.379733407766515,127.38591477376778,미운영,,2021-02-19,,,
대전광역시,유성구,유성숲다온어린이집,국공립,정상,34159,대전광역시 유성구 학하중앙로 60 ,042-822-2555,042-822-2556,4,186,3,8,13,33,33,36.3459918,127.3020135,미운영,,2021-02-09,,,
대전광역시,동구,아이편한어린이집,가정,정상,34523,대전광역시 동구 용운로 203 105동 104호,042-272-1230,0504-042-9172,4,101,0,4,8,20,20,36.328555340720065,127.4628042499712,미운영,,2021-01-20,,,
대전광역시,동구,에코포레어린이집,가정,정상,34523,"대전광역시 동구 용운로 203 111동 105호(용운동, e편한세상대전에코포레)",042-285-0789,042-285-0890,4,101,0,7,11,20,20,36.32869908972685,127.46465944900939,미운영,,2021-01-13,,,
대전광역시,대덕구,법동e편한바론어린이집,국공립,정상,34386,대전광역시 대덕구 중리북로 46 관리동,042-488-9637,--,5,208,2,15,18,58,47,36.36722310743735,127.42628443189922,미운영,,2021-01-01,,,
대전광역시,대덕구,서희누리어린이집,국공립,정상,34305,대전광역시 대덕구 대덕대로1585번길 44 관리동,042-931-2021,--,4,190,1,8,16,54,52,36.454296585904444,127.42544970747393,미운영,,2021-01-01,,,
대전광역시,대덕구,양지어린이집,국공립,정상,34379,대전광역시 대덕구 대전로1185번길 30 ,042-632-0525,--,4,90,1,6,9,34,16,36.36029867741913,127.41445312204229,운영,,2021-01-01,,,
대전광역시,동구,숲향기어린이집,국공립,정상,34660,대전광역시 동구 용운로 124-14 (용운동),042-272-3762,--,8,240,1,17,19,85,63,36.32729624223278,127.45569137681076,운영,,2020-12-30,,,
대전광역시,동구,위드힐어린이집,국공립,정상,34687,"대전광역시 동구 대전로542번길 121 312동(천동, 위드힐아파트 관리동)",042-283-0005,--,7,150,1,15,16,53,45,36.3158912334719,127.44327302755901,미운영,,2020-12-01,,,
대전광역시,동구,아침마을어린이집,국공립,정상,34593,"대전광역시 동구 우암로 192 (가양동, 아침마을아파트 관리동)",042-623-5770,--,6,102,0,16,14,34,27,36.34077551524907,127.43946245604853,운영,,2020-12-01,,,
대전광역시,동구,둥근마음어린이집,국공립,정상,34509,"대전광역시 동구 충정로 136 (가양동, 대주파크빌아파트 관리동)",042-383-5004,--,4,75,0,8,9,27,19,36.34361873830721,127.44915296847775,운영,,2020-12-01,,,
대전광역시,서구,센트럴자이하랑어린이집,국공립,정상,35403,대전광역시 서구 복수서로 15 복수센트럴자이아파트 관리동,042-583-1233,042-584-1233,5,164,3,20,11,60,44,36.30711851167523,127.37254634342884,미운영,,2020-12-01,,,
대전광역시,유성구,반석더샵어린이집,국공립,정상,34066,대전광역시 유성구 반석로 80 관리동,042-825-2331,042-825-2331,6,155,1,16,16,48,44,36.391105572316825,127.30512219654095,미운영,,2020-12-01,,,
대전광역시,대덕구,청담어린이집,가정,정상,34386,"대전광역시 대덕구 중리북로 46 111동 101호(법동, e편한세상 대전법동)",042-300-0107,--,4,62,0,4,8,20,18,36.36749065625847,127.42580675209659,미운영,,2020-11-03,,,
대전광역시,서구,휴리움어린이집,민간,폐지,35276,"대전광역시 서구 신갈마로 186 (갈마동, 갤러리휴리움아파트 관리동)",042-522-3350,--,4,73,2,4,0,25,0,36.3502837086108,127.36859097269796,미운영,,2020-07-14,,,2023-03-01
대전광역시,서구,더샵해나어린이집,국공립,정상,35377,대전광역시 서구 구봉산북로 52 관저더샵2차아파트,042-543-4677,042-544-4677,6,160,2,15,16,54,47,36.293180873766445,127.32659859235339,미운영,,2020-07-01,,,
대전광역시,유성구,아람어린이집,가정,폐지,34066,대전광역시 유성구 반석로 80 106동 102호,042-362-4456,0504-158-4456,3,60,1,4,0,20,0,36.392453378557576,127.30490453620307,미운영,https://www.instagram.com/20aram0603/?igsh=YnI3N2k4eTk2Y21o,2020-06-02,,,2026-03-17
대전광역시,중구,애플키즈어린이집,국공립,정상,34811,대전광역시 중구 동서대로1403번길 96 (목동),042-223-5659,042-226-5659,8,262,2,11,16,80,68,36.33709075711549,127.40869129917101,운영,,2020-06-01,,,
대전광역시,중구,지니키즈어린이집,국공립,정상,34969,대전광역시 중구 계백로1618번길 65 (유천동),042-583-0009,042-585-0603,5,150,1,7,15,49,29,36.3160638,127.4008558,운영,,2020-06-01,,,
대전광역시,대덕구,잼버리어린이집,국공립,정상,34309,대전광역시 대덕구 신탄진동로35번길 56 (신탄진동),042-932-9862,--,8,494,2,16,18,98,76,36.4505416,127.4328281,운영,,2020-05-01,,,
대전광역시,동구,햇빛어린이집,국공립,정상,34579,대전광역시 동구 계족로382번길 55 (성남동),042-622-0029,--,5,176,1,9,13,49,30,36.34644297643017,127.43602426321261,운영,https://blog.naver.com/hanyj2008,2020-04-01,,,
대전광역시,동구,재능나라어린이집,국공립,정상,34560,대전광역시 동구 옛신탄진로75번길 61 (홍도동),042-627-5405,042-624-5406,6,247,1,12,20,87,63,36.34686185515623,127.41906898735452,운영,,2020-03-09,,,
대전광역시,동구,다하우미린어린이집,국공립,정상,34681,"대전광역시 동구 은어송로 100 복지관1층(가오동,은어송마을5단지)",042-285-5252,042-286-5256,4,88,0,9,17,32,29,36.30774052372552,127.45926856784294,운영,,2020-03-01,,,
대전광역시,대덕구,해바라기어린이집,국공립,정상,34317,대전광역시 대덕구 석봉북로15번길 19 ,042-932-0232,042-934-0231,7,252,2,13,17,94,59,36.448604292465674,127.42396576621871,운영,,2020-03-01,,,
대전광역시,유성구,유성숲어린이집,가정,폐지,34159,대전광역시 유성구 학하중앙로 60 오투그란데 유성숲 507동 103호,042-822-9237,042-822-9237,3,56,1,4,0,20,0,36.34618909978419,127.3005550020865,미운영,,2020-02-25,,,2022-11-28
대전광역시,유성구,금강유역환경청어린이집,직장,정상,34142,대전광역시 유성구 대학로 417 (구성동) 금강유역환경청어린이집,042-864-1990,042-861-9206,5,170,1,22,11,49,39,36.3728553,127.3743851,미운영,,2020-02-21,,,
대전광역시,유성구,국립한밭대학교어린이집,직장,정상,34153,대전광역시 유성구 동서대로 128 (덕명동)한밭대학교어린이집,042-826-8800,042-826-8824,4,185,1,21,9,49,26,36.35148211425838,127.29751448308882,미운영,,2020-02-20,,,
대전광역시,유성구,리빙포레어린이집,국공립,정상,34209,대전광역시 유성구 학하중앙로 99 오투그란데리빙포레아파트 관리동어린이집,042-825-2207,042-825-2206,4,95,2,8,13,33,29,36.34357279048403,127.30436855101432,미운영,,2020-01-10,,,
대전광역시,유성구,봉산행복어린이집,국공립,정상,34006,대전광역시 유성구 와룡로136번길 97 행복주택 내 관리동어린이집,042-935-0420,042-935-0421,6,124,2,14,15,45,37,36.43937367502126,127.38626842364674,미운영,,2020-01-10,,,
대전광역시,대덕구,하브루타kids어린이집,국공립,정상,34332,"대전광역시 대덕구 덕암로 200 101동 보육시설(평촌동,행복한마을아파트)",042-931-1333,042-931-1335,7,172,1,8,11,40,26,36.43753498799671,127.42355981265143,운영,,2020-01-02,,,
대전광역시,서구,마루미어린이집,국공립,정상,35404,대전광역시 서구 복수중로 30 관리동,042-583-8603,--,4,78,2,4,12,28,24,36.30667924863648,127.37612387891657,미운영,,2020-01-01,,,
대전광역시,동구,예랑어린이집,민간,정상,34686,대전광역시 동구 대전로542번길 78 천동휴먼시아아파트1단지 관리동(천동),042-284-4777,042-284-4778,3,70,0,4,9,25,20,36.31443368571453,127.44657332483666,운영,,2019-12-19,,,
대전광역시,중구,캔키즈어린이집,국공립,정상,34814,대전광역시 중구 목중로20번길 12 (중촌동),042-256-7445,042-223-7445,9,333,2,12,23,113,108,36.33616835529505,127.41093920540254,운영,,2019-12-10,,,
대전광역시,중구,예뜰어린이집,국공립,정상,34867,대전광역시 중구 중앙로 45 센트럴뷰아파트 관리동,042-226-9457,--,4,184,0,8,13,33,33,36.3236499856649,127.4164417387048,미운영,,2019-12-10,,,
대전광역시,중구,유천딩동댕어린이집,국공립,정상,34900,대전광역시 중구 유천로86번길 22-2 (유천동),042-533-0992,--,4,132,0,11,17,45,45,36.3202862,127.3981807,운영,,2019-12-10,,,
대전광역시,중구,예쁜어린이집,국공립,정상,34969,대전광역시 중구 계백로1646번길 97 (유천동),042-535-5630,042-535-5630,6,163,1,8,16,49,37,36.3151585,127.4023851,운영,,2019-12-10,,,
대전광역시,동구,담쟁이어린이집,국공립,폐지,34580,대전광역시 동구 성남로 16-1 (성남동),042-633-0456,042-633-1251,8,475,1,12,0,107,0,36.3437411,127.432045,운영,,2019-12-02,,,2024-09-30
대전광역시,유성구,도룡키즈웰어린이집,민간,정상,34130,"대전광역시 유성구 가정로 306-6 (도룡동,SK뷰아파트관리동)",042-867-2492,070-7500-2492,5,110,1,8,10,39,24,36.38522469453377,127.37501949165136,미운영,https://blog.naver.com/kidswell2492,2019-10-10,,,
대전광역시,동구,오렌지어린이집,국공립,정상,34664,"대전광역시 동구 동부로 73 (판암동, 판암주공 5단지 관리동)",042-282-8832,042-282-8832,5,82,0,8,6,29,10,36.32275457275587,127.45915619219481,운영,,2019-10-01,,,
대전광역시,서구,관저더샵제이어린이집,국공립,정상,35375,대전광역시 서구 관저서로 19 관저더샵1차아파트 관리동,042-542-2587,042-543-2587,6,234,0,22,16,62,37,36.29360629408751,127.32920532265277,미운영,,2019-09-27,,,
대전광역시,유성구,KIMM키미키즈어린이집,직장,정상,34103,대전광역시 유성구 가정북로 156 (장동),042-867-9118,042-863-9896,5,227,1,16,18,75,45,36.39463543556384,127.36028978122597,미운영,http://www.puruni.com/kimmykids,2019-08-26,,,
대전광역시,중구,리틀킹어린이집,국공립,정상,35064,대전광역시 중구 봉소루로36번길 27 (석교동),042-284-5552,042-284-5553,7,247,1,12,15,55,41,36.30751251965355,127.44083730775368,운영,,2019-06-01,,,
대전광역시,중구,제일어린이집,국공립,정상,34902,대전광역시 중구 오류로74번길 8 (오류동),042-532-0065,042-532-3222,6,161,1,11,15,56,47,36.32680176164027,127.4039962234051,운영,,2019-06-01,,,
대전광역시,유성구,영리더어린이집,국공립,정상,34227,대전광역시 유성구 원내로39번길 48 (원내동),042-543-4007,--,7,492,1,15,12,94,44,36.30200150006901,127.3206678140122,운영,,2019-03-29,,,
대전광역시,동구,리틀엔젤어린이집,민간,폐지,34675,"대전광역시 동구 새울로 19 (판암동, 삼정그린코아포레스트 2단지 관리동)",042-383-9499,--,4,92,0,4,0,25,0,36.32056502717914,127.46141510811968,미운영,,2019-03-28,,,2024-11-01
대전광역시,동구,그린숲어린이집,민간,폐지,34675,"대전광역시 동구 동부로10번길 55 (판암동, 삼정그린코아포레스트 1단지 관리동)",042-284-5500,042-284-5501,9,214,1,12,0,58,0,36.319512500126784,127.4574166748938,미운영,,2019-03-07,,,2025-07-01
대전광역시,중구,위키어린이집,국공립,정상,34891,대전광역시 중구 태평로26번길 72 (유천동),042-538-0778,042-536-0776,7,237,2,16,24,80,77,36.31994501835766,127.39622687305939,운영,,2019-03-01,,,
대전광역시,대덕구,샬롬어린이집,국공립,정상,34405,대전광역시 대덕구 동춘당로 22 (송촌동),042-628-3093,--,6,250,1,15,17,88,53,36.361316215534444,127.44625886957018,운영,,2019-03-01,,,
대전광역시,대덕구,행복색채어린이집,국공립,정상,34417,대전광역시 대덕구 비래서로25번길 53 (비래동),042-633-4956,--,5,197,2,9,15,69,42,36.3569333,127.4485421,운영,,2019-03-01,,,
대전광역시,대덕구,좋은생각어린이집,국공립,정상,34346,대전광역시 대덕구 신탄진로218번길 73 (와동),042-627-8980,042-636-7626,5,212,1,13,14,72,41,36.402458987545884,127.42369544334913,운영,,2019-03-01,,,
대전광역시,유성구,꿈보어린이집,국공립,정상,34117,대전광역시 유성구 신성로58번길 38-16 (신성동),042-863-7660,042-863-7661,7,140,1,8,12,53,25,36.38684711286323,127.34812189778992,미운영,,2019-02-27,,,
대전광역시,유성구,한수원꿈나래어린이집,직장,정상,34101,대전광역시 유성구 유성대로1312번길 69 ,042-864-0718,010-864-0719,10,493,3,44,28,100,67,36.40194305030953,127.36722952276591,미운영,www.puruni.com/khnpcri,2019-02-26,,,
대전광역시,서구,대전검찰어린이집,직장,정상,35237,대전광역시 서구 둔산중로78번길 15 ,042-470-3580,042-472-0074,4,251,1,16,12,50,34,36.35537893257145,127.38739883264958,미운영,,2019-02-18,,,
대전광역시,유성구,트리풀포레어린이집,국공립,정상,34074,"대전광역시 유성구 지족로190번길 36 관리동(지족동,트리풀시티포레아파트)",042-825-2299,042-823-2299,4,165,1,13,12,62,30,36.3808140804103,127.30516557396153,미운영,,2019-02-18,,,
대전광역시,동구,이솔어린이집,국공립,정상,34637,"대전광역시 동구 동대전로46번길 30 (신흥동, 이스트시티1단지 관리동)",042-274-2523,042-274-2524,4,139,1,11,18,51,45,36.30943124647585,127.45547048664014,미운영,,2019-02-13,,,
대전광역시,동구,아이살림어린이집,국공립,정상,34638,"대전광역시 동구 동대전로46번길 120 (신흥동, 이스트시티2단지 관리동)",042-284-1240,042-285-1242,4,117,0,9,20,44,35,36.323583998050395,127.43989489652996,미운영,,2019-02-13,,,
대전광역시,동구,아랑어린이집,가정,정상,34637,"대전광역시 동구 동대전로46번길 30 102동 101호(대동,LH이스트시티1단지)",042-272-7773,042-272-7773,4,118,0,4,10,20,20,36.32722844444082,127.44011584733069,미운영,,2019-01-14,,,
대전광역시,서구,예미지키즈어린이집,민간,정상,35376,대전광역시 서구 관저중로 33 관저예미지 명가의풍경아파트 관리동,042-545-5675,--,8,275,1,15,16,88,38,36.2950705836,127.3341275878,미운영,,2018-12-20,,,
대전광역시,동구,e편한세상어린이집,민간,폐지,34703,대전광역시 동구 산내로 1330 110동 1층,042-285-0222,042-285-0222,5,108,0,7,0,40,0,37.56885006788512,126.97206381128141,미운영,,2018-10-10,,,2023-01-02
대전광역시,동구,삼정키즈어린이집,가정,폐지,34675,"대전광역시 동구 동부로10번길 55 115동 104호(판암동, 삼정그린코아포레스트아파트)",042-282-7555,--,4,53,0,4,0,19,0,36.31496688952365,127.47112548090129,미운영,www.sy690621@hanmail.net,2018-10-01,,,2025-04-30
대전광역시,대덕구,키즈트리어린이집,가정,폐지,34398,"대전광역시 대덕구 동춘당로 178 110동 106호(법동, 보람아파트)",042-345-7183,042-345-7183,4,85,0,4,0,20,0,36.369034,127.430244,운영,,2018-09-20,,,2019-03-07
대전광역시,유성구,ETRI아이나무어린이집,직장,정상,34130,대전광역시 유성구 가정로 270 ,042-864-5678,042-864-0025,9,502,1,40,39,150,119,36.38524254267673,127.37363755673154,미운영,https://www.puruni.com/_main/main.asp?center_flag=etri,2018-08-27,,,
대전광역시,유성구,리빙포레숲어린이집,가정,정상,34209,대전광역시 유성구 학하중앙로 99 오투그란데 리빙포레 아파트 302동 102호,042-825-2624,042-825-2620,4,61,0,4,8,20,17,36.34277115608475,127.30464809119225,미운영,,2018-08-21,,,
대전광역시,유성구,명지어린이집,협동,폐지,34120,대전광역시 유성구 가정로 83-1 ,042-867-3164,--,5,82,0,0,0,31,0,36.38561271230484,127.35266092754162,운영,,2018-07-25,,,2023-06-14
대전광역시,대덕구,햇살나무어린이집,민간,정상,34304,대전광역시 대덕구 대덕대로 1587 금강로하스엘크루아파트 내,042-671-1689,042-671-1789,5,130,0,8,5,31,5,36.4534311424,127.4219891444,미운영,,2018-07-25,,,
대전광역시,서구,헬로아트어린이집,가정,폐지,35372,"대전광역시 서구 관저로 83 (관저동, 신선마을아파트)",042-544-0579,042-544-0579,4,92,0,4,0,20,0,36.29938382653381,127.33212420937552,운영,,2018-02-23,,,2024-02-16
대전광역시,유성구,효성햇살어린이집,민간,정상,34050,"대전광역시 유성구 문지로 300 문지동, 효성해랭턴관리동",042-861-7007,--,5,138,0,13,19,46,42,36.394087455,127.407552123,미운영,,2018-02-23,,,
대전광역시,유성구,KNF새빛어린이집,직장,정상,34057,"대전광역시 유성구 대덕대로989번길 242 (덕진동, 한전원자력연료(주))",042-861-2291,042-861-2421,8,433,1,42,26,120,53,36.42578432286436,127.36838997352889,미운영,www.puruni.com/knfc,2018-01-24,,,
대전광역시,대덕구,대덕구청 직장어린이집,직장,정상,34445,대전광역시 대덕구 한남로155번길 49 (오정동),042-634-5566,042-634-5560,3,76,1,9,8,20,17,36.345352932338514,127.41536393953541,미운영,,2018-01-17,,,
대전광역시,대덕구,봄봄어린이집,가정,정상,34304,"대전광역시 대덕구 대덕대로 1587 104동 102호(석봉동, 금강로하스엘크루)",042-932-3100,--,4,84,0,5,9,20,20,36.343025148333595,127.44883765997547,미운영,,2018-01-08,,,
대전광역시,유성구,죽동칸타빌어린이집,민간,폐지,34127,"대전광역시 유성구 죽동로 39 (죽동, 대원칸타빌관리동)",042-824-4646,--,7,279,1,12,0,87,0,37.566470,126.977963,미운영,,2017-12-28,,,2021-03-15
대전광역시,유성구,죽동예미지어린이집,국공립,정상,34127,"대전광역시 유성구 죽동로 321 보육동 (죽동, 금성백조예미지)",042-822-2532,042-822-2537,7,184,2,20,21,69,50,36.3770612,127.3328339,미운영,,2017-11-22,,,
대전광역시,유성구,포레어린이집,가정,폐지,34074,"대전광역시 유성구 지족로190번길 36 103동 101호(지족동, 트리풀시티포레)",042-822-8433,042-822-8433,4,105,0,7,0,20,0,37.566470,126.977963,미운영,,2017-11-13,,,2022-03-08
대전광역시,유성구,예다음어린이집,민간,폐지,34088,"대전광역시 유성구 지족로 92 (지족동, 영무예다음아파트 관리동)",042-825-0061,--,6,136,0,8,0,41,0,36.3745557211951,127.30681270036459,미운영,,2017-10-27,,,2023-02-28
대전광역시,동구,석천들어린이집,민간,폐지,34705,대전광역시 동구 산내로1257번길 40 석천들마을아파트 관리동 1층(낭월동),042-285-0700,--,3,105,0,3,0,27,0,37.566470,126.977963,미운영,,2017-10-11,,,2022-08-23
대전광역시,서구,어반힐스어린이집,민간,정상,35384,"대전광역시 서구 관저남로 80 (관저동,어반힐스)",010-4757-2282,042-365-2111,6,196,1,7,14,58,36,36.362858,127.3721788,운영,https://urban3652111.qshop.ai/,2017-09-15,,,
대전광역시,유성구,한화유성어린이집,직장,정상,34101,대전광역시 유성구 유성대로1366번길 10 (장동),042-336-0990,042-336-0992,4,198,1,24,10,64,27,36.4031951409,127.3668162535,미운영,www.puruni.com/hanwhafn,2017-09-05,,,
대전광역시,유성구,이큐어린이집,가정,폐지,34050,"대전광역시 유성구 문지로 300 111동 103호(문지동, 효성해링턴플레이스)",042-864-3578,--,4,66,0,4,0,20,0,36.39330348316919,127.40938385322174,미운영,,2017-09-01,,,2018-09-28
대전광역시,유성구,Kinder BOSCH직장어린이집,직장,폐지,34031,"대전광역시 유성구 테크노중앙로 126 (용산동, 호암빌딩2층)",070-7786-1574,042-934-1574,4,164,0,10,0,49,0,36.422247334043725,127.39683938061891,미운영,www.puruni.com/boschdj,2017-08-25,,,2023-03-23
대전광역시,유성구,파랑새어린이집,가정,정상,34050,"대전광역시 유성구 문지로 300 110동 103호(문지동, 효성해링턴플레이스)",042-933-1145,--,4,66,0,4,8,20,20,36.39381738773315,127.4093140955327,미운영,,2017-07-27,,,
대전광역시,유성구,행복한씨앗어린이집,가정,폐지,34127,"대전광역시 유성구 죽동로 39 208동 101호(죽동, 대원칸타빌아파트)",042-825-9446,042-825-9447,4,69,0,4,1,20,0,36.371047521885494,127.33303587493736,미운영,,2017-07-21,,,2024-03-01
대전광역시,유성구,은방울꽃어린이집,가정,폐지,34088,"대전광역시 유성구 지족로 92 114동 102호(지족동, 영무예다음아파트)",042-864-2956,--,4,79,0,4,0,20,0,36.3749951634,127.3055351077,미운영,,2017-07-11,,,2019-04-24
대전광역시,유성구,효성아이자람어린이집,가정,폐지,34050,"대전광역시 유성구 문지로 300 109동 104호(문지동, 효성해링턴플레이스)",042-861-1486,042-861-1486,4,76,0,4,1,20,0,36.39416457923855,127.40924346302978,미운영,,2017-07-03,,,2020-03-31
대전광역시,유성구,죽동앤스나무어린이집,가정,정상,34127,"대전광역시 유성구 죽동로 39 207동 104호 (죽동, 칸타빌)",042-825-5003,--,4,69,0,4,7,20,15,36.370618148160304,127.3326997471584,미운영,,2017-07-03,,,
대전광역시,유성구,조이아트어린이집,가정,폐지,34088,"대전광역시 유성구 지족로 92 105동 101호(지족동, 영무예다음에코타운)",042-331-3375,042-331-3375,4,61,0,4,0,20,0,36.37457408783794,127.30667904654781,미운영,,2017-06-09,,,2022-03-07
대전광역시,대덕구,솜사탕어린이집,가정,정상,34307,"대전광역시 대덕구 대청로 43 112동 102호 (신탄진동, 동일스위트리버스카이)",042-322-7942,--,4,54,2,4,8,20,20,36.45312788302492,127.43219489470324,미운영,,2017-06-09,,,
대전광역시,중구,충남대학교병원 아이행복지기어린이집,직장,정상,35041,대전광역시 중구 보문산로 396 ,042-332-1100,042-332-1101,8,350,1,24,19,70,70,36.3168489141,127.4182139754,미운영,,2017-05-26,,,
대전광역시,대덕구,리틀아이존어린이집,가정,폐지,34419,"대전광역시 대덕구 비래서로10번길 21 102동 103호(비래동, 비래한신휴플러스)",042-322-9493,042-322-9493,5,90,0,4,0,20,0,36.35731848,127.4442599,운영,,2017-05-17,,,2023-10-01
대전광역시,대덕구,중리프뢰벨어린이집,가정,폐지,34394,대전광역시 대덕구 한밭대로1101번길 5 (중리동),042-621-6814,--,4,52,0,4,0,15,0,36.3591985572,127.4208381083,운영,,2017-05-02,,,2022-04-01
대전광역시,대덕구,이든어린이집,가정,폐지,34395,대전광역시 대덕구 중리동로3번길 50 (중리동),042-622-0144,042-623-0144,4,57,0,4,0,17,0,36.35951932,127.4270848,미운영,,2017-05-01,,,2021-03-02
대전광역시,동구,그린어린이집,가정,폐지,34698,대전광역시 동구 대전로340번길 15 105동 은어송코오롱하늘채2차 관리동 1층(대성동),042-282-9222,042-282-9223,4,58,0,4,0,20,0,36.29890518441627,127.46025213479815,미운영,,2017-03-06,,,2024-04-17
대전광역시,중구,아이행복어린이집,민간,정상,34831,"대전광역시 중구 대전천서로 529 (선화동,선화2참좋은A)",042-331-4243,042-331-4243,6,247,1,6,9,39,20,36.3339587687,127.4227962532,운영,,2017-03-03,,,
대전광역시,유성구,사랑나무어린이집,민간,정상,34191,"대전광역시 유성구 봉명로 94 (봉명동, 도안신도시7단지예미지백조의호수 관리동)",042-826-5990,--,5,190,1,6,19,56,49,36.3462477746321,127.34474397323313,운영,,2017-03-03,,,
대전광역시,동구,봄햇살어린이집,민간,폐지,34705,대전광역시 동구 산내로1257번길 40 석천들마을아파트 관리동 1층(낭월동),042-282-6678,--,6,81,0,6,0,27,0,37.566470,126.977963,,,2017-02-28,,,2017-06-29
대전광역시,유성구,ADD아이뜰어린이집,직장,정상,34075,대전광역시 유성구 지족동로142번길 32 (지족동),042-826-1281,--,10,467,2,33,37,154,94,36.395897944467826,127.31792638753943,미운영,www.puruni.com/add,2017-02-22,,,
대전광역시,서구,비젼어린이집,협동,정상,35306,대전광역시 서구 유등로 489 ,042-824-1258,042-528-2004,4,131,0,4,2,20,2,36.3331670449,127.3939270159,미운영,,2017-02-20,,,
대전광역시,대덕구,한국타이어앤테크놀로지 대전공장 H KIDZ 어린이집,직장,정상,34321,대전광역시 대덕구 대덕대로1514번길 11 ,042-933-1518,042-933-1517,5,233,2,13,11,64,21,36.44824515857771,127.41654898103103,미운영,,2017-02-16,,,
대전광역시,서구,해든어린이집,민간,정상,35384,대전광역시 서구 관저동로 12 ,042-544-1004,042-541-3927,3,73,1,7,9,27,15,36.2930223321521,127.34141490361632,미운영,,2017-01-18,,,
대전광역시,동구,샤론어린이집,가정,정상,34698,"대전광역시 동구 대전로340번길 15 104동 101호 (대성동, 은어송코오롱하늘채 2차)",042-272-1985,042-272-1985,4,69,0,4,10,20,19,36.29873915749312,127.46124199383823,운영,,2016-12-13,,,
대전광역시,유성구,용비어린이집,협동,폐지,34161,대전광역시 유성구 복용남로 43-12 101호 (복용동),042-826-6779,--,2,53,0,0,0,20,0,36.3421327492,127.3118674294,운영,,2016-11-01,,,2021-07-22
대전광역시,유성구,성화숲어린이집,국공립,정상,34193,"대전광역시 유성구 봉명로 16 (원신흥동, 천년나무11단지 관리동)",042-822-4000,042-822-4000,6,203,1,32,21,76,49,36.3407367425,127.3450159804,미운영,,2016-10-31,,,
대전광역시,서구,명운어린이집,협동,폐지,35269,대전광역시 서구 용문로 19 시온빌딩 1층,042-527-8348,042-527-8348,4,111,0,0,0,39,0,37.566470,126.977963,운영,,2016-09-20,,,2018-07-31
대전광역시,대덕구,늘푸른어린이집,가정,폐지,34428,"대전광역시 대덕구 계족로521번길 79 101동 104호(중리동, 영진상록아파트)",042-621-5211,042-621-5211,4,83,0,6,0,19,0,36.35805066,127.4282922,운영,다음통합검색차늘푸른놀이방(카페),2016-09-06,,,2021-03-02
대전광역시,유성구,내안애어린이집,민간,정상,34192,"대전광역시 유성구 도안동로 446 (원신흥동, 양우내안애아파트관리동)",042-524-1000,042-524-1000,6,125,0,6,12,41,32,36.34549406517558,127.34904724739867,운영,,2016-09-02,,,
대전광역시,대덕구,동화나라어린이집,가정,폐지,34402,"대전광역시 대덕구 계족산로 135 404동 101호(송촌동, 선비마을4단지아파트)",042-331-7527,042-331-7527,4,78,0,4,0,19,0,36.367798,127.44337,운영,http://cafe.daum.net/dongwhachildcare,2016-09-02,,,2019-02-01
대전광역시,대덕구,미니가정어린이집,가정,폐지,34418,"대전광역시 대덕구 비래서로61번길 71 101동 106호(비래동, 아이조움 아파트)",042-627-3524,042-627-3524,4,84,0,4,0,19,0,36.35704566,127.4525171,운영,,2016-08-31,,,2019-06-25
대전광역시,유성구,죽동캐슬어린이집,가정,폐지,34127,"대전광역시 유성구 죽동로 321 108동 102호(죽동, 금성백조예미지)",042-369-0182,--,5,73,0,5,0,20,0,36.368823430704005,127.33528953897613,미운영,,2016-08-29,,,2024-08-27
대전광역시,대덕구,가온누리어린이집,민간,폐지,34354,대전광역시 대덕구 계족로761번길 57 현대아파트 111동앞 (회덕동),042-637-2367,042-637-2368,9,381,2,15,0,108,0,36.37856829,127.4254594,운영,,2016-08-29,,,2020-12-15
대전광역시,서구,대전경찰청어린이집,직장,정상,35238,대전광역시 서구 둔산중로 77 (둔산동),042-488-0012,042-488-0021,6,245,2,25,19,80,52,36.35560838739674,127.38611317300905,미운영,https://hansol-djpolice.kidsnote.ac,2016-08-18,,,
대전광역시,서구,다온숲어린이집,민간,폐지,35383,대전광역시 서구 구봉산북로 165 다온숲아파트 3단지,042-543-0179,042-543-0180,7,232,1,11,0,85,0,36.292454255382985,127.33772324136446,미운영,,2016-08-03,,,2021-03-01
대전광역시,유성구,꿈사랑어린이집,가정,정상,34127,"대전광역시 유성구 죽동로 321 101동 103호 (죽동, 금성백조예미지)",042-824-3443,042-826-3446,5,66,0,6,5,20,16,36.3688234307,127.335289539,미운영,,2016-07-06,,,
대전광역시,유성구,나무숲어린이집,민간,정상,34127,"대전광역시 유성구 죽동로 72 (죽동, 천년나무아파트)",042-824-1411,042-825-5841,4,132,1,7,8,39,19,36.37286996209716,127.33583733774189,미운영,,2016-05-27,,,
대전광역시,유성구,킨스뜰에어린이집,직장,정상,34142,대전광역시 유성구 과학로 62 (구성동),042-868-0991,042-868-0995,6,234,1,25,19,70,51,36.37483207369685,127.3684615934302,미운영,,2016-04-25,,,
대전광역시,유성구,죽동푸르지오어린이집,국공립,정상,34127,"대전광역시 유성구 죽동로 251 (죽동, 푸르지오아파트 관리동)",042-826-8110,042-826-8110,7,225,1,14,23,82,52,36.3770612,127.3328339,미운영,www.instagram.com/jdprugio_ece,2016-03-21,,,
대전광역시,서구,대전청사다솜어린이집,직장,정상,35208,대전광역시 서구 청사로 189 정부대전청사,042-719-8082,042-719-8083,15,799,2,32,60,200,199,36.36342820137065,127.38823539452198,미운영,https://www.dasomkids.co.kr/,2016-02-26,,,
대전광역시,서구,서비스탑도담어린이집,직장,정상,35259,"대전광역시 서구 문정로 41 (탄방동, SK텔레콤빌딩 3층)",070-7842-9915,070-7842-9942,4,241,1,24,8,49,10,36.3471302,127.3841006,미운영,https://skt7842.kidsnote.ac,2016-02-26,,,
대전광역시,서구,자연사랑어린이집,국공립,정상,35384,대전광역시 서구 구봉산북로 212 천년나무아파트 어린이집동,042-541-5755,--,5,137,2,11,14,50,29,36.29318113798706,127.34339156638106,미운영,,2016-02-26,,,
대전광역시,유성구,과학나래어린이집,직장,정상,34133,대전광역시 유성구 과학로 169-148 (어은동),042-716-7170,042-716-7190,7,349,1,20,24,90,60,36.37327387066263,127.35570148076002,미운영,,2016-02-25,,,
대전광역시,유성구,충남대학교어린이집,직장,정상,34134,대전광역시 유성구 대학로 99 (궁동),042-821-7351,042-821-7358,6,422,1,40,19,99,72,36.36836824185805,127.34200008887674,미운영,,2016-02-24,,,
대전광역시,유성구,KAERI아톰어린이집,직장,정상,34036,대전광역시 유성구 테크노중앙로 267-11 (탑립동),042-933-8680,042-933-8682,7,373,2,35,30,120,78,36.41621067122247,127.40819840599272,미운영,www.puruni.com/kaeri,2016-02-24,,,
대전광역시,유성구,바르니어린이집,가정,폐지,34192,"대전광역시 유성구 도안동로 446 1909동 104호 (원신흥동, 양우내안애)",042-826-7260,042-826-7261,4,57,0,4,0,20,0,36.34549406517558,127.34904724739867,미운영,,2016-02-23,,,2018-03-06
대전광역시,유성구,빛과소금어린이집,가정,폐지,34075,"대전광역시 유성구 지족동로 124 105동 101호 (지족동, 노은리슈빌3)",042-335-3576,--,4,75,0,4,0,20,0,36.38441122608508,127.30810413820724,미운영,,2016-02-22,,,2023-03-16
대전광역시,유성구,KARI하늘꿈어린이집,직장,정상,34133,대전광역시 유성구 과학로 169-84 (어은동),042-879-4001,042-879-4005,6,324,3,37,25,99,64,36.38171112218106,127.35516064890468,미운영,http://www.puruni.com/kari,2016-02-22,,,
대전광역시,유성구,케미꿈나무어린이집,직장,정상,34114,대전광역시 유성구 가정로 141 한국화학연구원 (장동),042-862-8250,042-862-8240,5,273,1,12,19,65,52,36.38644029553431,127.3610042890646,미운영,,2016-02-19,,,
대전광역시,유성구,노은리슈빌어린이집,민간,정상,34075,"대전광역시 유성구 지족동로 124 (지족동, 노은리슈빌3)",042-335-1140,--,6,140,1,8,7,35,14,36.38441122608508,127.30810413820724,미운영,,2016-02-17,,,
대전광역시,대덕구,케이티앤지어린이집,직장,정상,34337,대전광역시 대덕구 벚꽃길 71 ,042-939-5428,042-939-5429,4,345,0,22,9,40,20,36.436125997344526,127.42886803261588,미운영,,2016-02-17,,,
대전광역시,유성구,해나라어린이집,직장,재개,34097,대전광역시 유성구 은구비로155번안길 21-8 (죽동),042-822-9794,042--,4,67,0,4,3,20,3,36.38006292559695,127.32615016701096,미운영,,2016-02-16,,,
대전광역시,유성구,미소가득어린이집,민간,폐지,34193,대전광역시 유성구 원신흥로55번길 6-67 (원신흥동),042-822-5217,0504-154-8682,4,109,0,13,0,41,0,36.338909974398085,127.34316613384391,운영,,2016-02-04,,,2026-04-07
대전광역시,유성구,온빛어린이집,가정,정상,34192,"대전광역시 유성구 도안동로 446 양우내안에레이크힐 1910동 101호 (원신흥동, 양우내안애)",042-862-4600,042-862-4600,3,66,0,4,5,20,10,36.34549406517558,127.34904724739867,미운영,,2016-01-29,,,
대전광역시,서구,도안성모어린이집,가정,정상,35355,"대전광역시 서구 도안동로 177 109동 103호 (도안동, 수목토아파트)",042-345-5581,042-345-5581,4,104,0,4,6,20,20,36.319119276177005,127.34500977026289,미운영,,2015-11-23,,,
대전광역시,대덕구,리틀키즈원어린이집,가정,정상,34304,"대전광역시 대덕구 대덕대로 1555 101동 102호(석봉동,금강엑슬루타워)",042-931-0236,042-931-0236,4,63,0,4,5,19,8,36.4512964713267,127.421247136075,미운영,,2015-11-19,,,
대전광역시,대덕구,아이행복어린이집,민간,폐지,34330,대전광역시 대덕구 덕암북로72번길 59 (덕암동),042-933-5518,042-934-5280,7,228,2,13,0,51,0,36.44165766,127.4239875,운영,,2015-11-17,,,2023-12-11
대전광역시,유성구,고운소리어린이집,가정,정상,34022,"대전광역시 유성구 배울1로 35 410동 101호 (관평동, 대덕테크노밸리4단지아파트)",042-537-9980,070-8233-9980,3,64,0,4,7,20,12,36.4189632391435,127.38459236346692,미운영,,2015-11-13,,,
대전광역시,서구,호반별꽃어린이집,가정,정상,35356,"대전광역시 서구 원도안로 100 101동 101호 (도안동, 도안베르디움아파트)",042-543-8990,--,4,100,0,4,9,20,18,36.31274498973128,127.34664747977695,운영,,2015-09-04,,,
대전광역시,유성구,새미래숲어린이집,민간,정상,34074,"대전광역시 유성구 지족로190번길 16 (지족동, 새미래숲아파트)",042-823-7970,--,5,227,1,8,8,58,20,36.37997416396041,127.30411470009693,미운영,,2015-08-31,,,
대전광역시,서구,IBK참!좋은어린이집,직장,정상,35260,대전광역시 서구 둔산남로 112 IBK기업은행 2층,042-471-4328,042-471-4327,3,168,1,12,7,40,7,36.348765232938355,127.3898865180033,미운영,www.puruni.com/ibkdj,2015-08-26,,,
대전광역시,서구,곰곰이어린이집,가정,정상,35355,"대전광역시 서구 도안동로 177 102동 104호 (도안동, 수목토아파트)",042-545-5577,--,4,75,1,4,7,20,18,36.319119276177005,127.34500977026289,미운영,,2015-07-29,,,
대전광역시,유성구,해맑은어린이집,국공립,정상,34073,"대전광역시 유성구 지족로190번길 15 보육동 (지족동, 노은3지구 1단지)",042-822-6006,042-822-0799,4,130,1,15,17,49,26,36.38209966586186,127.3028390831099,미운영,,2015-07-27,,,
대전광역시,유성구,네이처뷰어린이집,민간,정상,34074,"대전광역시 유성구 지족로148번길 22 네이처뷰아파트 내 (지족동, 엘에이치 네이처뷰)",042-822-1569,--,7,170,1,10,10,63,15,36.37659287038499,127.30308742169822,미운영,,2015-07-15,,,
대전광역시,대덕구,한울어린이집,가정,폐지,34329,대전광역시 대덕구 덕암로213번길 36 (덕암동),042-932-0309,042-932-0309,3,150,0,0,0,18,0,36.43998159,127.4217969,운영,,2015-06-19,,,2017-09-22
대전광역시,서구,우미린어린이집,민간,정상,35367,대전광역시 서구 도안동로 77 도안18단지 린풀하우스아파트(도안동),042-542-0284,042-542-0284,4,141,1,5,13,53,31,36.3259999,127.3509287,미운영,,2015-06-17,,,
대전광역시,대덕구,라임나무어린이집,가정,재개,34428,대전광역시 대덕구 한밭대로1174번길 42 (중리동),042-632-1704,042-632-1704,3,50,1,4,6,17,9,36.35698303,127.4289296,운영,,2015-05-27,,,
대전광역시,서구,콩콩어린이집,협동,폐지,35303,대전광역시 서구 도산로370번길 22-1 ,042-485-5858,042-537-0505,5,209,0,12,0,73,0,36.33646178368019,127.39282085768131,미운영,,2015-05-20,,,2021-03-31
대전광역시,중구,자이킨더어린이집,민간,폐지,34933,"대전광역시 중구 충무로107번길 100 ,104동 1층(관리동)",042-223-7708,--,7,174,0,8,0,40,0,36.322917379399215,127.42589044030046,미운영,,2015-03-26,,,2023-03-04
대전광역시,유성구,피카부어린이집,가정,폐지,34189,"대전광역시 유성구 도안동로 523 2블럭 208동 102호 (봉명동, 베르디움)",042-826-9823,--,3,84,0,4,0,20,0,36.349197702753344,127.34725906636656,미운영,,2015-03-10,,,2021-03-10
대전광역시,유성구,롯데케미칼푸르니2어린이집,직장,휴지,34120,"대전광역시 유성구 가정로 65 109동 101호(신성동, 대림두레아파트)",042-864-3057,042-862-3057,3,58,0,8,0,20,0,36.39109773336629,127.35854691425636,미운영,,2015-03-09,2025-03-01,2027-02-28,
대전광역시,서구,케이티씨에스대전어린이집,직장,폐지,35364,대전광역시 서구 관저북로 6 1층,070-4191-6114,042-543-6114,6,165,0,8,0,33,0,36.30218402597793,127.337515794564,미운영,,2015-03-06,,,2024-03-31
대전광역시,서구,예나어린이집,민간,폐지,35356,대전광역시 서구 도안동로 123 리슈빌아파트 관리동,042-545-2223,042-545-2223,4,176,2,6,0,45,0,36.31531645260302,127.34728856988474,미운영,,2015-03-02,,,2025-11-01
대전광역시,서구,아띠어린이집,가정,정상,35367,"대전광역시 서구 도안동로 77 1806동 101호 (가수원동, 도안18단지 린 풀하우스)",042-543-2260,042-543-2260,4,75,1,4,8,20,14,36.311301348315624,127.34848946639846,미운영,,2015-02-26,,,
대전광역시,유성구,LG대전어린이집,직장,정상,34112,"대전광역시 유성구 가정로 299 (도룡동, 엘지화학 기술연구원 사택)",042-719-4400,042-719-4411,5,491,1,25,31,120,102,36.38617458236759,127.37586219184418,미운영,https://lgdaejeoncare.kidsnote.ac,2015-02-26,,,
대전광역시,유성구,글로벌아트어린이집,민간,폐지,34191,대전광역시 유성구 봉명로 94 관리동,042-826-5990,--,5,172,0,5,0,49,0,36.34768782925099,127.34459658962971,미운영,,2015-02-26,,,2017-03-02
대전광역시,동구,KR어린이집,직장,정상,34618,대전광역시 동구 중앙로 242 (신안동)   2층,042-621-2040,042-621-2041,3,80,1,6,14,30,26,36.33105825919037,127.43647980655443,미운영,https://hansol-kr.kidsnote.ac,2015-02-24,,,
대전광역시,유성구,그린별어린이집,민간,폐지,34070,"대전광역시 유성구 지족북로 33 관리동 (지족동, 한화꿈에그린 1블럭)",042-824-0306,042-824-0306,5,156,1,7,0,50,0,36.38879888197737,127.3021651028608,미운영,,2015-02-24,,,2024-07-01
대전광역시,유성구,꿈그린어린이집,민간,정상,34070,"대전광역시 유성구 지족북로 60 2BL 관리동 (지족동, 한화꿈에그린 2블럭)",042-822-7936,042-822-7976,5,173,0,12,6,49,9,36.388945011549794,127.30565209971705,미운영,,2015-02-17,,,
대전광역시,유성구,연지원어린이집,민간,정상,34199,"대전광역시 유성구 상대로 16 (상대동, 도안신도시5블록트리풀시티아파트)",042-826-3356,042-826-3356,6,175,1,14,12,51,41,36.34532317094596,127.33700229798464,미운영,,2015-02-10,,,
대전광역시,유성구,사랑애어린이집,민간,폐지,34073,"대전광역시 유성구 지족로190번길 39 노은 7단지내 관리동 (지족동, LH노은에코힐)",042-825-2181,--,6,114,0,7,0,43,0,36.38179385122603,127.30544133657625,미운영,,2015-02-09,,,2021-03-02
대전광역시,유성구,자운대어린이집,직장,정상,34059,대전광역시 유성구 자운로221번길 120-34 (신봉동),042-864-3440,0504-012-2732,18,830,1,71,51,203,158,36.41413575129536,127.3398636932612,미운영,http://jaun.kidis.co.kr ,2015-01-20,,,
대전광역시,서구,베르디움어린이집,민간,폐지,35356,"대전광역시 서구 원도안로 100 (도안동, 도안베르디움)",042-542-4864,042-542-4864,6,137,1,6,0,51,0,36.31274498973128,127.34664747977695,미운영,,2014-12-31,,,2022-03-01
대전광역시,서구,샘솟는어린이집,가정,정상,35367,"대전광역시 서구 도안동로 77 1808동 103호 (도안동, 도안18단지 린 풀하우스)",042-545-5222,042-545-5222,4,74,0,4,10,20,15,36.311301348315624,127.34848946639846,미운영,,2014-12-23,,,
대전광역시,서구,다연어린이집,가정,정상,35367,"대전광역시 서구 도안동로 77 1811동 102호 (도안동, 도안18단지 린 풀하우스)",042-345-0026,042-345-0026,4,74,3,4,9,20,19,36.311301348315624,127.34848946639846,미운영,,2014-12-23,,,
대전광역시,서구,예린어린이집,가정,폐지,35367,"대전광역시 서구 도안동로 77 1801동 104호 (도안동, 도안18단지 린 풀하우스)",042-542-1801,--,4,78,0,4,0,20,0,36.311301348315624,127.34848946639846,미운영,ijinsuk@hanmail.net,2014-12-23,,,2025-11-25
대전광역시,대덕구,나나어린이집,가정,폐지,34392,대전광역시 대덕구 중리서로 30 영진로얄 104동101호(중리동),042-637-3133,042-637-3133,4,103,0,0,0,17,0,36.36275413,127.4211531,운영,,2014-12-16,,,2016-04-28
대전광역시,서구,우미린도담도담어린이집,가정,정상,35367,"대전광역시 서구 도안동로 77 1804동 103호 (도안동, 도안18단지 린 풀하우스)",042-544-2279,042-544-2278,4,105,5,4,8,20,20,36.310534019352964,127.35017629816536,미운영,,2014-12-09,,,
대전광역시,서구,이든어린이집,가정,폐지,35367,"대전광역시 서구 도안동로 77 1802동 104호 (도안동, 도안18단지 린 풀하우스)",042-369-1003,--,4,78,0,4,0,20,0,36.311301348315624,127.34848946639846,운영,,2014-12-02,,,2018-11-20
대전광역시,서구,리슈빌어린이집,가정,폐지,35356,"대전광역시 서구 도안동로 123 1708동 104호 (도안동, 도안리슈빌아파트)",042-543-6001,042-543-6001,4,74,0,4,0,20,0,36.316466864048714,127.34602700529807,미운영,도안리슈빌naver.com,2014-11-25,,,2024-01-31
대전광역시,유성구,해든어린이집,민간,정상,34189,"대전광역시 유성구 도안동로 523 호반베르디움관리동내 (봉명동, 베르디움)",042-825-2253,042-825-2254,8,226,1,12,25,83,67,36.349197702753344,127.34725906636656,운영,우리아이의 멘토 해든어린이집,2014-10-30,,,
대전광역시,대덕구,해바라기어린이집,민간,폐지,34317,대전광역시 대덕구 석봉북로15번길 19 (석봉동),042-932-0232,042-934-0231,8,252,2,10,0,94,0,36.44868581,127.4238731,운영,,2014-10-21,,,2020-03-01
대전광역시,대덕구,예쁜키즈어린이집,민간,정상,34356,대전광역시 대덕구 아리랑로197번길 7-21 (법동),042-622-2754,042-622-2759,6,166,1,16,7,35,12,36.37407518401436,127.42488539156723,운영,,2014-10-17,,,
대전광역시,유성구,해랑뜰어린이집,가정,폐지,34073,"대전광역시 유성구 지족로 240 해랑숲마을 506동 105호 (지족동, 노은해랑숲마을5단지아파트)",042-823-0552,--,3,99,0,4,0,20,0,36.38592102964947,127.30551543455088,미운영,,2014-10-07,,,2023-04-07
대전광역시,서구,도안어린이집,가정,정상,35356,"대전광역시 서구 도안동로 123 1701동 101호 (도안동, 도안리슈빌아파트)",042-301-1700,042-301-1700,4,73,0,4,6,20,9,36.314401863053185,127.34647442412523,미운영,,2014-09-30,,,
대전광역시,서구,푸른꿈어린이집,가정,정상,35356,"대전광역시 서구 도안동로 123 1703동 101호 (도안동, 도안리슈빌아파트)",042-541-2355,042-541-2355,4,73,0,4,5,20,11,36.316466864048714,127.34602700529807,미운영,,2014-09-30,,,
대전광역시,서구,사랑숲어린이집,가정,정상,35356,"대전광역시 서구 도안동로 123 1702동 103호 (도안동, 도안리슈빌아파트)",042-546-3377,042-000-0000,4,79,1,5,7,20,15,36.316466864048714,127.34602700529807,미운영,,2014-09-26,,,
대전광역시,유성구,궁전어린이집,가정,정상,34199,대전광역시 유성구 상대로 16 트리풀시티 507-102 (상대동),042-389-6789,--,3,63,0,4,7,20,15,36.34460694363289,127.33788591978661,미운영,,2014-09-25,,,
대전광역시,유성구,햇살가득한어린이집,가정,폐지,34199,"대전광역시 유성구 상대로 16 트리풀시티5블럭 509동 102호 (상대동, 도안신도시5블록트리풀시티아파트)",042-822-9599,042-346-9599,3,66,0,4,0,18,0,36.34532317094596,127.33700229798464,미운영,,2014-09-24,,,2022-02-28
대전광역시,유성구,은빛어린이집,가정,폐지,34199,"대전광역시 유성구 상대로 16 트리풀시티 510동 102호 (상대동, 도안신도시5블록트리풀시티아파트)",042-346-0011,042-346-0011,3,68,0,4,0,20,0,36.34532317094596,127.33700229798464,미운영,,2014-09-19,,,2023-04-21
대전광역시,유성구,꼬마친구어린이집,가정,폐지,34070,"대전광역시 유성구 지족북로 60 노은꿈에그린 204동 104호 (지족동, 한화꿈에그린 2블럭)",042-826-2622,042-826-2624,4,84,0,4,0,20,0,36.388945011549794,127.30565209971705,미운영,,2014-09-12,,,2019-03-06
대전광역시,유성구,트리풀아이처럼어린이집,가정,정상,34199,"대전광역시 유성구 상대로 16 트리풀시티아파트 511동 103호 (상대동, 도안신도시5블록트리풀시티아파트)",042-826-5079,042-826-5078,3,84,0,4,6,20,8,36.345406103353305,127.33699374361117,미운영,,2014-09-11,,,
대전광역시,유성구,푸른별어린이집,가정,폐지,34073,"대전광역시 유성구 지족동로 123 해랑숲마을 606동 101호 (지족동, 노은해랑숲마을6단지아파트)",042-826-1322,042-826-1320,4,60,0,4,0,18,0,36.384756594666015,127.30696868203954,미운영,,2014-09-04,,,2022-03-07
대전광역시,유성구,그린나래어린이집,가정,정상,34199,"대전광역시 유성구 상대로 16 트리풀시티아파트 508동 104호 (상대동, 도안신도시5블록트리풀시티아파트)",042-826-1300,042-826-1300,4,58,0,4,7,20,15,36.34532317094596,127.33700229798464,미운영,lso65050@naver.com,2014-08-12,,,
대전광역시,유성구,아이키즈어린이집,가정,폐지,34191,"대전광역시 유성구 봉명로 94 704동 102호 (봉명동, 도안신도시7단지예미지백조의호수)",042-353-2337,--,3,84,0,4,0,20,0,36.34768782925099,127.34459658962971,미운영,,2014-08-05,,,2021-03-15
대전광역시,유성구,사랑나라어린이집,가정,정상,34070,"대전광역시 유성구 지족북로 60 노은한화꿈에그린 202동 102호 (지족동, 한화꿈에그린 2블럭)",042-822-3927,042-823-3927,3,84,0,4,5,20,7,36.38746420760457,127.30536989091298,운영,,2014-07-30,,,
대전광역시,유성구,도안온새미어린이집,가정,정상,34191,"대전광역시 유성구 봉명로 94 714동 102호 (봉명동, 도안신도시7단지예미지백조의호수)",042-861-1116,042-861-1116,3,60,0,4,7,20,15,36.34768782925099,127.34459658962971,미운영,,2014-07-30,,,
대전광역시,유성구,앤스나무어린이집,가정,정상,34199,"대전광역시 유성구 상대로 16 510동 103호 (상대동, 트리풀시티5단지)",042-825-6200,--,4,84,0,4,9,20,12,36.34532317094596,127.33700229798464,미운영,,2014-07-30,,,
대전광역시,유성구,도안별사랑어린이집,가정,폐지,34191,"대전광역시 유성구 봉명로 94 713동 101호 (봉명동, 도안신도시7단지예미지백조의호수)",042-825-4894,--,3,84,0,4,0,20,0,36.34586394252802,127.34581169473306,운영,,2014-07-24,,,2020-04-20
대전광역시,유성구,베베키즈어린이집,가정,폐지,34189,"대전광역시 유성구 도안동로 523 216동 102호(봉명동, 베르디움)",042-826-7941,--,3,54,0,4,0,18,0,36.350274590612315,127.34524354594423,미운영,,2014-07-21,,,2026-03-17
대전광역시,유성구,행복나라어린이집,가정,폐지,34073,"대전광역시 유성구 지족로 240 해랑숲마을아파트 503동 104호 (지족동, 노은해랑숲마을5단지아파트)",042-824-2437,--,3,84,0,4,0,20,0,36.38444068053536,127.30452496163966,미운영,,2014-07-21,,,2020-06-05
대전광역시,유성구,해랑어린이집,민간,정상,34073,"대전광역시 유성구 지족동로 123 해랑숲마을 6단지내 (지족동, 노은해랑숲마을6단지아파트)",042-256-3335,042-823-5550,6,197,0,8,8,39,17,36.384756594666015,127.30696868203954,미운영,,2014-06-30,,,
대전광역시,유성구,해랑숲어린이집,민간,폐지,34073,"대전광역시 유성구 지족로 240 해랑숲마을5단지 (지족동, 노은해랑숲마을5단지아파트)",042-825-7908,042-825-7906,7,256,1,13,0,59,0,36.38592102964947,127.30551543455088,운영,,2014-06-26,,,2024-12-31
대전광역시,서구,호반숲어린이집,가정,정상,35356,"대전광역시 서구 원도안로 100 110동 102호 (도안동, 도안베르디움)",042-541-1020,--,4,78,0,5,9,20,17,36.31274498973128,127.34664747977695,미운영,,2014-06-02,,,
대전광역시,서구,드림아이어린이집,가정,정상,35356,"대전광역시 서구 원도안로 100 108동 102호(도안동, 도안베르디움)",042-385-1001,042-385-1001,3,76,0,5,7,20,14,36.31274498973128,127.34664747977695,미운영,,2014-05-23,,,
대전광역시,유성구,키즈스타어린이집,가정,폐지,34070,대전광역시 유성구 지족북로 33 한화꿈에그린 108동 101호,042-823-7009,042-331-7009,3,84,0,4,0,20,0,36.38886343854561,127.30229464475927,미운영,,2014-05-21,,,2016-08-17
대전광역시,서구,자이숲어린이집,가정,정상,35403,"대전광역시 서구 복수서로 15 104동 102호(복수동, 복수센트럴자이)",042-523-1000,042-523-1000,4,70,0,4,12,20,20,36.305301009983395,127.3716191481318,미운영,,2014-05-13,,,
대전광역시,유성구,호반꿈이있는어린이집,가정,폐지,34189,"대전광역시 유성구 도안동로 523 216동 102호 (봉명동, 베르디움)",042-671-7942,--,4,84,0,4,0,20,0,36.349197702753344,127.34725906636656,미운영,,2014-05-12,,,2022-04-13
대전광역시,유성구,롯데케미칼푸르니어린이집,직장,재개,34120,"대전광역시 유성구 가정로 65 109동 102호 (신성동, 대림두레아파트)",042-861-3057,042-862-3057,3,58,0,8,6,20,7,36.38610034020514,127.35171186477356,미운영,,2014-05-07,,,
대전광역시,유성구,한화대전어린이집,직장,정상,34063,대전광역시 유성구 외삼로 48 장원토건사옥 1F (외삼동),042-823-1215,042-825-1216,3,250,0,6,10,49,15,36.39794862266213,127.3156930453555,미운영,www.puruni.com/hwdj,2014-04-29,,,
대전광역시,유성구,봄빛어린이집,가정,정상,34070,"대전광역시 유성구 지족북로 60 한화꿈에그린아파트 204동 101호 (지족동, 한화꿈에그린 2블럭)",042-823-2855,042-823-2855,4,84,0,4,6,20,15,36.38753306171727,127.30487417748095,미운영,,2014-04-18,,,
대전광역시,유성구,라온제나어린이집,가정,정상,34189,"대전광역시 유성구 도안동로 523 호반베르디움아파트 208동 103호 (봉명동, 베르디움)",042-352-4557,--,3,84,0,4,5,20,8,36.349197702753344,127.34725906636656,미운영,,2014-04-07,,,
대전광역시,유성구,노은꿈에그린어린이집,가정,폐지,34070,"대전광역시 유성구 지족북로 60 한화꿈에그린아파트 202동 104호 (지족동, 한화꿈에그린 2블럭)",042-345-3579,--,3,113,0,4,0,20,0,36.37620396519721,127.30505395422131,운영,,2014-03-19,,,2022-04-01
대전광역시,유성구,호반캐슬어린이집,가정,폐지,34189,"대전광역시 유성구 도안동로 523 호반베르디움 204동 101호 (봉명동, 베르디움)",042-335-0407,042-335-0407,4,84,0,5,0,20,0,36.349197702753344,127.34725906636656,미운영,,2014-03-19,,,2021-12-20
대전광역시,유성구,고운꿈어린이집,가정,폐지,34070,"대전광역시 유성구 지족북로 33 노은한화꿈에그린 108동 104호 (지족동, 한화꿈에그린 1블럭)",042-823-0803,042-823-0803,4,84,0,4,0,20,0,36.38886343854561,127.30229464475927,미운영,,2014-03-14,,,2021-03-11
대전광역시,대덕구,엑슬루어린이집,가정,폐지,34304,"대전광역시 대덕구 대덕대로 1555 102동 102호(석봉동,금강엑슬루타워)",042-932-0032,042-932-0032,4,79,0,4,0,20,0,36.4512964713267,127.421247136075,미운영,,2014-03-12,,,2021-03-19
대전광역시,유성구,꿈에그린아이숲어린이집,가정,폐지,34070,"대전광역시 유성구 지족북로 33 107동 104호 (지족동, 한화꿈에그린1단지)",042-826-5901,--,3,84,1,4,0,20,0,36.38886343854561,127.30229464475927,미운영,,2014-03-11,,,2022-03-02
대전광역시,대덕구,영재숲어린이집,민간,폐지,34375,대전광역시 대덕구 동심1길 105 (대화동),042-627-9118,042-627-7030,7,206,0,8,0,49,0,36.3633365818,127.412615171,운영,,2014-03-07,,,2022-03-11
대전광역시,유성구,새생명어린이집,민간,정상,34052,대전광역시 유성구 전민로38번길 38 새생명교회 (전민동),042-867-6677,042-867-6670,5,245,0,7,7,32,10,36.39845707980597,127.40093566295174,운영,,2014-02-27,,,
대전광역시,서구,도안아이파크어린이집,민간,정상,35355,"대전광역시 서구 도안동로 183 (도안동, 도안아이파크)",042-543-1223,--,6,161,1,9,18,59,51,36.32232044099961,127.34588583454022,미운영,,2014-02-26,,,
대전광역시,중구,도로시어린이집,협동,폐지,34961,대전광역시 중구 계백로1660번길 71 (문화동),042-581-7789,042-581-7789,9,272,2,15,0,95,0,36.31693023892171,127.40572975505183,운영,,2014-01-29,,,2020-06-26
대전광역시,대덕구,꼬마숲중리어린이집,가정,폐지,34428,대전광역시 대덕구 계족로517번길 79 (중리동),042-637-1704,042-637-1704,3,85,0,5,0,20,0,36.35755679,127.4282947,운영,,2013-12-16,,,2020-08-31
대전광역시,대덕구,하늘꿈어린이집,민간,정상,34312,대전광역시 대덕구 신탄진동로24번길 42 (신탄진동),042-931-2378,042-933-2378,8,540,2,12,16,85,62,36.446375096508376,127.43255619307777,운영,http://cafe.daum.net/skydream2378,2013-12-11,,,
대전광역시,동구,키움어린이집,민간,폐지,34705,대전광역시 동구 산내로1257번길 40 ,042-342-0707,042-347-0707,4,73,0,4,0,27,0,36.27824735891129,127.46746554222555,미운영,,2013-12-04,,,2017-02-20
대전광역시,서구,사랑가득어린이집,가정,정상,35355,"대전광역시 서구 도안동로 183 1503동 103호 (도안동, 도안아이파크)",042-542-5054,042-542-5054,4,70,0,4,7,20,20,36.321187305612355,127.34538415253416,미운영,,2013-12-03,,,
대전광역시,서구,하늘린어린이집,가정,폐지,35355,"대전광역시 서구 도안동로 183 1506동 103호 (도안동, 도안아이파크)",042-331-2159,042-543-2002,4,71,0,4,0,20,0,36.32419766797749,127.34648437195908,미운영,,2013-11-22,,,2021-03-12
대전광역시,서구,오렌지어린이집,가정,정상,35355,"대전광역시 서구 도안동로 183 1509동 105호 (도안동, 도안아이파크)",042-542-3428,042-542-3428,4,85,0,4,8,20,18,36.32419766797749,127.34648437195908,미운영,,2013-11-12,,,
대전광역시,대덕구,코레일 대전어린이집,직장,재개,34341,대전광역시 대덕구 벚꽃길 148 (평촌동),042-932-1002,042-932-1003,6,298,1,13,5,35,6,36.424696050609896,127.42674892988471,미운영,https://hansol-kodae.kidsnote.ac ,2013-11-08,,,
대전광역시,중구,꿈자이어린이집,가정,정상,34933,"대전광역시 중구 충무로107번길 100 105동 102호 (대흥동, 센트럴자이)",042-349-0071,--,4,108,0,5,7,20,12,36.32294635935791,127.42585050683804,미운영,9758kmj,2013-10-31,,,
대전광역시,대덕구,오정동 하나금융 공동직장어린이집,직장,폐지,34443,대전광역시 대덕구 대전로 1039 ,042-631-2013,042-638-2013,4,177,1,10,0,49,0,36.34737618898465,127.41642991366991,미운영,www.puruni.com-hanadj,2013-10-31,,,2021-03-19
대전광역시,중구,행복한자이어린이집,가정,정상,34933,"대전광역시 중구 충무로107번길 100 112동 106호 (대흥동, 센트럴자이)",042-222-2050,042-226-2050,4,64,0,4,3,20,3,36.32294635935791,127.42585050683804,미운영,,2013-10-24,,,
대전광역시,중구,센트럴자이어린이집,가정,정상,34933,"대전광역시 중구 충무로107번길 100 111동 105호 (대흥동, 센트럴자이)",042-352-3532,070-8224-0076,4,63,0,4,6,20,13,36.32294635935791,127.42585050683804,미운영,,2013-10-14,,,
대전광역시,유성구,트리풀어린이집,가정,정상,34200,"대전광역시 유성구 상대남로 26 915동 104호(상대동, 도안신도시9블록 트리풀시티아파트)",042-824-4179,042-824-4179,3,119,0,4,6,20,15,36.34226546882351,127.33602177320347,미운영,,2013-10-08,,,
대전광역시,동구,해솔어린이집,가정,정상,34687,"대전광역시 동구 대전로542번길 121 315동104호(천동,위드힐아파트)",042-300-0115,042-300-0115,4,84,0,4,1,20,0,36.315430010546116,127.44371026268239,운영,,2013-09-30,,,
대전광역시,동구,보물섬어린이집,가정,폐지,34687,"대전광역시 동구 대전로542번길 121 315동 102호 (천동,위드힐아파트)",042-283-5500,042-283-5500,4,85,0,4,0,20,0,36.31481702278832,127.44291006058859,미운영,,2013-09-26,,,2022-05-02
대전광역시,대덕구,덕암어린이집,민간,폐지,34330,대전광역시 대덕구 덕암북로22번길 77 (덕암동),042-933-7599,042-933-7599,10,345,2,15,0,99,0,36.44396761,127.4221433,운영,,2013-09-24,,,2025-03-01
대전광역시,동구,재능키즈어린이집,협동,정상,34559,대전광역시 동구 옛신탄진로75번길 58 ,042-632-0113,--,5,144,0,8,7,20,6,36.34703421610944,127.41938684003958,운영,,2013-09-12,,,
대전광역시,유성구,스마트어린이집,민간,폐지,34125,대전광역시 유성구 엑스포로123번길 46-15 (스마트시티 5단지 관리동),042-863-2518,042-863-2518,3,61,0,0,0,22,0,36.37718788042422,127.39383684867398,미운영,,2013-09-09,,,2016-07-04
대전광역시,동구,조이어린이집,가정,폐지,34687,"대전광역시 동구 대전로542번길 121 302동 102호(천동, 위드힐)",042-285-3319,042-286-7947,4,97,0,4,0,19,0,36.31604690611524,127.44260578252878,미운영,,2013-08-28,,,2025-04-23
대전광역시,유성구,KIGAM지오키즈어린이집,직장,정상,34132,대전광역시 유성구 과학로 124 한국지질자원연구원 (가정동),042-861-9734,042-861-9733,5,238,1,24,15,79,36,36.38058950039735,127.3575402295982,미운영,,2013-08-26,,,
대전광역시,대덕구,예일어린이집,가정,폐지,34354,"대전광역시 대덕구 계족로761번길 24 104동 101호(읍내동, 현대아파트)",042-628-5056,042-628-5056,4,85,0,0,0,19,0,36.37856829,127.4254594,운영,,2013-08-20,,,2015-10-01
대전광역시,동구,사랑빛어린이집,가정,폐지,34687,"대전광역시 동구 대전로542번길 121 303동 102호(천동,위드힐아파트)",042-286-9856,--,4,103,0,4,0,20,0,36.31481702278832,127.44291006058859,미운영,,2013-07-26,,,2018-12-31
대전광역시,동구,지나어린이집,가정,폐지,34687,"대전광역시 동구 대전로542번길 121 315동 104호(천동,위드힐아파트)",042-286-7775,042-286-7775,4,103,0,0,0,20,0,36.31481702278832,127.44291006058859,미운영,,2013-07-23,,,2013-08-13
대전광역시,대덕구,꿈빛나무어린이집,가정,폐지,34419,"대전광역시 대덕구 비래서로10번길 21 101동 108호(비래동, 비래한신휴플러스)",042-627-6415,042-627-6415,4,84,0,4,0,19,0,36.35607377,127.4444348,운영,,2013-07-23,,,2018-03-29
대전광역시,대덕구,새봄어린이집,민간,폐지,34419,대전광역시 대덕구 동서대로1778번길 8 (비래동),042-638-5566,042-638-5566,6,244,0,8,0,49,0,36.35358394,127.4452792,운영,,2013-07-12,,,2019-03-01
대전광역시,중구,소망어린이집,협동,폐지,34887,대전광역시 중구 계백로1571번길 38-18 ,042-721-2208,042-721-2209,5,174,0,7,0,36,0,36.320177411924405,127.39473871683671,운영,,2013-07-11,,,2026-04-25
대전광역시,대덕구,행복색채어린이집,민간,폐지,34417,대전광역시 대덕구 비래서로25번길 53 (비래동),042-633-4956,042-633-4956,5,197,2,8,0,69,0,36.35695528,127.44854,운영,,2013-07-08,,,2019-03-01
대전광역시,동구,위드힐어린이집,민간,폐지,34687,"대전광역시 동구 대전로542번길 121 312동 1층 관리동(천동, 위드힐아파트)",042-283-0005,042-283-0005,7,147,1,8,0,53,0,36.31473745903387,127.44240118130864,운영,,2013-06-21,,,2020-12-01
대전광역시,대덕구,꼬마숲어린이집,가정,폐지,34348,대전광역시 대덕구 회덕로 12-37 (신대동),042-625-1266,042-621-1247,5,104,0,4,0,20,0,36.39401819,127.4170777,운영,,2013-05-20,,,2019-07-01
대전광역시,대덕구,브레인아이어린이집,민간,정상,34304,대전광역시 대덕구 대덕대로 1555 ,042-933-4279,042-934-4279,5,114,0,12,15,42,38,36.450974127161956,127.42211861547887,미운영,http://cafe.daum.net/braini2012,2013-05-10,,,
대전광역시,대덕구,아이뜰어린이집,가정,폐지,34304,"대전광역시 대덕구 대덕대로 1555 109동 101호(석봉동, 금강엑슬루타워)",042-936-7946,042-936-7946,4,63,0,4,0,20,0,36.45049829627586,127.42161407865663,미운영,,2013-05-10,,,2024-03-01
대전광역시,대덕구,꿈터어린이집,가정,폐지,34390,대전광역시 대덕구 중리동로41번길 9 (중리동),042-621-0149,042-621-0149,3,65,1,4,0,20,0,36.36267299,127.4316615,운영,,2013-05-09,,,2022-04-26
대전광역시,대덕구,키즈재능어린이집,가정,폐지,34406,대전광역시 대덕구 계족산로17번길 74 (법동),042-631-3105,042-631-3105,4,82,0,2,0,20,0,36.3651247,127.4326778,운영,,2013-05-09,,,2016-02-02
대전광역시,유성구,미학어린이집,민간,정상,34209,"대전광역시 유성구 학하남로 10 (계산동, 오투그란데 미학아파트 관리동)",042-826-2004,042-826-2003,5,119,0,7,12,40,33,36.34316320034551,127.30152642213388,미운영,,2013-04-26,,,
대전광역시,대덕구,예땅어린이집,가정,폐지,34411,대전광역시 대덕구 계족산로5번길 7 1층 (중리동),042-625-4051,--,3,100,0,3,0,19,0,36.36229408,127.4317679,운영,www.cyworld.com/yeddang4051,2013-04-15,,,2024-03-01
대전광역시,중구,분홍킹콩어린이집,가정,폐지,34896,대전광역시 중구 평촌로 93 쌍용예가아파트 109동 103호,042-257-7993,070-7562-7993,4,58,0,4,0,20,0,36.32316238403078,127.3979253583096,미운영,,2013-04-04,,,2026-03-07
대전광역시,대덕구,아이존 어린이집,가정,폐지,34382,"대전광역시 대덕구 계족로663번길 32 2동 103호(법동, 삼호아파트)",042-348-3665,--,4,77,0,4,0,18,0,36.36876525,127.4289839,운영,,2013-03-29,,,2016-03-18
대전광역시,대덕구,도담도담어린이집,가정,폐지,34411,대전광역시 대덕구 계족산로5번길 39 (중리동),042-627-1311,042-624-9037,3,135,0,3,0,20,0,36.36373684,127.4313618,운영,,2013-03-29,,,2020-11-13
대전광역시,대덕구,해누리어린이집,가정,폐지,34421,대전광역시 대덕구 동춘당로23번길 46-11 (송촌동),042-636-0333,042-637-7004,4,66,0,6,0,20,0,36.359567328402065,127.44442917727454,미운영,,2013-03-29,,,2019-03-29
대전광역시,대덕구,보람하바어린이집,가정,폐지,34398,"대전광역시 대덕구 동춘당로 178 107동 103호(법동, 보람아파트)",042-635-4227,042-672-4227,4,146,0,4,0,20,0,36.36903467594991,127.43024673416786,운영,,2013-03-28,,,2018-03-07
대전광역시,대덕구,송촌어린이집,민간,폐지,34400,대전광역시 대덕구 동춘당로114번길 47 선비마을2단지아파트 내 (송촌동),042-637-0133,042-637-0133,4,95,1,4,0,32,0,36.3680476840003,127.43934277952887,운영,,2013-03-26,,,2024-10-01
대전광역시,대덕구,큐리어스어린이집,민간,폐지,34415,대전광역시 대덕구 우암로 430-1 (비래동),042-636-7942,042-367-0132,9,400,3,12,0,146,0,36.35702709909566,127.45468253170823,운영,,2013-03-20,,,2019-11-01
대전광역시,대덕구,아이캔어린이집,사회복지법인,정상,34330,대전광역시 대덕구 덕암북로58번길 15 (덕암동),042-934-7599,--,11,513,2,15,13,74,31,36.44460217,127.422906,운영,,2013-03-11,,,
대전광역시,대덕구,가람슬기어린이집,가정,폐지,34401,"대전광역시 대덕구 동춘당로114번길 60 303동 103호(송촌동, 선비마을3단지아파트)",042-331-0081,--,4,58,0,6,0,20,0,36.36777582,127.4410185,운영,,2013-03-08,,,2020-03-04
대전광역시,중구,해달별어린이집,가정,폐지,34859,대전광역시 중구 선화로22번길 25 미르마을아파트 112동 101호,042-222-0936,042-222-0936,5,118,1,6,0,20,0,36.32455927180462,127.41410787739643,미운영,http://cafe.naver.com/sunbabyhome,2013-03-07,,,2021-04-08
대전광역시,대덕구,예닮어린이집,민간,폐지,34349,대전광역시 대덕구 신탄진로 187 (신대동),042-621-4016,--,4,193,0,5,0,45,0,36.39747976,127.4228131,운영,,2013-03-06,,,2022-08-29
대전광역시,대덕구,키즈유원어린이집,가정,폐지,34384,"대전광역시 대덕구 계족로663번길 23 1동 102호(법동, 유원아파트)",042-623-0376,042-623-0375,3,74,0,4,0,18,0,36.37003479,127.4279772,운영,,2013-03-06,,,2018-08-17
대전광역시,대덕구,꼬마예닮어린이집,가정,폐지,34346,"대전광역시 대덕구 신탄진로218번길 62 103동102호(와동, 와동현대아파트)",042-622-4016,--,4,85,0,4,0,20,0,36.401919027367,127.424682433838,미운영,,2013-03-06,,,2018-03-12
대전광역시,대덕구,아해뜰 어린이집,민간,정상,34403,대전광역시 대덕구 계족산로 130 선비마을5단지아파트 내 (송촌동),042-635-7797,042-635-7767,9,527,1,16,28,123,93,36.3658,127.44585,운영,https://blog.naver.com/6357797,2013-03-04,,,
대전광역시,대덕구,미소어린이집,가정,폐지,34398,"대전광역시 대덕구 동춘당로 178 101동 105호(법2동, 보람아파트)",070-4065-7721,--,4,99,0,4,0,18,0,36.36625787530672,127.43157747161345,운영,,2013-03-04,,,2019-03-01
대전광역시,서구,도안예미지어린이집,민간,폐지,35350,"대전광역시 서구 도안북로 125 (도안동, 예미지아파트)",042-1816-5666,042-7579-1816,4,120,0,8,0,39,0,36.33143766049431,127.3421635255844,미운영,,2013-02-26,,,2024-03-01
대전광역시,유성구,KRISS사과나무어린이집,직장,정상,34113,대전광역시 유성구 가정로 267 한국표준과학연구원(도룡동),042-604-1004,--,8,418,3,22,29,99,76,36.38559916935201,127.36850640825475,미운영,,2013-02-22,,,
대전광역시,중구,코코아어린이집,가정,폐지,34889,대전광역시 중구 유등천동로 428 파라곤아파트 303동 101호,042-523-5896,042-523-5896,4,155,0,5,0,20,0,36.322205069043115,127.38865959475382,미운영,,2013-02-19,,,2022-01-04
대전광역시,중구,행복가득어린이집,가정,폐지,34818,대전광역시 중구 목동로 37 목양마을아파트 106동 104호,042-226-2953,042-226-2953,4,101,0,4,0,20,0,36.333984615581926,127.40730486202015,미운영,,2013-02-19,,,2022-02-28
대전광역시,대덕구,브레인어린이집,가정,폐지,34418,대전광역시 대덕구 비래동로40번길 52 (비래동),042-633-5248,--,4,196,0,4,0,20,0,36.35617094,127.4535851,운영,,2013-02-15,,,2021-07-06
대전광역시,대덕구,쁘띠맘어린이집,가정,폐지,34304,"대전광역시 대덕구 대덕대로 1555 104동 102호(석봉동, 금강엑슬루타워)",042-935-2265,--,4,85,0,5,0,20,0,36.45033683321838,127.42045222465843,미운영,,2013-02-15,,,2017-06-29
대전광역시,유성구,인스빌어린이집,민간,정상,34191,"대전광역시 유성구 봉명로 48 (원신흥동, 인스빌리베라아파트 관리동)",042-822-7496,042-822-7496,6,188,0,8,12,44,41,36.34266315114068,127.34451153928659,미운영,,2013-02-14,,,
대전광역시,유성구,보리네숲어린이집,민간,정상,34063,대전광역시 유성구 외삼로156번길 37 (외삼동),042-822-0772,--,5,192,1,0,5,39,6,36.40399137489717,127.31490886388102,운영,,2013-02-14,,,
대전광역시,대덕구,작은숲어린이집,가정,정상,34304,"대전광역시 대덕구 대덕대로 1555 110동 102호(석봉동, 금강엑슬루타워)",042-300-7942,042-300-7942,4,112,0,4,5,20,4,36.45139379157708,127.42130380280348,미운영,,2013-01-04,,,
대전광역시,대덕구,꽃망울어린이집,가정,폐지,306794,"대전광역시 대덕구 계족로663번길 32 3동 108호(법동, 삼호아파트)",042-345-8240,042-345-8240,4,104,0,4,0,19,0,36.37300563,127.4256062,운영,,2013-01-02,,,2017-05-12
대전광역시,대덕구,사랑뜰어린이집,가정,정상,34304,"대전광역시 대덕구 대덕대로 1555 111동 101호(석봉동,금강엑슬루타워)",042-671-0220,042-671-0220,4,84,0,4,6,20,8,36.45033683321838,127.42045222465843,미운영,,2012-12-31,,,
대전광역시,서구,깨금발어린이집,민간,폐지,35290,대전광역시 서구 도솔로305번길 72 (괴정동),042-536-7756,--,9,311,2,20,0,99,0,36.33825446609934,127.37923114180356,운영,,2012-12-28,,,2025-03-04
대전광역시,유성구,인스빌아이뜰어린이집,가정,폐지,34191,"대전광역시 유성구 봉명로 48 803동 102호(원신흥동, 인스빌리베라아파트)",042-823-2366,--,4,79,0,4,0,20,0,36.34266315114068,127.34451153928659,미운영,,2012-12-28,,,2019-03-26
대전광역시,유성구,푸른나무어린이집,가정,폐지,34090,"대전광역시 유성구 은구비남로 56 909동 102호(노은동, 열매마을9단지아파트)",042-823-5286,042-823-5286,4,76,0,4,0,20,0,36.371584921363954,127.32191500993348,미운영,,2012-12-24,,,2025-04-09
대전광역시,유성구,새봄뜰어린이집,가정,정상,34090,"대전광역시 유성구 은구비남로 56 906동 102호(노은동, 열매마을9단지아파트)",042-826-5958,--,4,85,0,4,6,20,10,36.371584921363954,127.32191500993348,미운영,,2012-12-24,,,
대전광역시,대덕구,꿈사랑어린이집,가정,폐지,34401,"대전광역시 대덕구 동춘당로114번길 60 304동 102호(송촌동, 선비마을3단지아파트)",042-626-4151,--,4,84,0,4,0,19,0,36.36777582,127.4410185,운영,,2012-12-24,,,2023-03-03
대전광역시,대덕구,샛별어린이집,가정,폐지,34403,"대전광역시 대덕구 계족산로 136 504동 104호(송촌동, 선비마을5단지아파트)",042-626-5806,--,4,84,0,4,0,19,0,36.3658,127.44585,운영,,2012-12-14,,,2020-03-16
대전광역시,대덕구,키즈원어린이집,가정,폐지,34304,"대전광역시 대덕구 대덕대로 1555 101동 101호(석봉동,금강엑슬루타워)",042-932-7010,042-932-7010,4,63,0,4,0,18,0,36.45033683321838,127.42045222465843,미운영,,2012-12-13,,,2024-03-11
대전광역시,대덕구,오성어린이집,민간,폐지,34438,대전광역시 대덕구 한밭대로1006번길 52 (오정동),042-635-3744,--,5,207,0,7,0,47,0,36.35624069,127.4120771,운영,,2012-12-12,,,2018-03-12
대전광역시,대덕구,초망어린이집,가정,폐지,34354,"대전광역시 대덕구 계족로761번길 24 110동 109호(읍내동, 현대아파트)",042-633-5056,--,4,85,1,4,0,19,0,36.37856829,127.4254594,운영,smy6309@hanmail.net,2012-12-06,,,2026-03-31
대전광역시,대덕구,예그리나어린이집,가정,폐지,34411,대전광역시 대덕구 계족산로5번길 29 (중리동),042-632-2530,--,4,59,0,4,0,20,0,36.36322647,127.4314948,운영,https://cafe.naver.com/tjkkoma,2012-12-06,,,2025-03-01
대전광역시,유성구,세실리아어린이집,가정,정상,34090,"대전광역시 유성구 은구비남로 56 908동 103호(노은동, 열매마을9단지아파트)",042-352-8479,--,4,82,0,4,6,20,9,36.371584921363954,127.32191500993348,미운영,,2012-11-30,,,
대전광역시,유성구,도토리소풍어린이집,가정,폐지,34022,"대전광역시 유성구 배울1로 35 408동 101호(관평동, 테크노밸리4단지아파트)",042-934-0441,--,4,82,0,4,0,19,0,36.41957116895148,127.38512828022661,미운영,,2012-11-30,,,2019-03-11
대전광역시,중구,리더스만인어린이집,민간,정상,35057,대전광역시 중구 산서로53번길 29 대전 중구 사정동 393-3,042-581-6566,010-4455-0032,6,497,2,9,10,51,15,36.297175153943506,127.38719994681537,운영,,2012-11-05,,,
대전광역시,중구,예인어린이집,민간,폐지,34966,대전광역시 중구 계백로 1622-1 ,042-583-0503,--,5,181,0,7,0,25,0,36.31869931336374,127.4002323581798,운영,cafe.daum.net/ok1004yes,2012-10-24,,,2020-07-06
대전광역시,동구,놀이터어린이집,가정,폐지,34658,"대전광역시 동구 계족로140번길 33 108-101 (대동,펜타뷰)",042-383-7942,--,4,84,0,6,0,20,0,36.327103812924676,127.44567827644562,운영,,2012-10-19,,,2015-07-13
대전광역시,동구,펜타뷰튼튼어린이집,가정,폐지,34658,"대전광역시 동구 계족로140번길 33 102-102 (대동,펜타뷰)",042-284-0313,--,4,104,0,4,0,20,0,36.327103812924676,127.44567827644562,미운영,,2012-10-19,,,2025-08-18
대전광역시,중구,라온어린이집,가정,폐지,35000,"대전광역시 중구 서문로43번길 37 112호(문화동, 햇살아파트)",042-587-0077,042-587-0077,4,49,0,4,0,15,0,36.312579965470846,127.40624521304207,미운영,,2012-10-19,,,2018-05-30
대전광역시,대덕구,참꾸러기어린이집,민간,폐지,34438,대전광역시 대덕구 오정로78번길 61 (오정동),042-625-2506,042-625-2506,4,115,0,4,0,32,0,36.35535153,127.411969,운영,,2012-10-10,,,2019-03-01
대전광역시,중구,키즈엘어린이집,가정,폐지,34899,대전광역시 중구 계백로1615번길 34 현대아파트 103동 102호,042-581-5310,042-721-5310,5,63,0,5,0,20,0,36.32244197680427,127.40209113778086,미운영,,2012-10-09,,,2020-03-06
대전광역시,서구,아기뜰어린이집,가정,폐지,35364,"대전광역시 서구 관저북로 14 408동 101호 (관저동, 원앙마을4단지아파트)",042-841-4610,042-841-4610,3,44,0,4,0,15,0,36.30394343615152,127.34027118786612,미운영,,2012-10-05,,,2023-02-10
대전광역시,유성구,인스빌리베라어린이집,가정,정상,34191,"대전광역시 유성구 봉명로 48 801동 102호(원신흥동, 인스빌리베라아파트)",042-824-0102,042-824-0102,4,76,1,4,6,20,11,36.342791638439785,127.34495767115382,미운영,,2012-10-05,,,
대전광역시,서구,크로바어린이집,가정,정상,35248,"대전광역시 서구 둔산로 155 110동 103호 (둔산동, 크로바아파트)",042-487-0045,070-4833-0054,4,74,0,7,9,20,20,36.35160601572577,127.39273101363975,미운영,,2012-09-28,,,
대전광역시,대덕구,샬롬어린이집,민간,폐지,34405,대전광역시 대덕구 동춘당로 22 (송촌동),042-628-3093,042-628-9035,8,266,1,15,0,88,0,36.36716959,127.4366702,운영,,2012-09-28,,,2019-03-01
대전광역시,동구,즐거운어린이집,가정,폐지,34703,"대전광역시 동구 산내로 1330 103-102 (낭월동,남대전이편한세상아파트)",042-353-6463,--,4,66,0,4,0,20,0,36.28281850486352,127.46973206638421,미운영,,2012-09-21,,,2024-03-29
대전광역시,중구,해솔어린이집,가정,폐지,34896,대전광역시 중구 평촌로 93 쌍용예가아파트 106동 104호,042-522-9804,--,4,69,0,4,0,20,0,36.323637187920184,127.39714375598999,미운영,,2012-09-21,,,2022-03-01
대전광역시,대덕구,리틀파랑새어린이집,가정,폐지,34323,대전광역시 대덕구 대덕대로1458번길 57 (목상동),042-931-8423,042-931-8424,3,85,0,4,0,20,0,36.44686034,127.4119474,운영,다음카페-리틀파랑새 어린이집,2012-09-20,,,2021-03-02
대전광역시,서구,별누리어린이집,가정,폐지,35249,"대전광역시 서구 둔산남로 127 203동 101호 (둔산동,목련아파트)",042-472-5505,042-472-5505,4,57,0,8,0,20,0,36.349238075721026,127.39263004554368,미운영,,2012-09-11,,,2022-03-31
대전광역시,중구,보리어린이집,가정,폐지,34885,대전광역시 중구 태평로 65 삼부아파트 33동13호,042-522-4455,042-522-4455,4,67,0,5,0,20,0,36.32396398810458,127.39093123438323,미운영,,2012-09-04,,,2021-03-12
대전광역시,중구,아이꿈어린이집,가정,정상,34929,대전광역시 중구 대흥로 176-15 현대아파트 6동 103호,042-255-4560,--,4,60,0,4,6,20,9,36.32329438631149,127.43168270635039,운영,,2012-09-04,,,
대전광역시,유성구,트리풀시티어린이집,민간,정상,34200,"대전광역시 유성구 상대남로 26 (상대동, 도안신도시9블록 트리풀시티아파트내)",042-822-0341,042-822-0342,6,176,2,7,11,55,27,36.34168763731098,127.33511926626483,미운영,,2012-08-30,,,
대전광역시,동구,바다숲어린이집,가정,폐지,34703,"대전광역시 동구 산내로 1330 103-103(낭월동, e-편한세상)",042-285-5689,042-285-5689,4,66,0,5,0,18,0,36.282137023218816,127.46885981422652,운영,http://cafe.daum.net/sea5689,2012-08-24,,,2023-12-22
대전광역시,동구,펜타뷰샛별어린이집,가정,폐지,34658,"대전광역시 동구 계족로140번길 33 103-105 (대동,펜타뷰)",042-286-2486,042-286-2486,4,103,0,4,0,20,0,36.327607102761455,127.4450752796542,미운영,,2012-08-06,,,2026-03-26
대전광역시,중구,그리다어린이집,가정,정상,34907,대전광역시 중구 계룡로 852 삼성아파트 22동 105호,070-8818-0345,042-522-0345,4,136,0,8,6,20,14,36.32450545035782,127.40615601895817,미운영,hw5323513@naver.com,2012-08-06,,,
대전광역시,서구,예미지어린이집,가정,폐지,35350,"대전광역시 서구 도안북로 125 108동 105호 (도안동, 예미지아파트)",042-535-4277,--,4,71,0,4,0,20,0,36.33143766049431,127.3421635255844,미운영,,2012-07-26,,,2023-02-24
대전광역시,서구,그린나래어린이집,가정,정상,35350,"대전광역시 서구 도안북로 125 102동 101호 (도안동, 예미지아파트)",042-824-9100,--,4,72,0,4,9,20,18,36.33143766049431,127.3421635255844,미운영,,2012-07-26,,,
대전광역시,서구,사랑해어린이집,가정,폐지,35358,"대전광역시 서구 관저북로 87 104동102호 (관저동,원앙마을1단지아파트)",042-544-7789,042-544-7789,4,58,0,4,0,14,0,36.308803456969684,127.33588768945458,미운영,관저동사랑해어린이집,2012-07-26,,,2019-11-15
대전광역시,중구,꼬마별어린이집,가정,폐지,34867,대전광역시 중구 중앙로 45 센트럴뷰아파트 104/101,042-321-7352,042-321-7352,4,84,0,4,0,19,0,36.323884659967376,127.41633607626001,미운영,,2012-07-16,,,2024-04-22
대전광역시,유성구,헤븐어린이집,민간,재개,34074,"대전광역시 유성구 지족로148번길 40 LH대전노은3지구 4단지아파트 (지족동, 노은4단지)",042-710-5375,070-4015-4007,5,122,1,6,8,39,15,36.37617166199412,127.30570464101757,운영,,2012-07-11,,,
대전광역시,동구,사랑나무어린이집,가정,폐지,34703,"대전광역시 동구 산내로 1330 105-103 (낭월동,e편한세상)",042-286-4785,0504-090-3735,4,77,0,4,0,20,0,36.282137023218816,127.46885981422652,미운영,,2012-07-10,,,2022-03-24
대전광역시,동구,대전한국병원부설어린이집,직장,폐지,34579,대전광역시 동구 동서대로1678번길 32-16 1층(성남동),042-606-1234,042-606-1233,2,37,0,3,0,13,0,36.347559937564974,127.43598245306501,미운영,,2012-07-09,,,2024-12-31
대전광역시,서구,네버랜드어린이집,가정,정상,35218,"대전광역시 서구 청사로 70 108동 104호 (월평동, 누리아파트)",042-486-1868,042-483-1868,4,126,0,5,7,20,18,36.3595786314682,127.3702726221256,미운영,http://cafe.naver.com/1004neverland2012,2012-07-06,,,
대전광역시,대덕구,신탄진어린이집,사회복지법인,휴지,34313,대전광역시 대덕구 신탄진동로 50 (신탄진동),042-932-1122,042-932-1102,7,426,1,13,0,50,0,36.4480037,127.4350255,운영,,2012-07-06,2026-03-01,2027-02-28,
대전광역시,동구,키즈드림어린이집,가정,폐지,34658,"대전광역시 동구 계족로140번길 33 104-104 (대동,펜타뷰)",042-286-5044,042-286-5042,4,97,0,4,0,20,0,36.32781304232685,127.4459184069431,운영,,2012-07-02,,,2021-04-22
대전광역시,대덕구,아이비어린이집,가정,재개,34423,"대전광역시 대덕구 계족산로52번길 50 106동 103호(송촌동, 엘리프송촌더파크)",042-639-3656,--,4,59,0,4,7,19,15,36.35938537205856,127.4395963043777,미운영,,2012-06-29,,,
대전광역시,대덕구,꼬꼬마어린이집,가정,폐지,34382,"대전광역시 대덕구 계족로663번길 32 3동 101호(법동, 삼호아파트)",042-621-7620,042-621-7620,4,86,0,5,0,19,0,36.37300563,127.4256062,운영,,2012-06-28,,,2024-03-18
대전광역시,중구,푸른솔어린이집,가정,정상,34867,대전광역시 중구 중앙로 45 센트럴뷰아파트 104-102,042-221-7942,070-4324-7942,4,84,0,4,8,19,13,36.32365612333113,127.41726587488531,미운영,https://www.instagram.com/pureunsol7942/,2012-06-26,,,
대전광역시,대덕구,종이나라어린이집,가정,폐지,34400,"대전광역시 대덕구 동춘당로114번길 47 210동 102호(송촌동, 선비마을2단지아파트)",042-632-3390,042-632-3390,4,86,0,4,0,20,0,36.369198,127.43889,운영,,2012-06-26,,,2017-10-13
대전광역시,동구,해피키즈어린이집,가정,정상,34637,"대전광역시 동구 동대전로46번길 30 104동 104호(대동, 이스트시티)",042-320-5503,042-320-5501,5,118,0,5,4,20,2,36.32736771371126,127.43900292531063,미운영,,2012-06-22,,,
대전광역시,대덕구,키움어린이집,가정,정상,34307,"대전광역시 대덕구 대청로 53 206동104호(신탄진동,동일스위트리버스카이2단지)",042-936-3732,0504-065-4566,4,59,0,4,7,20,9,36.45425665037774,127.43403897166948,미운영,,2012-06-20,,,
대전광역시,대덕구,프라임어린이집,가정,폐지,34323,대전광역시 대덕구 대덕대로1458번길 47 (목상동),042-931-0427,070-8261-0711,3,132,0,3,0,18,0,36.44728017,127.4121004,운영,,2012-06-20,,,2019-03-01
대전광역시,대덕구,사랑숲어린이집,민간,정상,34379,대전광역시 대덕구 한밭대로1033번길 15 (오정동),042-626-3419,--,6,212,1,7,8,52,20,36.36003979,127.411966,운영,,2012-06-19,,,
대전광역시,중구,코코몽과친구들어린이집,가정,폐지,34895,"대전광역시 중구 평촌로 111 107-106(태평아파트, 태평동)",042-527-7767,042-527-7767,5,114,0,4,0,18,0,36.3131885,127.4324841,미운영,,2012-06-14,,,2016-10-04
대전광역시,동구,노리숲어린이집,가정,정상,34582,"대전광역시 동구 성남로 15 109-105 (성남동,스마트뷰)",042-301-3456,042-301-3456,4,65,0,4,4,20,8,36.34286565800668,127.43327405991256,미운영,http://cafe.naver.com/1004norisup,2012-06-13,,,
대전광역시,대덕구,유원숲어린이집,가정,폐지,34384,"대전광역시 대덕구 계족로663번길 23 2동 102호(법동, 유원아파트)",042-631-8731,042-631-8731,4,64,0,4,0,20,0,36.37003479,127.4279772,운영,,2012-06-08,,,2021-03-02
대전광역시,동구,천사어린이집,가정,폐지,34582,"대전광역시 동구 성남로 15 104-104 (성남동,스마트뷰)",042-361-7342,--,4,82,0,4,0,20,0,36.34286565800668,127.43327405991256,미운영,,2012-06-07,,,2020-03-31
대전광역시,중구,예뜰어린이집,민간,폐지,34867,대전광역시 중구 중앙로 45 센트럴뷰아파트 관리동,042-226-9457,042-226-7896,4,184,0,7,0,37,0,36.32366655320541,127.41685944694119,운영,,2012-06-04,,,2019-12-10
대전광역시,중구,그린키즈어린이집,가정,정상,35018,대전광역시 중구 서문로 32 108-102(문화동 한밭우성아파트),042-582-3260,0505-310-9093,4,76,0,4,9,20,10,36.30936541,127.4103279,운영,http://cafe.naver.com/gkid,2012-06-01,,,
대전광역시,대덕구,까르르어린이집,가정,폐지,34356,"대전광역시 대덕구 아리랑로 211 105동102호(법동, 영진로얄맨션)",042-639-2053,042-626-8315,4,54,0,4,0,19,0,36.37528624,127.4253298,운영,,2012-06-01,,,2019-03-27
대전광역시,중구,엔젤키즈어린이집,민간,폐지,35025,대전광역시 중구 문창로54번길 13-7 (문창동),042-285-1255,042-286-1256,5,109,0,8,0,40,0,36.318633079468015,127.43443279939514,운영,,2012-05-31,,,2021-12-17
대전광역시,서구,푸른하늘어린이집,가정,폐지,35206,"대전광역시 서구 청사로 282 2동 104호 (둔산동, 수정타운아파트)",042-483-0202,--,4,58,0,4,0,19,0,36.35907901836852,127.39804057473336,미운영,,2012-05-31,,,2020-03-27
대전광역시,서구,아가랑어린이집,가정,폐지,35268,"대전광역시 서구 계룡로536번길 9 106동 103호 (괴정동,한신아파트)",042-369-2300,--,4,42,0,4,0,15,0,36.342363376179144,127.38277095043424,운영,,2012-05-31,,,2020-03-31
대전광역시,서구,푸른동산어린이집,가정,폐지,35202,"대전광역시 서구 만년남로 8 102동 103호 (만년동, 상록수아파트)",042-488-5688,--,4,46,0,0,0,15,0,36.36645173959662,127.37875231623148,미운영,,2012-05-29,,,2019-02-27
대전광역시,서구,리틀에디슨어린이집,가정,폐지,35216,"대전광역시 서구 청사로 65 102동 105호 (월평동, 황실타운아파트)",042-482-0601,042-471-5477,4,54,0,4,0,19,0,36.36205938367735,127.37127938288339,운영,,2012-05-29,,,2017-03-10
대전광역시,서구,큰나래어린이집,가정,폐지,35245,"대전광역시 서구 둔산로 201 602동 104호 (둔산동, 국화아파트)",042-471-3410,042-471-1988,4,64,0,5,0,20,0,36.3546809229762,127.39816087001,미운영,,2012-05-21,,,2019-03-15
대전광역시,서구,초록빛나어린이집,가정,폐지,35245,"대전광역시 서구 둔산로 201 505동 107호 (둔산동,국화아파트)",042-365-0105,042-365-0105,4,64,2,5,0,20,0,36.3546809229762,127.39816087001,미운영,,2012-05-21,,,2019-03-20
대전광역시,서구,예쁜하늘어린이집,가정,폐지,35235,"대전광역시 서구 둔산남로 30 110동 106호 (둔산동, 녹원아파트)",042-482-1004,--,4,53,0,4,0,17,0,36.3488309899328,127.381381010249,미운영,,2012-05-21,,,2019-03-15
대전광역시,서구,향촌꼬마숲어린이집,가정,정상,35228,"대전광역시 서구 둔산로 15 109동 103호 (둔산동,향촌아파트)",042-488-7877,042-488-7877,4,67,0,4,7,20,13,36.3540969644497,127.375813909043,미운영,http://www.littleforest.co.kr/home/Dunsan/,2012-05-18,,,
대전광역시,중구,천사친구어린이집,가정,폐지,34887,대전광역시 중구 유천로 93 (유천동),042-522-1333,042-522-1333,4,131,1,4,0,20,0,36.32079615,127.3962816,운영,,2012-05-10,,,2019-11-25
대전광역시,대덕구,하늘사랑어린이집,가정,폐지,34319,대전광역시 대덕구 석봉로30번안길 57 (석봉동) 서우아파트 103동106호,042-936-3732,042-934-5116,4,53,0,4,0,15,0,36.44712429,127.4273092,운영,,2012-05-08,,,2023-03-22
대전광역시,서구,도담이든어린이집,민간,폐지,35351,"대전광역시 서구 도안북로 136 (도안동, 한라비발디아파트)",042-823-2235,--,3,120,0,8,0,40,0,36.328668340133,127.343746317043,미운영,,2012-05-07,,,2022-03-01
대전광역시,서구,한가람어린이집,가정,폐지,35251,"대전광역시 서구 문예로 16 11동 105호 (탄방동, 한가람아파트)",042-482-7620,--,4,84,0,4,0,15,0,36.347878675442,127.390555677771,미운영,,2012-05-03,,,2019-06-20
대전광역시,서구,별그림어린이집,가정,정상,35235,"대전광역시 서구 둔산남로 30 105동 108호 (둔산동, 녹원아파트)",042-389-0123,042-389-0123,3,68,0,4,5,20,11,36.3472016588485,127.381386463359,미운영,https://cafe.daum.net/daejeon-star,2012-05-01,,,
대전광역시,서구,쥬베베어린이집,가정,폐지,35247,"대전광역시 서구 둔산북로 160 10동 102호 (둔산동, 한마루아파트)",042-362-2617,--,3,54,0,0,0,14,0,36.3541770090931,127.392467586141,미운영,,2012-04-26,,,2014-12-29
대전광역시,서구,나비잠어린이집,가정,폐지,35289,대전광역시 서구 동서대로1021번길 40 (내동),042-523-0889,--,3,51,0,4,0,16,0,36.3335288028485,127.376918378849,운영,,2012-04-25,,,2017-10-12
대전광역시,대덕구,로하스어린이집,민간,폐지,306810,대전광역시 대덕구 석봉로44번길 35-12 (석봉동),042-936-5279,042-936-5279,7,230,2,12,0,85,0,36.44558733,127.4272346,운영,,2012-04-23,,,2018-01-22
대전광역시,대덕구,새일어린이집,민간,정상,34333,대전광역시 대덕구 덕암로159번길 34 (덕암동),042-936-7997,042-936-7997,8,255,3,14,13,79,34,36.43542587,127.4203117,운영,https://blog.naver.com/saeil7997,2012-03-30,,,
대전광역시,대덕구,행복나무 어린이집,가정,폐지,34410,대전광역시 대덕구 송촌북로19번길 24 (중리동),042-628-1109,--,4,85,0,0,0,20,0,36.36402497,127.4352966,운영,,2012-03-29,,,2015-06-11
대전광역시,대덕구,별나라어린이집,가정,정상,34391,대전광역시 대덕구 한밭대로1129번길 84 (중리동),042-623-7666,042-623-7666,4,109,0,4,5,20,9,36.36276102,127.423883,운영,lgbg7666@hanmail.net,2012-03-20,,,
대전광역시,대덕구,코끼리망토어린이집,가정,정상,34307,"대전광역시 대덕구 대청로 43 110동 104호(신탄진동, 대전동일스위트리버스카이1단지)",042-487-3114,042-487-3114,3,56,0,3,5,20,7,36.45430127179128,127.43167432280175,미운영,,2012-03-20,,,
대전광역시,대덕구,참사랑영아어린이집,가정,폐지,34308,"대전광역시 대덕구 대청로64번길 11 102동 102호(신탄진동,라이프아파트)",042-932-3140,--,5,70,0,5,0,20,0,36.44624624,127.4340599,미운영,lsunduck@hanmail.net,2012-03-16,,,2023-03-01
대전광역시,대덕구,자연어린이집,가정,폐지,34421,"대전광역시 대덕구 동춘당로23번길 37 105동 104호(송촌동, 서오아파트)",042-633-3007,042-633-3007,3,77,0,4,0,18,0,36.35941683,127.4454785,운영,,2012-03-15,,,2023-07-26
대전광역시,대덕구,솔방울어린이집,가정,정상,34304,"대전광역시 대덕구 대덕대로 1555 105동 102호 (석봉동, 금강엑슬루타워)",042-932-4200,042-932-4200,5,78,0,6,10,20,19,36.44658487,127.4243995,미운영,,2012-03-13,,,
대전광역시,대덕구,행복나라어린이집,가정,폐지,306813,대전광역시 대덕구 송촌북로4번길 21-8 (송촌동),042-636-1109,042-636-1109,4,140,0,4,0,20,0,36.36327073,127.4381859,운영,,2012-03-12,,,2017-03-20
대전광역시,대덕구,푸른숲어린이집,직장,정상,34303,대전광역시 대덕구 대덕대로1277번길 90 제3공단 (문평동),042-333-7180,042-933-7325,3,282,1,7,9,43,8,36.4421552,127.3930763,미운영,,2012-03-07,,,
대전광역시,대덕구,원어린이집,민간,폐지,34417,대전광역시 대덕구 비래동로7번길 54 (비래동),042-635-1930,042-625-1930,5,131,2,7,0,44,0,36.35609482,127.4470296,운영,,2012-03-05,,,2018-03-30
대전광역시,대덕구,해맑은어린이집,민간,폐지,34425,대전광역시 대덕구 동서대로1761번길 15-6 (송촌동),042-624-4229,042-622-4229,5,156,0,6,0,34,0,36.3532356,127.4420829,운영,"다음 카페""대전해맑은어린이집""",2012-03-05,,,2022-08-31
대전광역시,대덕구,사랑가득어린이집,가정,폐지,34398,"대전광역시 대덕구 동춘당로 178 109동 105호(법동, 보람아파트)",042-635-1980,--,4,99,0,5,0,20,0,36.369034,127.430244,운영,,2012-03-05,,,2021-03-10
대전광역시,동구,이편한어린이집,민간,폐지,34703,"대전광역시 동구 산내로 1330 낭월동, e-편한세상아파트 관리동",042-282-2024,042-282-2003,4,289,0,6,0,40,0,36.2818017580954,127.469788324072,미운영,http://cafe.naver.com/sup2024,2012-02-28,,,2018-09-10
대전광역시,유성구,해랑솔어린이집,가정,폐지,34209,"대전광역시 유성구 학하남로 10 205동 104호(계산동, 오투그란데미학아파트)",042-825-3968,--,4,84,0,4,0,20,0,36.3351110986495,127.313002094621,미운영,,2012-02-27,,,2019-04-11
대전광역시,대덕구,아이나라어린이집,가정,폐지,34322,"대전광역시 대덕구 대덕대로1470번길 27 103동 103호(목상동, 동원상록수아파트)",042-931-2783,042-931-2783,3,83,0,4,0,15,0,36.44827508,127.4131894,운영,,2012-02-27,,,2019-03-01
대전광역시,대덕구,미키미니어린이집,민간,폐지,34330,대전광역시 대덕구 덕암북로70번길 29 (덕암동),042-936-8288,042-936-8388,6,179,2,7,0,61,0,36.44390999,127.4230863,운영,,2012-02-24,,,2020-05-11
대전광역시,유성구,네오어린이집,민간,정상,34152,"대전광역시 유성구 덕명로 26 (덕명동, 네오미아아파트 관리동)",042-822-0226,042-286-0601,5,137,5,6,15,49,40,36.35780885706872,127.30234831956264,운영,,2012-02-21,,,
대전광역시,대덕구,푸른어린이집,민간,정상,34414,대전광역시 대덕구 우암동로 23 (비래동),042-621-6901,042-627-6904,5,126,1,11,13,46,37,36.3600566678322,127.4522932675192,운영,,2012-02-20,,,
대전광역시,서구,아이동그라미어린이집,가정,폐지,35243,"대전광역시 서구 둔산북로 175 7동 101호 (둔산동, 햇님아파트)",042-384-1203,042-384-1203,4,64,0,4,0,20,0,36.3565839931689,127.39054551819,미운영,,2012-02-16,,,2019-04-01
대전광역시,대덕구,해누리어린이집,가정,정상,34304,"대전광역시 대덕구 대덕대로 1555 110-101(석봉동, 금강엑슬루타워)",042-931-7009,042-931-7009,4,92,0,4,1,18,0,36.4512964713267,127.421247136075,미운영,,2012-02-13,,,
대전광역시,대덕구,서현어린이집,사회복지법인,정상,34375,대전광역시 대덕구 동심1길 85 (대화동),042-627-4403,042-628-2039,6,208,2,16,14,65,22,36.36329897,127.4131238,운영,,2012-02-09,,,
대전광역시,대덕구,아이미소 어린이집,민간,폐지,306819,대전광역시 대덕구 대전로1076번길 20 (오정동),042-625-6609,042-627-6609,7,313,1,7,0,72,0,36.35059709,127.4168567,운영,,2012-02-01,,,2017-02-15
대전광역시,서구,킨더랜드어린이집,가정,폐지,35247,"대전광역시 서구 둔산북로 160 1동 104호 (둔산동, 한마루아파트)",042-487-3410,--,5,122,0,4,0,20,0,36.35560269580683,127.39190429554097,미운영,,2012-01-31,,,2020-04-16
대전광역시,유성구,새싹나라어린이집,가정,폐지,34200,"대전광역시 유성구 상대남로 26 914동 101호 (상대동, 트리풀시티아파트)",042-000-0000,--,5,99,0,6,0,20,0,36.34226546882351,127.33602177320347,미운영,,2012-01-30,,,2018-02-22
대전광역시,유성구,사랑뜰어린이집,가정,폐지,34195,"대전광역시 유성구 동서대로 725 1212동 104호(원신흥동, 어울림하트아파트)",042-322-3747,--,4,84,0,4,0,20,0,36.34167512874866,127.33957037871923,미운영,,2012-01-25,,,2019-03-22
대전광역시,대덕구,보물섬어린이집,민간,폐지,34321,대전광역시 대덕구 대덕대로1514번길 11 (목상동),042-933-1518,042-933-1517,7,324,1,13,0,82,0,36.448396768423684,127.41648732728384,운영,cafe.daum.net/kid-bomulsum,2012-01-12,,,2016-11-30
대전광역시,대덕구,사과나무어린이집,법인·단체등,폐지,34428,대전광역시 대덕구 계족로505번길 90 (중리동),042-673-0537,042-345-0537,4,180,1,8,0,56,0,36.35688346,127.4278963,운영,용전교회사과나무어린이집,2012-01-12,,,2024-03-01
대전광역시,대덕구,피피쿠스사랑어린이집,민간,폐지,34421,대전광역시 대덕구 동춘당로15번길 1 (송촌동),042-635-0078,042-634-2998,10,344,1,20,0,39,0,36.36048706,127.4465473,운영,,2012-01-12,,,2023-08-31
대전광역시,동구,스마트뷰어린이집,민간,정상,34582,대전광역시 동구 성남로 15 (성남동  ),042-638-1233,042-638-2252,6,134,0,15,16,47,32,36.34261433870704,127.43255254406589,미운영,,2012-01-09,,,
대전광역시,대덕구,희망어린이집,가정,폐지,34401,"대전광역시 대덕구 동춘당로114번길 60 302동 101호(송촌동, 선비마을3단지아파트)",042-331-0071,042-342-0071,4,93,0,5,0,20,0,36.36777582,127.4410185,운영,,2012-01-05,,,2018-04-13
대전광역시,유성구,풀꽃사랑어린이집,가정,정상,34200,"대전광역시 유성구 상대남로 26 919동 102호(상대동, 도안신도시9블록 트리풀시티아파트)",042-533-6967,042-533-6967,5,120,0,5,8,20,20,36.34009181754088,127.3321450759904,미운영,,2011-12-29,,,
대전광역시,서구,아이천사어린이집,가정,정상,35402,"대전광역시 서구 도산로 8 803동 101호 (도마동, 도마 e편한세상 포레나)",042-541-4487,070-4300-4487,4,61,1,4,8,20,20,36.312635322071785,127.38484890695615,미운영,ckckkeum@hanmail.net,2011-12-20,,,
대전광역시,서구,도안하바어린이집,가정,정상,35351,"대전광역시 서구 도안북로 136 105동 101호 (도안동, 한라비발디아파트)",042-524-7555,042-524-7555,3,96,0,4,8,20,19,36.32964860003908,127.34382188313535,미운영,,2011-12-20,,,
대전광역시,서구,푸른샘어린이집,민간,정상,35355,"대전광역시 서구 도안동로 177 커뮤니티센터 (도안동, 수목토아파트)",042-541-0153,--,4,174,1,8,10,63,46,36.31870562955515,127.34602345431841,미운영,,2011-12-13,,,
대전광역시,대덕구,하브루타kids어린이집,민간,폐지,34332,"대전광역시 대덕구 덕암로 200 101동 보육시설(평촌동, 행복한마을아파트)",042-931-1333,042-931-1335,7,172,1,8,0,40,0,36.43870721990827,127.42384263514984,운영,,2011-12-02,,,2020-01-02
대전광역시,동구,아이든어린이집,가정,폐지,34593,"대전광역시 동구 우암로 192 107-101(가양동,아침마을아파트)",042-627-3827,070-4009-0899,4,67,0,4,0,20,0,36.34177833084277,127.43886876199443,미운영,,2011-12-01,,,2025-05-13
대전광역시,유성구,꼬마대통령어린이집,가정,정상,34195,"대전광역시 유성구 동서대로 725 1204동 102호(원신흥동, 어울림하트아파트)",042-823-5242,--,4,77,0,4,7,20,20,36.334845954145685,127.3402403391492,미운영,,2011-11-30,,,
대전광역시,유성구,그린하트어린이집,가정,정상,34195,"대전광역시 유성구 동서대로 725 1212동 103호(원신흥동, 어울림하트아파트)",042-823-2777,042-823-2777,4,65,0,4,7,20,14,36.334845954145685,127.3402403391492,미운영,,2011-11-30,,,
대전광역시,유성구,알곡어린이집,가정,폐지,34195,"대전광역시 유성구 동서대로 725 1204동 103호(원신흥동, 어울림하트아파트)",042-822-9143,--,3,65,0,4,0,20,0,36.334845954145685,127.3402403391492,미운영,,2011-11-30,,,2023-03-15
대전광역시,유성구,꼬마노리터어린이집,가정,정상,34191,"대전광역시 유성구 봉명로 94 709동 101호(봉명동, 도안7단지예미지백조의호수)",042-861-0111,--,4,84,0,4,6,20,12,36.34680998854152,127.34587714719963,미운영,,2011-11-30,,,
대전광역시,대덕구,파인트리어린이집,민간,폐지,34313,대전광역시 대덕구 신탄진로778번길 89 (신탄진동),042-936-6945,042-936-6945,5,226,3,8,0,53,0,36.44771863,127.4345836,운영,,2011-11-29,,,2018-12-06
대전광역시,대덕구,정순키즈어린이집,가정,폐지,306796,"대전광역시 대덕구 비래서로10번길 21 101동 109호(비래동, 비래한신휴플러스)",042-628-6415,042-628-6415,4,86,0,5,0,19,0,36.35698914,127.4449542,운영,,2011-11-29,,,2016-03-18
대전광역시,유성구,가람슬기어린이집,민간,정상,34195,"대전광역시 유성구 동서대로 725 (원신흥동, 어울림하트아파트내)",042-824-3320,042-824-3320,5,260,1,7,16,46,40,36.33397718066958,127.34276301986056,미운영,,2011-11-22,,,
대전광역시,서구,키즈빌어린이집,민간,정상,35306,대전광역시 서구 유등로483번길 28 (용문동),042-527-7942,--,9,314,2,13,19,107,52,36.333436487089074,127.39332623598776,운영,https://kidsvill.kidsnote.ac/home/main,2011-11-21,,,
대전광역시,대덕구,슬아어린이집,가정,폐지,34391,대전광역시 대덕구 한밭대로1111번길 58 (중리동),042-623-2007,--,4,62,0,4,0,20,0,36.36094492,127.4221838,미운영,,2011-11-18,,,2024-01-16
대전광역시,대덕구,해오름어린이집,가정,정상,34374,대전광역시 대덕구 대오길 41 (대화동),042-636-5005,042-637-2009,4,61,0,4,7,20,14,36.36386131,127.4151387,운영,,2011-11-17,,,
대전광역시,동구,베베스타어린이집,가정,정상,34593,"대전광역시 동구 우암로 192 107-102  (가양1동,아침마을아파트)",042-621-5210,042-622-6642,4,67,0,4,4,20,6,36.34177833084277,127.43886876199443,미운영,,2011-11-15,,,
대전광역시,동구,펜타뷰라온어린이집,민간,폐지,34658,대전광역시 동구 계족로140번길 33 (대동.펜타뷰),042-271-3222,--,5,117,0,6,0,30,0,36.327103812924676,127.44567827644562,미운영,,2011-11-14,,,2024-02-01
대전광역시,서구,도안새싹어린이집,가정,폐지,35351,"대전광역시 서구 도안북로 136 102동 104호 (도안동, 한라비발디아파트)",042-823-0270,042-823-0270,3,57,0,4,0,20,0,36.32964860003908,127.34382188313535,미운영,,2011-11-10,,,2023-11-30
대전광역시,동구,아침햇살어린이집,가정,폐지,34593,대전광역시 동구 우암로 192 102-101 (가양1동),042-623-5113,042-626-5112,4,66,0,4,0,20,0,36.34177833084277,127.43886876199443,미운영,,2011-11-07,,,2023-03-27
대전광역시,유성구,신영어린이집,가정,폐지,34209,"대전광역시 유성구 학하남로 10 211동 104호 (계산동, 오투그란데미학아파트)",042-825-3362,042-825-3362,3,85,0,4,0,20,0,36.34369179038406,127.30230961233674,미운영,,2011-11-07,,,2024-02-29
대전광역시,유성구,꼬마숲학하어린이집,가정,폐지,34209,"대전광역시 유성구 학하남로 10 213동 103호(계산동, 오투그란데미학아파트)",042-352-7942,--,5,92,0,7,0,20,0,36.342761,127.303173,미운영,,2011-11-07,,,2025-04-08
대전광역시,유성구,사랑뜰도만스쿨어린이집,민간,폐지,34207,"대전광역시 유성구 학하로 33 (계산동, 학하리슈빌 학의뜰아파트 관리동)",042-826-0506,042-826-0506,5,210,0,6,0,49,0,36.3378197598009,127.30112140173472,미운영,,2011-10-11,,,2021-12-01
대전광역시,동구,베베킹 어린이집,민간,폐지,34552,대전광역시 동구 동서대로1683번길 33-22 (용전동),042-632-5210,.-0000-0000,4,173,0,6,0,38,0,36.34987465808707,127.43484564695251,운영,00,2011-10-10,,,2018-05-02
대전광역시,대덕구,예다움영아어린이집,가정,정상,34307,"대전광역시 대덕구 대청로 43 106동 101호(신탄진동, 대전동일스위트리버스카이1단지)",042-633-8091,--,4,59,0,4,7,20,12,36.365798151518774,127.44584628166625,미운영,,2011-10-07,,,
대전광역시,대덕구,고은아기어린이집,가정,폐지,34354,"대전광역시 대덕구 계족로761번길 24 106동 108호(읍내동, 현대아파트)",042-622-3579,--,4,106,0,4,0,19,0,36.37856829,127.4254594,운영,,2011-09-29,,,2018-03-07
대전광역시,중구,그린나래 어린이집,가정,폐지,34810,대전광역시 중구 목동로 70 올리브힐아파트 102동 103호(목동),042-224-8884,042-224-8884,4,74,0,4,0,17,0,36.33728971623741,127.40610654073099,미운영,,2011-09-27,,,2024-04-22
대전광역시,동구,아침마을어린이집,민간,폐지,34593,대전광역시 동구 우암로 192 아침마을 아파트 관리동 (가양1동),042-623-5770,042-626-5772,6,96,0,8,0,35,0,36.34177833084277,127.43886876199443,미운영,,2011-09-21,,,2020-12-01
대전광역시,유성구,맑은별어린이집,가정,폐지,34198,"대전광역시 유성구 상대로 17 311동 101호(상대동, 한라비발디아파트)",042-321-8971,042-321-8971,4,85,0,0,0,20,0,36.35801576,127.3075436,운영,,2011-09-09,,,2017-11-28
대전광역시,중구,동화나라 어린이집,가정,정상,34810,대전광역시 중구 목동로 70 올리브힐아파트 108동 104호(목동),042-242-1254,--,4,84,0,4,5,19,6,36.33734728451149,127.40613802733701,미운영,,2011-09-07,,,
대전광역시,중구,올리브힐 어린이집,민간,폐지,34810,대전광역시 중구 목동로 70 올리브힐 아파트 단지내 관리동,042-242-5522,042-242-5115,4,246,1,8,0,39,0,36.33734728451149,127.40613802733701,운영,,2011-08-30,,,2024-11-30
대전광역시,대덕구,하나몬테소리어린이집,가정,폐지,34401,"대전광역시 대덕구 동춘당로114번길 60 308동 106호(송촌동, 선비마을3단지아파트)",042-637-6380,042-639-6380,4,85,0,4,0,20,0,36.36777582,127.4410185,운영,http://club.cyworld.com/hanakids,2011-08-30,,,2022-03-03
대전광역시,동구,에셀나무어린이집,민간,폐지,34627,대전광역시 동구 대전천동로 566-1 (중동),042-283-6699,042-222-6001,5,262,0,8,0,47,0,36.3310245097838,127.42887488147903,미운영,설치전,2011-08-09,,,2018-12-27
대전광역시,대덕구,해피아이어린이집,가정,폐지,34411,대전광역시 대덕구 계족산로5번길 9 (중리동),042-624-2531,042-624-2531,4,116,0,6,0,20,0,36.36238946,127.431736,운영,,2011-07-25,,,2018-03-15
대전광역시,유성구,사랑퐁당어린이집,가정,폐지,34198,"대전광역시 유성구 상대로 17 310동 102호(상대동, 한라비발디아파트)",042-822-1030,--,5,85,0,6,0,20,0,36.35801576,127.3075436,미운영,,2011-07-11,,,2020-03-16
대전광역시,서구,이든샘어린이집,가정,정상,35235,"대전광역시 서구 둔산남로 30 109동 106호 (둔산동, 녹원아파트)",042-384-5124,--,3,53,0,4,4,16,2,36.347549979561116,127.38003135173322,미운영,js681106@naver.com,2011-07-05,,,
대전광역시,중구,더샵어린이집,가정,폐지,34817,대전광역시 중구 목동로22번길 16 더샵아파트 관리동 (목동),042-221-5533,0504-011-8328,4,173,0,8,0,20,0,36.333516434818506,127.41001614239507,운영,,2011-06-20,,,2026-03-01
대전광역시,서구,연두아이누리어린이집,가정,정상,35305,"대전광역시 서구 계룡로686번길 18 102동 103호 (용문동, 아이누리아파트)",042-525-3425,042-525-3425,4,60,0,4,8,20,17,36.335395522989,127.39587628532777,미운영,,2011-06-13,,,
대전광역시,대덕구,아이자람어린이집,가정,폐지,34332,"대전광역시 대덕구 덕암로 200 103동 104호(평촌동, 행복한마을아파트)",042-935-1486,042-935-1486,4,70,1,4,0,20,0,36.43810342,127.424219,미운영,,2011-05-30,,,2021-04-19
대전광역시,서구,황실어린이집,가정,폐지,35216,"대전광역시 서구 청사로 65 106동 106호 (월평동, 황실타운아파트)",042-368-3866,042-368-3866,4,60,0,4,0,20,0,36.3609518,127.3717596,미운영,,2011-05-26,,,2019-03-15
대전광역시,서구,아가야어린이집,가정,폐지,35364,"대전광역시 서구 관저북로 14 413동 105호 (관저동, 원앙마을4단지아파트)",042-328-5674,--,3,28,0,3,0,10,0,36.309538,127.3363108,미운영,,2011-05-17,,,2017-04-03
대전광역시,서구,보물상자어린이집,가정,폐지,35234,"대전광역시 서구 둔산남로 15 102동 103호(둔산동, 은하수아파트)",042-484-0104,--,4,50,0,0,0,17,0,36.35384888,127.3836558,미운영,,2011-05-16,,,2014-03-18
대전광역시,서구,우리아이어린이집,가정,폐지,35234,"대전광역시 서구 둔산남로 15 103동 109호 (둔산동, 은하수아파트)",042-489-3663,--,4,62,0,4,0,20,0,36.35522045,127.4035233,미운영,,2011-05-16,,,2018-08-31
대전광역시,서구,고운맘어린이집,가정,폐지,35202,"대전광역시 서구 만년남로 8 108동 108호 (만년동, 상록수아파트)",042-484-0032,--,3,53,0,4,0,15,0,36.36683864,127.372606,미운영,,2011-05-16,,,2025-03-17
대전광역시,서구,꿈이있는아이어린이집,가정,폐지,35263,"대전광역시 서구 문정로90번길 60 105동 105호 (탄방동, 한우리아파트)",042-486-4799,--,4,60,0,4,0,19,0,36.34477908,127.3882793,미운영,,2011-05-13,,,2025-04-04
대전광역시,서구,갑천어린이집,가정,폐지,35201,"대전광역시 서구 만년로 25 101동 101호 (만년동, 강변아파트)",042-483-2399,--,4,81,0,4,0,20,0,36.36859104,127.3759484,미운영,band.us/@gapcheon,2011-04-27,,,2024-10-08
대전광역시,유성구,아이숲어린이집,민간,정상,34155,"대전광역시 유성구 덕명로 63 (덕명동, 하우스토리아파트 관리동)",042-710-8448,042-710-8448,3,94,0,7,8,21,10,36.35831013776839,127.30650381348913,미운영,,2011-04-27,,,
대전광역시,동구,큰숲어린이집,민간,폐지,34532,대전광역시 동구 흥룡로37번길 68 (가양2동),042-622-9995,042-622-9923,4,115,1,5,0,39,0,36.35064606,127.4445413,운영,joo 0428 @naver.com,2011-04-25,,,2025-04-02
대전광역시,유성구,아이맘어린이집,가정,폐지,305757,대전 유성구 원내동  진잠타운아파트 104동 110호 ,042-542-2125,--,3,42,0,0,0,10,0,,,,,2011-04-19,,,2011-04-22
대전광역시,유성구,메이지어린이집,민간,폐지,34095,대전광역시 유성구 하기로 34-21 (하기동),042-863-1447,--,9,360,4,0,0,84,0,36.38762453,127.3353903,운영,,2011-04-14,,,2014-03-01
대전광역시,유성구,노은도담어린이집,가정,폐지,34090,"대전광역시 유성구 은구비남로 34 813동 104호(노은동, 열매마을8단지아파트)",042-328-7999,--,4,85,0,4,0,20,0,36.37080217,127.3194024,미운영,,2011-03-25,,,2019-03-13
대전광역시,유성구,보예굿맘어린이집,가정,폐지,34022,"대전광역시 유성구 배울2로 6 103동 101호(관평동, 테크노밸리1단지아파트)",042-328-1020,042-328-1020,4,85,0,5,0,20,0,36.42515858,127.3946148,미운영,,2011-03-22,,,2020-07-27
대전광역시,유성구,숲속꼬마숲어린이집,가정,폐지,34022,"대전광역시 유성구 배울1로 35 409동 101호(관평동, 테크노밸리4단지아파트)",042-934-4091,042-934-4091,3,85,0,4,0,20,0,36.41947836,127.384439,미운영,,2011-03-21,,,2022-09-15
대전광역시,서구,아이미소어린이집,가정,폐지,35205,"대전광역시 서구 문예로 174 108동 101호 (둔산동, 샘머리아파트1단지)",042-483-0889,042-483-0889,4,60,0,1,0,19,0,36.35419613,127.4032414,미운영,,2011-03-11,,,2015-09-09
대전광역시,유성구,테크노꿈이크는어린이집,가정,폐지,34023,"대전광역시 유성구 배울2로 78 602동 101호(관평동, 테크노밸리6단지아파트)",042-936-7977,--,4,75,0,0,0,20,0,36.41988434,127.3839964,미운영,,2011-03-10,,,2018-02-27
대전광역시,동구,해담어린이집,민간,폐지,34681,대전광역시 동구 은어송로 117 현대아이파크 관리동1층 (가오동),042-286-9787,042-285-9787,4,95,0,4,0,23,0,36.31100734,127.4604871,운영,,2011-03-08,,,2024-02-01
대전광역시,서구,샘머리아이자람어린이집,가정,폐지,35205,"대전광역시 서구 청사로 281 215동 101호 (둔산동, 샘머리아파트2단지)",042-485-1248,042-483-1248,4,84,0,5,0,20,0,36.36176,127.39442,미운영,,2011-03-08,,,2022-03-01
대전광역시,서구,햇님굿맘어린이집,가정,정상,35247,"대전광역시 서구 둔산북로 160 107동 103호 (둔산동, 한마루아파트)",042-487-9637,042-486-6313,4,66,0,7,7,20,13,36.354179491538005,127.39318615289928,미운영,,2011-03-08,,,
대전광역시,서구,파랑새굿맘어린이집,가정,정상,35228,"대전광역시 서구 둔지로 75 102동 102호 (둔산동, 파랑새아파트)",042-483-6776,--,4,76,2,4,7,20,15,36.356388,127.37461,운영,,2011-03-08,,,
대전광역시,유성구,글로벌아이어린이집,가정,폐지,34021,"대전광역시 유성구 배울2로 3 806동 105호(관평동, 테크노밸리8단지아파트)",042-933-2230,--,3,84,0,4,0,19,0,36.41529678,127.39683,미운영,,2011-03-08,,,2018-02-22
대전광역시,유성구,봄별꽃어린이집,가정,폐지,34085,"대전광역시 유성구 은구비남로 55 707동 104호(지족동, 열매마을7단지아파트)",042-823-4239,--,3,51,0,5,0,19,0,36.37347850854685,127.32233160247509,미운영,,2011-03-08,,,2021-05-10
대전광역시,유성구,날아라올챙이어린이집,가정,폐지,34090,"대전광역시 유성구 은구비남로 56 907동 102호(노은동, 열매마을9단지아파트)",042-826-7590,--,3,83,0,4,0,20,0,36.37080217,127.3194024,미운영,,2011-03-07,,,2022-05-16
대전광역시,서구,해피키즈어린이집,가정,정상,35205,"대전광역시 서구 청사로 253 204동 103호 (둔산동, 꿈나무아파트)",042-362-0808,042-362-0808,4,70,0,4,7,18,11,36.36023,127.391945,미운영,,2011-03-04,,,
대전광역시,유성구,하임어린이집,가정,폐지,34033,"대전광역시 유성구 배울2로 134 105동 102호(용산동, 푸르지오하임아파트)",070-4085-6732,042-935-1545,3,66,0,0,0,20,0,36.41778247,127.3968476,미운영,,2011-03-03,,,2014-03-18
대전광역시,유성구,KAIST어린이집,직장,정상,34141,대전광역시 유성구 대학로 291 (구성동),042-350-0853,042-350-0854,12,538,1,51,51,180,143,36.36735108118341,127.36000794741874,미운영,https://kaistchild.or.kr,2011-02-28,,,
대전광역시,서구,대전숲어린이집,민간,정상,35377,대전광역시 서구 계백로776번길 115 (관저동),042-546-3100,042-546-3600,8,395,1,14,18,138,48,36.28462024,127.3224836,운영,http://cafe.naver.com/djforest/,2011-02-25,,,
대전광역시,유성구,리베폴어린이집,가정,폐지,34021,"대전광역시 유성구 관평1로 12 706동 102호(관평동, 테크노밸리7단지아파트)",042-671-0009,--,5,91,0,4,0,20,0,36.43029805,127.3952753,미운영,,2011-02-25,,,2021-03-15
대전광역시,서구,아이짱굿맘어린이집,가정,정상,35205,"대전광역시 서구 청사로 281 221동 103호 (둔산동, 샘머리아파트2단지)",042-478-7070,042-478-7070,4,73,0,4,6,20,11,36.36062684587339,127.39471715526027,미운영,,2011-02-24,,,
대전광역시,유성구,해피트리어린이집,가정,재개,34078,대전광역시 유성구 북유성대로155번길 57 (지족동),042-862-6000,042-862-6000,4,147,1,4,9,20,19,36.3802723371198,127.3206990852865,미운영,,2011-02-22,,,
대전광역시,서구,대전법원어린이집,직장,정상,35263,대전광역시 서구 문정로90번길 81 (탄방동),042-477-3339,042-489-3336,6,339,2,20,12,73,31,36.34346983,127.3879765,미운영,,2011-02-17,,,
대전광역시,대덕구,참몬테소리어린이집,가정,정상,34347,"대전광역시 대덕구 신탄진로218번길 20 103동 106호(와동, 대덕브라운스톤)",042-672-3514,042-672-3514,4,57,0,4,4,20,7,36.3990635739667,127.42567237486686,미운영,,2011-02-17,,,
대전광역시,서구,꿈보라어린이집,가정,폐지,35246,"대전광역시 서구 둔산로 241 202동 107호 (둔산동, 보라아파트)",042-369-3608,--,3,46,0,0,0,9,0,36.35235993,127.4006461,미운영,,2011-02-14,,,2016-02-16
대전광역시,유성구,별사탕어린이집,가정,폐지,34011,"대전광역시 유성구 구즉로 25 304동 106호(송강동, 송강그린아파트)",042-364-8654,042-935-8654,4,77,0,4,0,20,0,36.432846,127.3819,미운영,htt://cafe.naver.com/quf3648654,2011-02-11,,,2019-03-11
대전광역시,대덕구,고슴도치어린이집,가정,정상,34304,"대전광역시 대덕구 대덕대로 1555 112동 101호(석봉동, 금강엑슬루타워)",042-621-1505,--,4,63,0,4,5,20,5,36.45307804011524,127.4209252749574,미운영,,2011-02-09,,,
대전광역시,유성구,즐거운네오미아어린이집,가정,정상,34152,"대전광역시 유성구 덕명로 26 106동 102호(덕명동, 네오미아아파트)",042-822-7402,042-822-7402,4,83,0,4,5,20,13,36.35717133811315,127.30134229688517,운영,,2011-01-31,,,
대전광역시,유성구,아이린어린이집,가정,정상,34085,"대전광역시 유성구 은구비남로 55 708동 101호(지족동, 열매마을7단지아파트)",042-352-3172,042-352-3172,4,84,0,4,9,20,20,36.37310392431384,127.32255292936458,미운영,,2011-01-26,,,
대전광역시,서구,은빛어린이집,가정,폐지,35206,"대전광역시 서구 청사로 282 8동 107호 (둔산동, 수정타운아파트)",042-476-7173,042-476-7173,3,46,0,3,0,16,0,36.358104918628634,127.39702741287746,미운영,,2011-01-18,,,2023-03-24
대전광역시,서구,둥지어린이집,가정,정상,35207,"대전광역시 서구 청사로 254 112동 101호 (둔산동, 둥지아파트)",042-382-3370,042-382-3370,3,59,0,4,8,19,18,36.3580999720938,127.3930721736079,미운영,,2011-01-18,,,
대전광역시,서구,향촌어린이집,가정,폐지,35228,"대전광역시 서구 둔산로 15 116동 105호 (둔산동, 향촌아파트)",042-485-3895,--,4,59,0,4,0,19,0,36.35405412,127.4022364,미운영,,2011-01-14,,,2019-03-20
대전광역시,유성구,예꿈어린이집,가정,폐지,34199,"대전광역시 유성구 상대로 40 403동 104호(상대동, 도안휴먼시아4단지아파트)",042-321-6914,--,3,43,0,3,0,13,0,36.33534096,127.3360419,미운영,,2011-01-12,,,2017-12-29
대전광역시,유성구,숲속꼬마어린이집,가정,폐지,34021,"대전광역시 유성구 배울2로 19 908동 102호(관평동, 테크노밸리9단지아파트)",042-933-2515,042-933-2515,4,84,0,1,0,20,0,36.4226959,127.3885006,미운영,,2011-01-10,,,2016-06-16
대전광역시,유성구,한국테크노돔H KIDZ어린이집,직장,정상,34127,대전광역시 유성구 유성대로935번길 50 (죽동),042-724-2981,042-724-2983,7,295,1,24,24,99,73,36.3797194084,127.3382026829,미운영,,2010-12-30,,,
대전광역시,동구,고은빛어린이집,가정,정상,34640,대전광역시 동구 계족로 137 새들뫼 휴먼시아아파트 109동 103호 (대동),042-274-8479,042-274-8479,4,85,0,4,8,20,13,36.32807614,127.4424182,미운영,,2010-12-29,,,
대전광역시,동구,별하어린이집,가정,정상,34640,"대전광역시 동구 계족로 137 110-102 (대동,휴먼시아)",042-282-2988,042-282-2988,4,101,0,4,10,20,16,36.32850856,127.4419953,미운영,,2010-12-29,,,
대전광역시,동구,꼬마별어린이집,가정,폐지,34640,"대전광역시 동구 계족로 137 103-104 (대동,휴먼시아)",042-283-7799,042-283-7799,4,101,0,4,0,20,0,36.32691111,127.4420946,미운영,hyunjuda007@naver.com,2010-12-29,,,2024-12-01
대전광역시,유성구,하늘꿈어린이집,가정,폐지,34067,"대전광역시 유성구 반석서로 98 608동 101호(반석동, 반석마을6단지아파트)",042-477-7901,070-8233-7901,4,76,0,4,0,20,0,36.39432694,127.3090131,미운영,,2010-12-29,,,2023-09-11
대전광역시,서구,고운무지개어린이집,가정,폐지,35205,"대전광역시 서구 청사로 281 217동 104호 (둔산동, 샘머리아파트2단지)",042-526-8356,--,4,61,0,4,0,19,0,36.36176,127.39442,운영,,2010-12-23,,,2016-04-26
대전광역시,서구,재영어린이집,가정,폐지,35245,"대전광역시 서구 둔산로 201 205동 108호 (둔산동, 국화아파트)",042-472-1767,--,4,81,0,5,0,20,0,36.35410612,127.3973381,운영,,2010-12-23,,,2022-03-31
대전광역시,서구,사랑나무어린이집,가정,폐지,35205,"대전광역시 서구 청사로 281 205동 101호 (둔산동, 샘머리아파트2단지)",042-482-7974,--,4,68,1,0,0,20,0,36.36176,127.39442,미운영,,2010-12-23,,,2014-05-09
대전광역시,서구,숲속애어린이집,가정,폐지,35205,"대전광역시 서구 청사로 253 201동 105호 (둔산동, 꿈나무아파트)",042-483-3177,042-483-3177,4,60,0,4,0,19,0,36.36023,127.391945,미운영,,2010-12-23,,,2017-05-01
대전광역시,유성구,도안미소가득어린이집,민간,재개,34199,"대전광역시 유성구 상대로 40 (상대동, 도안휴먼시아4단지 관리동)",042-822-5217,0504-154-8682,6,152,1,12,9,49,26,36.35312695,127.338966,운영,,2010-12-20,,,
대전광역시,대덕구,미래 어린이집,가정,폐지,34403,"대전광역시 대덕구 계족산로 136 514동 103호(송촌동, 선비마을5단지아파트)",042-638-8666,042-638-8666,4,84,0,4,0,19,0,36.3658,127.44585,미운영,,2010-12-20,,,2017-06-16
대전광역시,유성구,들꽃어린이집,가정,정상,34049,"대전광역시 유성구 엑스포로 448 105동 105호(전민동, 엑스포아파트)",042-861-9171,--,4,144,0,6,8,20,20,36.4032223511771,127.40629774909179,미운영,,2010-12-15,,,
대전광역시,대덕구,피카츄영재어린이집,가정,폐지,34382,"대전광역시 대덕구 계족로663번길 32 4동 109호(법동, 삼호아파트)",042-632-0144,--,4,84,0,5,0,19,0,36.37300563,127.4256062,운영,,2010-12-15,,,2017-03-20
대전광역시,유성구,지혜의숲요술콩어린이집,가정,폐지,34023,"대전광역시 유성구 배울2로 42 505동 105호(관평동, 테크노밸리5단지아파트)",042-935-3033,--,3,84,0,4,0,19,0,36.41085565,127.387125,미운영,,2010-12-13,,,2017-09-08
대전광역시,유성구,예랑뜰어린이집,가정,폐지,34231,"대전광역시 유성구 진잠로42번길 30 101동 106호(원내동, 한아름아파트)",042-542-9912,--,4,84,0,0,0,20,0,36.29502186472298,127.31762512919428,미운영,,2010-12-10,,,2015-06-17
대전광역시,대덕구,하담영아어린이집,가정,폐지,34402,"대전광역시 대덕구 계족산로 135 402동 102호(송촌동, 선비마을4단지아파트)",042-300-5258,--,3,84,0,0,0,12,0,36.367798,127.44337,미운영,,2010-12-08,,,2015-05-14
대전광역시,유성구,해람어린이집,가정,폐지,34061,"대전광역시 유성구 송림로 20 201동 102호(하기동, 송림마을2단지아파트)",042-824-0078,042-824-0078,3,87,1,4,0,19,0,36.38883867,127.3297766,운영,,2010-12-07,,,2019-03-13
대전광역시,유성구,예랑어린이집,가정,폐지,34190,"대전광역시 유성구 봉명로 93 604동 101호(봉명동, 도안휴먼시아6단지아파트)",042-826-3507,042-527-7689,4,91,0,5,0,20,0,36.35884803,127.3428876,운영,http://cafe.daum.net/happy3507,2010-12-02,,,2020-08-03
대전광역시,유성구,안데르센어린이집,가정,폐지,34190,"대전광역시 유성구 봉명로 93 609동 101호(봉명동, 도안휴먼시아6단지아파트)",042-826-5313,--,4,87,0,4,0,20,0,36.35958398,127.3444626,운영,,2010-12-01,,,2017-03-17
대전광역시,유성구,가인어린이집,가정,정상,34190,"대전광역시 유성구 봉명로 93 606동 102호(봉명동, 도안6단지 센트럴시티)",042-483-8438,042-483-8438,4,85,1,4,7,18,15,36.3476377730496,127.3432016439688,운영,,2010-11-26,,,
대전광역시,유성구,꿈자람어린이집,가정,폐지,34190,"대전광역시 유성구 봉명로 93 602동 104호(봉명동, 도안휴먼시아6단지아파트)",042-301-5789,042-301-5789,4,84,0,4,0,20,0,36.35809727,127.3410822,미운영,,2010-11-26,,,2019-03-13
대전광역시,유성구,킨더그린어린이집,민간,정상,34182,대전광역시 유성구 유성대로626번길 40 (구암동),042-824-6788,042-824-6787,9,365,2,14,18,99,58,36.34919855,127.3292798,운영,www.kindergreen.co.kr,2010-11-26,,,
대전광역시,유성구,프뢰벨어린이집,가정,폐지,34022,"대전광역시 유성구 배울2로 24 311동 101호(관평동, 테크노밸리3단지아파트)",042-936-7042,--,4,130,0,5,0,20,0,36.4212107,127.3856977,미운영,,2010-11-25,,,2020-10-12
대전광역시,유성구,구암파니파니어린이집,민간,정상,34178,대전광역시 유성구 유성대로668번길 134-6 (구암동),042-822-0709,042-824-0709,9,301,5,16,21,114,80,36.3511704,127.3366952,운영,,2010-11-25,,,
대전광역시,유성구,포근한어린이집,가정,폐지,34190,"대전광역시 유성구 봉명로 93 605동 102호(봉명동, 도안휴먼시아6단지아파트)",042-322-5711,042-322-5171,4,72,0,0,0,20,0,36.35830509,127.3421613,운영,,2010-11-22,,,2014-12-08
대전광역시,유성구,도안보노보노어린이집,가정,폐지,34190,"대전광역시 유성구 봉명로 93 603동 104호(봉명동, 도안6단지 센트럴시티)",042-320-9100,042-320-9105,4,84,0,4,0,20,0,36.35799466,127.3415967,미운영,,2010-11-22,,,2024-02-29
대전광역시,유성구,도안마을아이자람어린이집,가정,폐지,34190,"대전광역시 유성구 봉명로 93 605동 103호(봉명동, 도안휴먼시아6단지아파트)",042-823-1486,042-823-1486,4,99,0,4,0,20,0,36.35830509,127.3421613,운영,,2010-11-22,,,2017-07-03
대전광역시,유성구,리틀엔젤어린이집,가정,폐지,34190,"대전광역시 유성구 봉명로 93 608동 104호(봉명동, 도안6단지 센트럴시티)",042-383-9499,042-383-9498,4,99,0,4,0,19,0,36.35841288,127.3432423,운영,,2010-11-22,,,2019-03-13
대전광역시,유성구,킹스키즈어린이집,가정,폐지,34190,"대전광역시 유성구 봉명로 93 609동 104호(봉명동, 도안6단지 센트럴시티아파트)",042-867-7458,042-825-7459,4,58,0,4,0,20,0,36.35958398,127.3444626,운영,,2010-11-22,,,2020-10-27
대전광역시,유성구,노란풍선어린이집,가정,폐지,34190,"대전광역시 유성구 봉명로 93 601동 103호(봉명동, 도안6단지 센트럴시티)",042-822-0527,--,4,112,0,7,0,20,0,36.35931583,127.3425706,운영,,2010-11-19,,,2019-03-12
대전광역시,유성구,알짬어린이집,가정,정상,34190,"대전광역시 유성구 봉명로 93 602동 101호(봉명동, 도안휴먼시아6단지아파트)",042-585-0020,042-585-0020,3,84,0,4,8,20,20,36.346797992371926,127.34378837099433,운영,,2010-11-18,,,
대전광역시,유성구,토토빌어린이집,가정,폐지,34190,"대전광역시 유성구 봉명로 93 608동 102호(봉명동, 도안휴먼시아6단지아파트)",042-822-7977,--,4,84,0,4,0,20,0,36.35841288,127.3432423,운영,,2010-11-18,,,2021-08-26
대전광역시,유성구,키즈원어린이집,민간,정상,34190,"대전광역시 유성구 봉명로 93 (봉명동, 도안휴먼시아6단지아파트 관리동)",042-328-3012,042-325-3012,4,175,0,6,9,36,21,36.35312695,127.338966,미운영,,2010-11-18,,,
대전광역시,유성구,꿈사랑어린이집,가정,폐지,34190,"대전광역시 유성구 봉명로 93 602동 103호(봉명동, 도안휴먼시아6단지아파트)",042-824-3443,--,4,84,0,4,0,20,0,36.35809727,127.3410822,운영,,2010-11-17,,,2016-07-01
대전광역시,유성구,푸른꿈나무어린이집,가정,폐지,34080,"대전광역시 유성구 노은서로 222 106동 101호(지족동, 열매마을1단지아파트)",042-825-7969,--,4,84,0,4,0,20,0,36.379612,127.31728,미운영,,2010-11-17,,,2023-04-11
대전광역시,서구,꽃누리어린이집,가정,폐지,302120,대전 서구 둔산동 한마루(아) 106-102 ,042-482-0337,--,5,101,0,0,0,20,0,,,,,2010-11-16,,,2011-03-14
대전광역시,유성구,은별어린이집,가정,폐지,34107,대전광역시 유성구 신성로61번길 34 (신성동),042-867-2009,--,4,85,0,0,0,20,0,36.35830509,127.3421613,미운영,,2010-11-16,,,2015-04-07
대전광역시,유성구,해맑은사랑나무어린이집,가정,폐지,34190,"대전광역시 유성구 봉명로 93 602동 102호(봉명동, 도안휴먼시아6단지아파트)",042-383-7935,--,4,84,0,3,0,20,0,36.35809727,127.3410822,운영,,2010-11-16,,,2017-03-24
대전광역시,서구,슬바아어린이집,가정,정상,35245,"대전광역시 서구 둔산로 201 202동 106호 (둔산동, 국화아파트)",042-485-7736,--,5,81,0,5,7,20,15,36.35410612,127.3973381,미운영,http://cafe.daum.net/slba-a,2010-11-15,,,
대전광역시,유성구,아이와나무어린이집,가정,정상,34190,"대전광역시 유성구 봉명로 93 603동 103호(봉명동, 도안휴먼시아6단지아파트)",042-822-1568,042-822-1568,3,85,0,4,7,20,12,36.35799466,127.3415967,운영,,2010-11-15,,,
대전광역시,유성구,꿈꾸는세상어린이집,가정,폐지,34190,"대전광역시 유성구 봉명로 93 608동 101호(봉명동, 도안6단지 센트럴시티)",042-322-7845,--,3,107,0,4,0,20,0,36.35841288,127.3432423,운영,,2010-11-12,,,2024-02-29
대전광역시,유성구,아이랑어린이집,가정,정상,34190,"대전광역시 유성구 봉명로 93 606동 103호(봉명동, 도안휴먼시아6단지아파트)",042-368-3223,--,4,99,1,4,7,20,19,36.34764012993514,127.34316544938592,미운영,,2010-11-11,,,
대전광역시,유성구,다솔어린이집,가정,정상,34190,"대전광역시 유성구 봉명로 93 601동 102호(봉명동, 도안6단지 센트럴시티)",042-825-5250,--,4,112,0,4,6,20,8,36.34770810505333,127.34381465191056,운영,,2010-11-11,,,
대전광역시,유성구,잼잼어린이집,가정,정상,34190,"대전광역시 유성구 봉명로 93 605동 101호(봉명동, 도안휴먼시아6단지아파트)",042-533-5090,--,4,110,0,4,6,20,8,36.346817792705494,127.34317019580133,운영,,2010-11-11,,,
대전광역시,유성구,도안허브어린이집,가정,폐지,34190,"대전광역시 유성구 봉명로 93 610동 102호(봉명동, 도안휴먼시아6단지아파트)",042-526-0511,042-823-3436,4,57,0,4,0,19,0,36.35950126,127.3464723,운영,,2010-11-11,,,2017-03-17
대전광역시,동구,새들뫼 키움어린이집,민간,폐지,34640,대전광역시 동구 계족로 137 대신새들뫼 휴먼시아아파트 1단지 (대동),042-285-2100,--,5,120,1,6,0,36,0,36.32748271,127.4421385,운영,,2010-11-08,,,2024-06-30
대전광역시,대덕구,하나어린이집,가정,정상,34396,"대전광역시 대덕구 계족로690번길 21 102동 103호(법동, 선비마을1단지아파트)",042-636-2207,--,4,63,0,4,3,20,2,36.37282606,127.4300776,미운영,,2010-11-08,,,
대전광역시,서구,한마루어린이집,가정,폐지,35247,"대전광역시 서구 둔산북로 160 106동 101호 (둔산동, 한마루아파트)",042-484-0354,042-484-0354,5,74,2,5,0,20,0,36.35433442,127.4027791,미운영,,2010-10-15,,,2020-09-16
대전광역시,서구,둥지꼬마숲어린이집,가정,폐지,302734,"대전광역시 서구 청사로 254 106동 101호 (둔산동, 둥지아파트)",042-352-3737,042-352-3737,4,48,0,4,0,16,0,36.35386108,127.403644,운영,,2010-10-15,,,2016-03-17
대전광역시,유성구,빛가람어린이집,가정,폐지,305759,대전 유성구 하기동 송림마을아파트 101-101 ,042-826-9227,042-826-9227,4,84,0,0,0,16,0,,,,http://cafe.daum.net/8269227,2010-10-11,,,2010-10-11
대전광역시,유성구,생각나무어린이집,민간,정상,34193,"대전광역시 유성구 원신흥로 37 (원신흥동, 도안휴먼시아10단지아파트 관리동)",042-822-2446,042-822-2446,4,281,3,6,9,51,21,36.33953467369694,127.34058188257288,운영,,2010-10-06,,,
대전광역시,유성구,봉명어린이집,민간,폐지,34179,대전광역시 유성구 계룡로88번길 67 (봉명동),042-825-8338,042-825-8330,5,360,2,8,0,84,0,36.35100312,127.3393627,운영,,2010-10-06,,,2019-03-08
대전광역시,유성구,맑음어린이집,가정,폐지,34105,대전광역시 유성구 유성대로1163번길 27-6 (자운동),042-861-8001,042-861-8001,4,79,0,4,0,20,0,36.39471033,127.3483648,운영,,2010-09-29,,,2021-04-02
대전광역시,유성구,도안어린이집,민간,정상,34188,"대전광역시 유성구 도안대로 560 (봉명동, 도안마을1단지아파트 관리동)",042-826-7614,042-826-7614,6,261,2,8,10,61,17,36.35033839694651,127.34185715772745,미운영,,2010-09-17,,,
대전광역시,서구,주은숲어린이집,가정,폐지,35355,"대전광역시 서구 도안동로 177 105동 102호 (도안동, 수목토아파트)",042-585-9192,--,3,62,0,4,0,15,0,36.31897027,127.344775,운영,,2010-09-16,,,2021-08-02
대전광역시,유성구,썸머어린이집,가정,폐지,34140,"대전광역시 유성구 어은로 57 123동 104호(어은동, 한빛아파트)",042-328-5718,--,4,56,0,4,0,19,0,36.36422096190118,127.35424408342366,미운영,,2010-09-16,,,2020-03-11
대전광역시,서구,아이별어린이집,가정,폐지,35234,"대전광역시 서구 둔산남로 15 110동 104호 (둔산동, 은하수아파트)",042-488-5226,042-488-5226,3,69,0,4,0,15,0,36.35449695,127.4026609,미운영,,2010-09-13,,,2025-06-19
대전광역시,대덕구,해마루어린이집,가정,폐지,34402,"대전광역시 대덕구 계족산로 135 412동 101호(송촌동, 선비마을4단지아파트)",042-335-7995,042-335-7998,4,85,0,4,0,19,0,36.367798,127.44337,미운영,,2010-09-13,,,2019-03-01
대전광역시,서구,푸른나무어린이집,가정,정상,35201,"대전광역시 서구 만년로 45 103동 113호 (만년동, 초원아파트)",042-485-4819,042-485-4819,4,52,0,4,6,16,11,36.368387768481725,127.37813111961262,미운영,푸른나무아이하우스-Daum,2010-08-31,,,
대전광역시,대덕구,현대어린이집,가정,폐지,34354,"대전광역시 대덕구 계족로761번길 24 101동 102호(읍내동, 현대아파트)",042-622-2004,042-622-2004,4,84,0,4,0,19,0,36.37856829,127.4254594,운영,,2010-08-31,,,2019-11-01
대전광역시,서구,수목토어린이집,가정,정상,35355,"대전광역시 서구 도안동로 177 114동 102호 (도안동, 수목토아파트)",042-346-1004,042-346-1004,4,68,0,4,7,20,19,36.31744318,127.3458569,미운영,,2010-08-27,,,
대전광역시,서구,해솔어린이집,가정,정상,35355,"대전광역시 서구 도안동로 177 115동 102호 (도안동, 수목토아파트)",042-543-1020,0504-025-6989,4,68,0,4,7,20,20,36.31766783,127.3452414,미운영,,2010-08-24,,,
대전광역시,서구,조은아이어린이집,가정,정상,35355,"대전광역시 서구 도안동로 177 106동 103호 (도안동, 수목토아파트)",042-546-0003,042-546-0003,4,68,0,4,9,20,17,36.31830034,127.344883,미운영,,2010-08-20,,,
대전광역시,서구,리틀아이사랑어린이집,가정,폐지,35344,"대전광역시 서구 배재로 185 106동 102호 (도마동, 대아아파트)",042-525-6388,042-525-0016,3,84,0,4,0,19,0,36.31559993,127.3720379,운영,kyung9015@hanmail.net,2010-08-19,,,2024-03-21
대전광역시,중구,아가뽀뽀어린이집,가정,폐지,34817,"대전광역시 중구 목동로22번길 16 107동 103호(목동, 더샾아파트)",042-223-0132,--,4,99,0,4,0,18,0,36.33361085,127.4103357,미운영,,2010-08-18,,,2019-03-18
대전광역시,유성구,코코킨더어린이집,가정,폐지,34140,"대전광역시 유성구 어은로 57 127동 101호(어은동, 한빛아파트)",042-867-0979,042-867-0969,3,54,0,4,0,18,0,36.36012646,127.3369379,미운영,,2010-08-17,,,2024-02-29
대전광역시,동구,다하어린이집,민간,폐지,34681,"대전광역시 동구 은어송로 100 복지관 1층 (은어송5단지, 가오동)",042-285-5252,042-286-5256,4,103,0,4,0,35,0,36.30808975,127.4596387,운영,,2010-08-16,,,2020-03-01
대전광역시,서구,샛별어린이집,가정,정상,35245,"대전광역시 서구 둔산로 201 101동 102호 (둔산동, 국화아파트)",042-488-1088,042-488-1088,3,52,0,4,6,18,5,36.35557370025763,127.40008114206293,운영,tbvjdjdejddl@hanmall.net,2010-08-16,,,
대전광역시,대덕구,한신휴어린이집,민간,폐지,34419,대전광역시 대덕구 비래서로10번길 21 한신휴아파트 관리동1층 (비래동),042-625-2310,--,5,145,0,4,0,31,0,36.35461785,127.4462891,미운영,,2010-08-06,,,2026-04-08
대전광역시,중구,지니어스어린이집,가정,정상,34817,"대전광역시 중구 목동로22번길 16 108동 103호(목동, 더아파트)",042-257-3069,0504-483-7402,4,99,0,4,6,20,11,36.33361085,127.4103357,미운영,,2010-08-04,,,
대전광역시,서구,엄지어린이집,가정,폐지,35245,"대전광역시 서구 둔산로 201 302동 106호(둔산동, 국화신동아아파트)",042-369-0863,042-369-0863,4,57,0,0,0,20,0,36.35410612,127.3973381,,cafe.daum.net/umjischool,2010-08-02,,,2012-01-31
대전광역시,서구,파랑새꼬마숲어린이집,가정,폐지,35228,"대전광역시 서구 둔지로 75 101동 103호 (둔산동, 파랑새아파트)",042-369-1475,--,4,84,0,4,0,19,0,36.356388,127.37461,미운영,mlhg3@ naver.com,2010-08-02,,,2019-08-12
대전광역시,서구,피노키오어린이집,가정,폐지,35235,"대전광역시 서구 둔산남로 30 108동 102호 (둔산동, 녹원아파트)",042-489-6555,042-489-6555,3,68,0,4,0,20,0,36.35419613,127.4032414,미운영,,2010-07-29,,,2021-03-01
대전광역시,서구,아이자람어린이집,가정,폐지,35228,"대전광역시 서구 둔산로 15 110동 103호 (둔산동, 향촌아파트)",042-488-1486,042-488-1486,4,69,0,5,0,20,0,36.354131623664415,127.37585626258261,미운영, http://www.i-jaram.com/daejeon/,2010-07-29,,,2024-03-01
대전광역시,유성구,하늘영재어린이집,가정,폐지,34009,대전광역시 유성구 구즉로48번길 33 (송강동),042-936-7110,--,2,62,0,3,0,20,0,36.43281975,127.386804,운영,,2010-07-23,,,2016-03-07
대전광역시,서구,좋은생각어린이집,가정,폐지,35235,"대전광역시 서구 둔산남로 30 112동 106호 (둔산동, 녹원아파트)",042-487-2178,--,3,53,0,4,0,16,0,36.35491504,127.4024638,운영,,2010-07-15,,,2018-08-20
대전광역시,동구,새들뫼어린이집,민간,폐지,34640,대전광역시 동구 계족로 135 새들뫼 휴먼시아아파트2단지 관리동어린이집 (대동),042-320-6463,042-383-6463,5,96,0,5,0,21,0,36.32635382,127.4435721,미운영,,2010-07-13,,,2026-03-31
대전광역시,유성구,솔지어린이집,가정,폐지,34079,"대전광역시 유성구 노은동로 219 302동 101호(지족동, 열매마을3단지아파트)",042-328-2752,--,4,47,0,4,0,16,0,36.37964,127.32006,미운영,,2010-07-02,,,2018-04-12
대전광역시,서구,깨비친구어린이집,가정,폐지,35316,대전광역시 서구 변정6길 107 (변동),042-524-6027,042-524-6027,4,92,0,0,0,20,0,36.32276336,127.3837002,미운영,,2010-06-30,,,2014-05-08
대전광역시,유성구,하스람친구어린이집,가정,정상,34071,"대전광역시 유성구 지족로 343 205동 102호(지족동, 반석마을2단지아파트)",042-477-6889,042-477-6889,4,54,1,4,7,20,12,36.38816112,127.3144046,미운영,,2010-06-30,,,
대전광역시,서구,우정어린이집,가정,폐지,35358,"대전광역시 서구 관저북로 80 203동 103호 (관저동, 원앙마을)",042-385-1117,042-385-1117,3,99,0,0,0,12,0,36.309976440319865,127.33914830768511,미운영,,2010-06-24,,,2016-03-16
대전광역시,서구,둔산가람어린이집,가정,폐지,35244,"대전광역시 서구 둔산북로 215 15동 101호 (둔산동, 가람아파트)",070-7557-4288,070-7557-4288,4,88,1,5,0,20,0,36.357189749112315,127.39690021044457,미운영,,2010-06-22,,,2022-03-25
대전광역시,서구,수정어린이집,가정,정상,35206,"대전광역시 서구 청사로 282 14동 108호 (둔산동, 수정타운아파트)",042-328-1080,--,4,66,1,4,8,20,20,36.3585664395708,127.39780409212821,미운영,,2010-06-21,,,
대전광역시,대덕구,사랑보노보노어린이집,가정,폐지,34382,"대전광역시 대덕구 계족로663번길 32 1동 107호(법동, 삼호아파트)",042-626-1677,--,4,77,0,4,0,18,0,36.37300563,127.4256062,미운영,,2010-06-11,,,2017-03-10
대전광역시,서구,비파어린이집,가정,폐지,35317,대전광역시 서구 중반2길 29 (변동),042-535-4391,042-535-4381,4,83,0,3,0,15,0,36.32562157,127.3813266,미운영,http://cafe.daum.net/sacrificer,2010-06-10,,,2023-04-18
대전광역시,유성구,앤서니어린이집,가정,폐지,34090,"대전광역시 유성구 은구비남로 34 815동 104호(노은동, 열매마을8단지아파트)",042-825-9979,--,4,122,0,4,0,20,0,36.37080217,127.3194024,미운영,,2010-06-10,,,2022-06-02
대전광역시,대덕구,큰별어린이집,민간,폐지,34416,대전광역시 대덕구 신상로 17 (비래동),042-628-4848,042-673-4848,7,322,1,8,0,68,0,36.35516583,127.4557091,운영,,2010-06-08,,,2018-10-31
대전광역시,중구,애플트리어린이집,가정,폐지,34886,"대전광역시 중구 태평로 80 3동 18호(태평동, 삼부아파트1단지)",042-285-0907,--,4,49,0,4,0,17,0,36.32225077,127.392016,미운영,bmk8069@naver.com,2010-06-07,,,2019-06-21
대전광역시,서구,예쁜어린이집,가정,폐지,35201,"대전광역시 서구 만년로 45 102동 102호 (만년동, 초원아파트)",042-486-5677,--,4,42,0,4,0,14,0,36.36812296,127.3783057,미운영,,2010-06-03,,,2018-12-18
대전광역시,유성구,젤라어린이집,민간,폐지,34176,대전광역시 유성구 계룡로26번길 46 (구암동),042-823-3435,042-823-3436,8,229,1,9,0,85,0,36.35395261,127.332664,운영,,2010-05-28,,,2019-05-17
대전광역시,유성구,열매보노보노어린이집,가정,폐지,34079,"대전광역시 유성구 노은동로 233 203동 106호(지족동, 열매마을2단지아파트)",042-826-1130,--,4,70,0,4,0,16,0,36.38879731,127.313291,미운영,http://cafe.naver.com/fruitbonobono,2010-05-26,,,2017-01-19
대전광역시,서구,토마토리어린이집,가정,폐지,35273,"대전광역시 서구 갈마로103번길 36 4동 101호 (갈마동, 쌍용아파트)",042-369-0212,--,4,60,0,4,0,19,0,36.34441006,127.37221,운영,,2010-05-19,,,2018-03-01
대전광역시,서구,가온어린이집,가정,폐지,35201,"대전광역시 서구 만년로 45 108동 106호 (만년동, 초원아파트)",042-489-5253,070-7016-1290,4,59,0,4,0,14,0,36.36812296,127.3783057,미운영,,2010-05-12,,,2017-05-04
대전광역시,서구,아이맘어린이집,가정,정상,35371,"대전광역시 서구 관저로 51 505동 101호 (관저동, 구봉마을5단지)",042-384-1102,--,4,61,0,4,6,20,10,36.3003673287,127.3284232316,운영,,2010-05-04,,,
대전광역시,중구,다밀어린이집,민간,정상,35018,대전광역시 중구 과례로 31 (문화동),042-586-0055,042-586-5585,4,222,1,10,11,39,21,36.31126665,127.4106131,운영,,2010-04-23,,,
대전광역시,서구,모모어린이집,가정,정상,35246,"대전광역시 서구 둔산로 223 6동 101호(둔산동, 청솔아파트)",042-362-1882,--,4,138,0,5,7,20,10,36.35123849,127.3950439,미운영,,2010-04-20,,,
대전광역시,서구,푸른숲어린이집,가정,폐지,35379,"대전광역시 서구 관저동로90번길 15 112동 102호 (관저동, 관저리슈빌아파트)",042-352-8383,--,4,84,0,4,0,19,0,36.30141679,127.3420047,미운영,,2010-04-19,,,2020-03-25
대전광역시,서구,아이마음어린이집,가정,폐지,35265,"대전광역시 서구 대덕대로 150 123동 102호 (갈마동, 큰마을아파트)",042-532-0995,--,4,84,0,4,0,19,0,36.34507,127.37692,운영,,2010-04-19,,,2018-06-11
대전광역시,유성구,솜사탕어린이집,가정,정상,34226,"대전광역시 유성구 진잠로149번길 24 106동 104호(교촌동, 제이파크아파트)",042-542-0695,042-542-9090,4,84,0,4,6,13,7,36.30450374,127.3190213,미운영,,2010-04-16,,,
대전광역시,서구,포근한어린이집,가정,정상,35346,"대전광역시 서구 배재로 139-31 114동 111호 (도마동, 경남아파트2단지)",042-535-2997,--,3,99,0,4,10,20,20,36.31643712,127.3715112,운영,,2010-04-14,,,
대전광역시,대덕구,이지어린이집,민간,정상,34332,대전광역시 대덕구 덕암로148번안길 82 (평촌동),042-935-5577,042-936-4970,10,458,1,15,19,87,57,36.43629338,127.4247041,운영,ezkid.co.kr,2010-04-13,,,
대전광역시,유성구,해담솔어린이집,가정,폐지,34011,"대전광역시 유성구 구즉로 25 307동 102호(송강동, 송강그린아파트)",042-361-9110,042-361-9110,3,42,0,0,0,13,0,36.432846,127.3819,운영,,2010-04-08,,,2015-11-20
대전광역시,대덕구,아기천사어린이집,가정,폐지,34403,"대전광역시 대덕구 계족산로 136 509동 104호(송촌동, 선비마을5단지아파트)",042-637-6370,042-639-7004,4,99,0,0,0,20,0,36.3658,127.44585,운영,,2010-04-08,,,2014-09-16
대전광역시,서구,선정어린이집,민간,폐지,35326,대전광역시 서구 변동중로45번길 42 (변동),042-487-1404,--,6,136,0,8,0,46,0,36.32972111,127.3726364,운영,,2010-04-02,,,2019-03-18
대전광역시,유성구,사랑그린어린이집,가정,폐지,34067,"대전광역시 유성구 반석서로 98 604동 103호(반석동, 반석마을6단지아파트)",042-320-7179,--,4,84,1,4,0,18,0,36.394728579432964,127.31025269372991,미운영,,2010-04-02,,,2026-03-17
대전광역시,유성구,금화어린이집,가정,폐지,34118,"대전광역시 유성구 가정로 43 110동 104호(신성동, 한울아파트)",042-863-7750,042-863-7750,4,117,0,5,0,20,0,36.38565089,127.3473336,운영,ssbooja@naver.com,2010-04-01,,,2018-12-04
대전광역시,유성구,이야기가있는어린이집,가정,정상,34009,대전광역시 유성구 구즉로48번길 15 (송강동),042-935-7727,--,3,58,0,3,5,20,2,36.43309672781325,127.38596018877912,운영,,2010-04-01,,,
대전광역시,서구,다솜예능어린이집,가정,폐지,35266,대전광역시 서구 갈마로147번길 88 1층 (갈마동),042-526-5954,042-000-0000,3,109,0,4,0,20,0,36.34212341,127.3778607,운영,,2010-03-30,,,2023-08-14
대전광역시,서구,엔젤아이어린이집,가정,폐지,35346,"대전광역시 서구 배재로 155-26 110동 108호 (도마동, 경남아파트2단지)",042-537-6761,--,3,99,1,4,0,19,0,36.32325961,127.3694661,미운영,,2010-03-29,,,2017-01-18
대전광역시,서구,혜람어린이집,가정,폐지,35206,"대전광역시 서구 청사로 282 11동 108호 (둔산동, 수정타운아파트)",042-488-1591,042-488-1591,3,102,0,4,0,19,0,36.35911,127.39879,미운영,,2010-03-26,,,2018-12-27
대전광역시,대덕구,또래어린이집,가정,폐지,34348,"대전광역시 대덕구 신탄진로 217 103동 106호(신대동, 주공아파트)",042-622-3011,--,2,34,0,0,0,9,0,36.3998757,127.4217887,운영,,2010-03-26,,,2016-04-28
대전광역시,유성구,법무부함께크는어린이집,직장,정상,34220,대전광역시 유성구 한우물로66번길 2-50 (대정동),042-543-7545,042-367-7545,5,220,1,11,11,48,34,36.31034309,127.3250906,운영,,2010-03-25,,,
대전광역시,서구,공작어린이집,가정,폐지,35251,"대전광역시 서구 문정로 131 3동 107호 (탄방동, 공작한양아파트)",042-472-9556,042-472-9556,3,99,0,4,0,19,0,36.3478838,127.3939246,미운영,,2010-03-23,,,2020-04-02
대전광역시,서구,해뜬어린이집,가정,정상,35383,"대전광역시 서구 구봉산북로 165 307동 105호 (관저동, 다온숲아파트)",042-551-3233,042-551-3233,3,99,0,4,8,20,10,36.292454255382985,127.33772324136446,미운영,,2010-03-18,,,
대전광역시,대덕구,예쁜사랑어린이집,가정,폐지,34407,"대전광역시 대덕구 동춘당로 151 111동 105호(법동, 그린아파트)",042-627-5677,--,4,84,0,4,0,19,0,36.36680555,127.4351573,운영,,2010-03-16,,,2023-03-01
대전광역시,대덕구,물사랑어린이집,직장,정상,34350,"대전광역시 대덕구 신탄진로 200 (연축동, 한국수자원공사)",042-629-3750,042-629-3751,7,590,2,23,26,90,57,36.37626433,127.4214575,미운영,,2010-03-15,,,
대전광역시,대덕구,꿈꾸는어린이집,가정,폐지,34331,"대전광역시 대덕구 덕암로234번길 15 101동 101호(덕암동, 덕암마을아파트)",042-933-0359,--,4,85,0,4,0,20,0,36.44025724,127.4268153,운영,,2010-03-11,,,2020-03-26
대전광역시,대덕구,행복한어린이집,가정,폐지,34401,"대전광역시 대덕구 동춘당로114번길 60 309동 101호(송촌동, 선비마을3단지아파트)",042-623-7942,042-346-1004,4,85,1,4,0,19,0,36.36777582,127.4410185,운영,godqhrgks7942@hanmill.net,2010-03-11,,,2023-03-08
대전광역시,서구,경남어린이집,가정,폐지,35346,"대전광역시 서구 배재로 155-7 105동 105호 (도마동, 경남아파트2단지)",042-536-7179,042-536-7179,4,115,0,5,0,18,0,36.32218816919208,127.36989744482083,미운영,,2010-03-09,,,2019-12-23
대전광역시,유성구,빛가람어린이집,가정,폐지,34061,"대전광역시 유성구 송림로 20 202동 105호(하기동, 송림마을2단지아파트)",042-826-9227,042-352-1182,3,70,0,4,0,16,0,36.38744477620885,127.3196853051355,운영,http://cafe.daum.net/8269227,2010-03-09,,,2017-04-06
대전광역시,유성구,사랑꽃어린이집,가정,폐지,34085,"대전광역시 유성구 은구비남로 55 710동 102호(지족동, 열매마을7단지아파트)",042-362-4242,042-362-4242,4,84,0,4,0,20,0,36.37343,127.320915,미운영,,2010-03-08,,,2019-03-13
대전광역시,유성구,아이캐슬어린이집,가정,폐지,34049,"대전광역시 유성구 엑스포로 448 304동 101호(전민동, 엑스포아파트)",042-867-0225,--,3,80,0,0,0,19,0,36.39936898,127.4025161,운영,,2010-03-04,,,2016-02-15
대전광역시,서구,굿맘키즈어린이집,가정,폐지,35327,대전광역시 서구 동서대로1006번길 87 (변동),042-522-0889,--,4,102,0,4,0,20,0,36.32919061,127.3715001,운영,,2010-03-03,,,2019-01-21
대전광역시,대덕구,라온어린이집,가정,정상,34304,"대전광역시 대덕구 대덕대로 1555 108동 102호(석봉동, 금강엑슬루타워)",042-932-6565,042-932-6565,4,82,0,4,9,20,17,36.4503718606804,127.42169147675881,미운영,,2010-03-03,,,
대전광역시,유성구,해피키즈어린이집,가정,폐지,34177,대전광역시 유성구 계룡로46번길 35 (봉명동),042-824-5979,--,4,107,0,4,0,20,0,36.35360148,127.3354758,미운영,,2010-03-02,,,2026-03-31
대전광역시,유성구,향기나무어린이집,가정,정상,34010,"대전광역시 유성구 구즉로 16 105동 105호(송강동, 한마을아파트)",042-934-7981,--,4,84,0,4,4,19,5,36.44042234,127.3837918,운영,,2010-03-02,,,
대전광역시,유성구,알파킨더어린이집,가정,폐지,34066,대전광역시 유성구 반석서로 67 (반석동),042-826-7973,042-826-7979,3,92,0,0,0,20,0,36.39356146,127.30771,운영,,2010-02-23,,,2016-02-19
대전광역시,유성구,꿈샘어린이집,가정,폐지,34061,"대전광역시 유성구 송림로 13 송림마을 102동 101호 (하기동, 송림마을아파트1단지)",042-487-0861,042-487-0861,3,84,0,4,0,19,0,36.388489,127.3186274,운영,,2010-02-23,,,2020-04-13
대전광역시,동구,삼성키즈캐슬어린이집,협동,폐지,34620,대전광역시 동구 대전천동로 681 (삼성동),042-637-7222,--,4,289,0,4,0,48,0,36.33797716,127.4262133,운영,,2010-02-22,,,2018-05-18
대전광역시,서구,아이숲어린이집,가정,폐지,35305,"대전광역시 서구 도산로370번길 55 102동 110호 (용문동, 서우아파트)",042-535-4929,042-535-4929,4,143,0,5,0,20,0,36.33556415,127.3947095,미운영,,2010-02-16,,,2022-04-15
대전광역시,유성구,수피아어린이집,가정,정상,34061,"대전광역시 유성구 송림로 20 206동 102호(하기동, 송림마을2단지아파트)",042-254-1400,070-8611-1400,4,113,3,5,6,20,16,36.38695031038827,127.3225989672635,미운영,네이버블로그  수피아어린이집,2010-02-10,,,
대전광역시,유성구,노은큰꿈어린이집,가정,폐지,34085,"대전광역시 유성구 은구비남로 55 705동 104호(지족동, 열매마을7단지아파트)",042-825-9512,010-6610-7085,4,60,0,4,0,20,0,36.38572484,127.2968418,운영,,2010-02-09,,,2021-03-15
대전광역시,유성구,기쁨해어린이집,가정,폐지,34198,"대전광역시 유성구 월드컵대로290번길 20 201동 106호(상대동, 목련아파트2단지)",042-822-3756,0504-286-5520,3,84,0,4,0,19,0,36.34754433,127.2921708,미운영,,2010-02-08,,,2021-03-15
대전광역시,서구,하늘정원어린이집,가정,폐지,35339,대전광역시 서구 도솔6길 100 (도마동),042-321-7746,010-3000-0774,3,102,0,4,0,19,0,36.3143327,127.3704813,운영,,2010-02-03,,,2017-04-27
대전광역시,서구,품속어린이집,가정,폐지,35324,대전광역시 서구 도마로43번길 8-2 (변동),042-523-6620,--,4,79,0,0,0,19,0,36.32275317,127.3754866,미운영,kys66200@hanmail.net,2010-02-03,,,2014-11-14
대전광역시,유성구,아이자람어린이집,가정,폐지,34010,"대전광역시 유성구 구즉로 16 113동 103호(송강동, 한마을아파트)",042-381-0802,042-381-0803,3,84,0,4,0,18,0,36.42485949,127.3828419,미운영,,2010-01-27,,,2020-03-31
대전광역시,서구,좋은나무어린이집,가정,폐지,35226,대전광역시 서구 월평새뜸로8번길 61-6 (월평동),042-322-3005,--,4,94,0,5,0,17,0,36.35394577,127.3565574,운영,,2010-01-26,,,2020-02-07
대전광역시,서구,수림어린이집,가정,폐지,35374,"대전광역시 서구 관저로 48 708동 102호 (관저동, 구봉마을7단지)",042-542-2663,042-542-2663,2,69,0,0,0,10,0,36.297302,127.327194,미운영,,2010-01-25,,,2014-11-27
대전광역시,유성구,반석꿈나래어린이집,가정,폐지,34071,"대전광역시 유성구 지족로 317 101동 104호(지족동, 반석마을1단지아파트)",042-826-6131,--,3,84,0,4,0,20,0,36.38819,127.31193,미운영,,2010-01-25,,,2025-04-23
대전광역시,유성구,숲으로어린이집,가정,폐지,34140,"대전광역시 유성구 어은로 57 106동 104호(어은동, 한빛아파트)",042-382-0303,--,4,107,1,4,0,20,0,36.36481235,127.3556143,미운영,,2010-01-22,,,2026-03-23
대전광역시,대덕구,하람들 어린이집,가정,폐지,34356,"대전광역시 대덕구 아리랑로 211 102동 106호(법동, 영진아파트)",042-672-2259,042-672-4259,4,85,0,4,0,20,0,36.37414662,127.4261729,운영,,2010-01-19,,,2019-02-07
대전광역시,유성구,구름하고나하고어린이집,가정,폐지,34049,"대전광역시 유성구 엑스포로 448 207동 101호(전민동, 엑스포아파트)",042-867-4588,010-2470-3889,3,84,0,3,0,15,0,36.39246438,127.404999,미운영,,2010-01-14,,,2016-07-28
대전광역시,서구,해피아이어린이집,가정,정상,35217,"대전광역시 서구 월평동로 45 112동 105호 (월평동, 진달래아파트)",042-472-1833,--,4,99,0,4,4,19,5,36.35908639,127.3668385,미운영,,2010-01-12,,,
대전광역시,서구,다솔어린이집,가정,폐지,35346,"대전광역시 서구 배재로 155-7 106동 103호 (도마동, 경남아파트2단지)",042-365-5633,042-365-5633,3,102,0,4,0,18,0,36.32218816919208,127.36989744482083,미운영,,2010-01-12,,,2024-03-27
대전광역시,서구,아가별어린이집,가정,폐지,35266,대전광역시 서구 괴정로11번길 60-6 (갈마동),042-534-1616,042-528-1616,4,96,0,4,0,20,0,36.34194618,127.3751574,운영,,2010-01-12,,,2020-03-03
대전광역시,동구,새록새록어린이집,민간,폐지,34660,대전광역시 동구 용운로 80 용방마을아파트 관리동 (용운동),042-345-4646,042-284-1999,6,234,1,8,0,70,0,36.32648977,127.4525215,운영,,2010-01-11,,,2021-08-01
대전광역시,유성구,무지개어린이집,가정,폐지,34006,"대전광역시 유성구 와룡로136번길 15 105동 101호(봉산동, 하늘바람휴먼시아)",042-342-3214,042-636-8960,3,84,0,4,0,17,0,36.46473483,127.3589904,운영,,2010-01-04,,,2018-04-13
대전광역시,유성구,지니키즈어린이집,가정,폐지,34098,대전광역시 유성구 송림로48번길 6-10 (하기동),042-825-3436,042-471-3323,3,160,0,6,0,18,0,36.387194,127.3224419,운영,,2010-01-04,,,2022-03-28
대전광역시,유성구,단비어린이집,민간,폐지,34107,대전광역시 유성구 신성로61번안길 6 (신성동),042-822-2663,042-867-7359,6,265,2,7,0,37,0,36.38976210072678,127.34822406146215,운영,log-x@hanmail.net,2009-12-30,,,2017-03-17
대전광역시,서구,아이러브어린이집,가정,정상,35372,"대전광역시 서구 관저로 83 206동 104호 (관저동, 신선마을아파트)",042-369-0718,--,4,102,0,7,6,20,10,36.3001680638405,127.33204960160113,운영,010-2465-0718,2009-12-29,,,
대전광역시,유성구,아가랑즐거운어린이집,가정,폐지,34219,"대전광역시 유성구 대정로28번안길 80 206동 101호(대정동, 드리움2단지아파트)",042-364-7977,042-364-7977,3,74,0,4,0,17,0,36.29979999,127.316468,미운영,,2009-12-28,,,2024-04-01
대전광역시,유성구,숲소리어린이집,가정,정상,34094,대전광역시 유성구 노은로410번길 104 (하기동),042-823-9876,--,4,85,0,6,6,20,13,36.38755881,127.3312054,운영,,2009-12-28,,,
대전광역시,유성구,세종어린이집,가정,정상,34048,"대전광역시 유성구 유성대로 1741 107동 102호(전민동, 세종아파트)",042-864-5001,010-7757-6607,4,70,0,4,7,20,12,36.40001075,127.4003752,미운영,,2009-12-28,,,
대전광역시,서구,아이샘어린이집,가정,폐지,35383,"대전광역시 서구 구봉산북로 165 311동 104호 (관저동, 다온숲아파트)",042-543-7743,--,3,99,0,4,0,20,0,36.292454255382985,127.33772324136446,미운영,010-2657-0641,2009-12-18,,,2026-04-09
대전광역시,대덕구,씨앗어린이집,민간,폐지,306830,대전광역시 대덕구 신탄진로756번길 15 (신탄진동),042-935-3186,042-935-3186,7,201,1,6,0,76,0,36.44503581,127.4304434,운영,,2009-12-15,,,2016-07-01
대전광역시,대덕구,양지어린이집,민간,폐지,34379,대전광역시 대덕구 대전로1185번길 30 (오정동),042-632-0525,042-632-0525,6,156,0,4,0,39,0,36.35985109,127.4139141,미운영,csk7015@hanmail.net,2009-12-15,,,2021-01-01
대전광역시,유성구,코끼리망또어린이집,가정,폐지,34006,"대전광역시 유성구 와룡로136번길 15 101동 104호(봉산동, 하늘바람휴먼시아)",042-320-5253,042-932-5406,4,55,0,4,0,18,0,36.42235201,127.3829688,미운영,,2009-12-14,,,2021-04-02
대전광역시,유성구,봉산보노보노어린이집,가정,폐지,34006,"대전광역시 유성구 와룡로136번길 15 110동 104호(봉산동, 하늘바람휴먼시아)",042-383-5279,--,4,84,0,0,0,20,0,36.46122867,127.3833795,운영,,2009-12-14,,,2016-12-02
대전광역시,유성구,누리어린이집,가정,폐지,34006,"대전광역시 유성구 와룡로136번길 15 107동 101호(봉산동, 하늘바람휴먼시아)",042-321-3737,--,5,108,0,5,0,20,0,36.49668105,127.3825125,미운영,,2009-12-14,,,2019-03-11
대전광역시,유성구,킨더리베어린이집,가정,폐지,34006,"대전광역시 유성구 와룡로136번길 15 108동 104호(봉산동, 하늘바람휴먼시아)",042-933-3773,042-933-3773,4,84,0,4,0,20,0,36.49683945,127.3824722,운영,heeja0420@hanmail.net,2009-12-14,,,2018-07-31
대전광역시,유성구,아이리베어린이집,가정,폐지,34006,"대전광역시 유성구 와룡로136번길 15 111동 102호(봉산동, 하늘바람휴먼시아)",042-935-5144,042-935-5145,4,63,1,4,0,20,0,36.46397159,127.361362,미운영,,2009-12-14,,,2020-03-25
대전광역시,유성구,사랑둥이어린이집,가정,폐지,34006,"대전광역시 유성구 와룡로136번길 15 101동 103호(봉산동, 하늘바람휴먼시아)",042-936-8336,042-936-8336,3,84,0,4,0,19,0,36.43822910847359,127.3842022538606,미운영,http://cafe.daum.net/lovedungyi,2009-12-14,,,2022-03-28
대전광역시,유성구,휴먼나래어린이집,가정,폐지,34006,"대전광역시 유성구 와룡로136번길 15 113동 101호(봉산동, 하늘바람휴먼시아)",042-933-6477,--,3,84,1,3,0,19,0,36.46589905,127.3927384,미운영,,2009-12-14,,,2019-06-24
대전광역시,유성구,하늘바람어린이집,가정,정상,34006,"대전광역시 유성구 와룡로136번길 15 101동 102호(봉산동, 하늘바람휴먼시아)",042-935-5525,042-935-5525,3,64,0,4,9,20,19,36.43816112755348,127.38432460051469,미운영,,2009-12-14,,,
대전광역시,유성구,베베슐레어린이집,가정,폐지,305506,대전 유성구 봉산동  하늘바람휴먼시아@ 102동 101호 ,042-936-6303,--,3,84,0,0,0,14,0,,,,,2009-12-14,,,2010-04-28
대전광역시,유성구,가브리엘어린이집,가정,폐지,34006,"대전광역시 유성구 와룡로136번길 15 112동 101호(봉산동, 하늘바람휴먼시아)",070-8776-5818,--,4,84,0,0,0,17,0,36.44042234,127.3837918,미운영,,2009-12-14,,,2014-12-01
대전광역시,유성구,고은뜰어린이집,가정,폐지,34006,"대전광역시 유성구 와룡로136번길 15 111동 103호(봉산동, 하늘바람휴먼시아)",042-934-1316,042-934-1316,3,84,0,4,0,20,0,36.46397159,127.361362,미운영,,2009-12-14,,,2018-03-20
대전광역시,유성구,한꿈어린이집,가정,폐지,34006,"대전광역시 유성구 와룡로136번길 15 111동 106호(봉산동, 하늘바람휴먼시아)",042-671-1577,042-671-1578,3,84,0,4,0,19,0,36.46397159,127.361362,미운영,,2009-12-14,,,2021-03-15
대전광역시,유성구,하늘공원어린이집,가정,폐지,34006,"대전광역시 유성구 와룡로136번길 15 105동 102호(봉산동, 하늘바람휴먼시아)",042-282-4225,--,3,84,0,4,0,20,0,36.46473483,127.3589904,운영,,2009-12-14,,,2019-03-11
대전광역시,유성구,아침해어린이집,가정,폐지,34006,"대전광역시 유성구 와룡로136번길 15 112동 104호(봉산동, 하늘바람휴먼시아)",070-7581-1104,--,5,108,0,5,0,20,0,36.44042234,127.3837918,운영,changesoon@hanmail.net,2009-12-14,,,2018-03-13
대전광역시,유성구,봉산아이어린이집,가정,폐지,34006,"대전광역시 유성구 와룡로136번길 15 108동 102호(봉산동, 하늘바람휴먼시아)",042-936-9141,042-936-9141,3,63,0,4,0,20,0,36.49683945,127.3824722,미운영,,2009-12-14,,,2021-03-09
대전광역시,유성구,팜팜어린이집,가정,폐지,34006,"대전광역시 유성구 와룡로136번길 15 108동 103호(봉산동, 하늘바람휴먼시아)",042-671-7077,--,3,84,0,0,0,18,0,36.49683945,127.3824722,운영,,2009-12-14,,,2015-11-11
대전광역시,유성구,햇살가득어린이집,가정,폐지,34006,"대전광역시 유성구 와룡로136번길 15 101동 101호(봉산동, 하늘바람휴먼시아)",042-321-6022,042-321-6022,3,60,0,0,0,19,0,36.42235201,127.3829688,운영,,2009-12-14,,,2016-07-21
대전광역시,유성구,미소어린이집,가정,폐지,34006,"대전광역시 유성구 와룡로136번길 15 110동 101호(봉산동, 하늘바람휴먼시아)",042-934-3357,--,3,84,0,4,0,19,0,36.46122867,127.3833795,운영,,2009-12-14,,,2018-03-16
대전광역시,서구,신난다어린이집,가정,폐지,35273,"대전광역시 서구 갈마로103번길 36 3동 101호 (갈마동, 쌍용아파트)",042-523-2267,--,4,105,0,4,0,20,0,36.34679402,127.3748223,미운영,,2009-12-10,,,2021-03-24
대전광역시,유성구,봉산우리어린이집,민간,정상,34006,"대전광역시 유성구 와룡로136번길 15 (봉산동, 하늘바람휴먼시아 1단지내)",042-933-9141,042-933-9141,5,108,0,7,12,40,31,36.43889625,127.3830331,미운영,,2009-12-08,,,
대전광역시,유성구,꼬마천사어린이집,가정,폐지,34231,"대전광역시 유성구 진잠로42번길 30 106동 105호(원내동, 한아름아파트)",042-545-1311,--,4,85,0,4,0,19,0,36.29461663115373,127.3188563980321,운영,,2009-12-04,,,2021-07-14
대전광역시,중구,대흥어린이집,민간,폐지,34919,대전광역시 중구 보문로230번길 58 (대흥동),042-255-7407,042-255-7407,3,162,3,0,0,32,0,36.32404455,127.4259802,운영,,2009-12-02,,,2016-06-09
대전광역시,서구,한가람푸른어린이집,가정,폐지,35251,"대전광역시 서구 문예로 16 9동 103호 (탄방동, 한가람아파트)",042-472-1030,--,4,102,0,0,0,19,0,36.34784376,127.391367,미운영,,2009-11-30,,,2021-03-25
대전광역시,서구,조앤키즈어린이집,가정,폐지,35371,"대전광역시 서구 관저로 51 509동 104호 (관저동, 구봉마을5단지)",042-546-1800,010-8237-1116,3,99,0,4,0,20,0,36.300293,127.32851,운영,,2009-11-27,,,2025-04-01
대전광역시,유성구,루루베이비어린이집,가정,폐지,34080,"대전광역시 유성구 노은서로 222 101동 101호(지족동, 열매마을1단지아파트)",042-524-1140,--,3,84,0,4,0,19,0,36.379612,127.31728,운영,,2009-11-25,,,2016-03-28
대전광역시,서구,신선꼬망새어린이집,가정,폐지,35372,"대전광역시 서구 관저로 83 211동 101호(관저동, 신선마을아파트)",042-541-7809,042-362-2397,4,98,1,0,0,20,0,36.3004,127.331566,미운영,,2009-11-16,,,2013-11-06
대전광역시,서구,은혜빛어린이집,가정,폐지,35217,"대전광역시 서구 월평중로 50 102동 101호 (월평동, 전원아파트)",042-487-0396,042-487-0396,3,102,0,3,0,17,0,36.3590915,127.3645754,미운영,,2009-11-13,,,2017-08-25
대전광역시,대덕구,기린어린이집,가정,정상,34398,"대전광역시 대덕구 동춘당로 178 110동 101호(법동, 보람아파트)",042-335-5144,042-335-5144,4,85,0,4,5,20,7,36.369034,127.430244,운영,,2009-11-10,,,
대전광역시,대덕구,해달별어린이집,가정,폐지,34400,"대전광역시 대덕구 동춘당로114번길 47 210동 104호(송촌동, 선비마을2단지아파트)",042-331-8253,--,4,85,0,0,0,19,0,36.369198,127.43889,운영,,2009-11-10,,,2016-03-02
대전광역시,중구,참좋은어린이집,가정,정상,34831,대전광역시 중구 대종로 544 참좋은아파트 내 (선화동),042-255-7942,070-8282-7942,4,120,0,6,7,20,14,36.33204523,127.4223015,미운영,,2009-11-06,,,
대전광역시,서구,꼬마친구어린이집,가정,폐지,35210,"대전광역시 서구 청사로 5 109동 105호 (월평동, 하나로아파트)",042-485-5183,--,3,41,0,3,0,12,0,36.36090948,127.3649473,미운영,,2009-11-06,,,2025-03-04
대전광역시,서구,꼬마랑어린이집,가정,정상,35201,"대전광역시 서구 만년로 25 106동 101호 (만년동, 강변아파트)",042-488-1538,--,4,61,0,5,6,20,18,36.3675896291,127.3756078685,미운영,,2009-10-30,,,
대전광역시,서구,헬로아트베베어린이집,가정,폐지,35376,"대전광역시 서구 관저서로 20 910동 103호(관저동, 구봉마을9단지)",042-543-8826,--,3,83,0,4,0,19,0,36.29463695,127.3318123,운영,,2009-10-30,,,2025-03-17
대전광역시,대덕구,튼튼이어린이집,가정,정상,34401,"대전광역시 대덕구 동춘당로114번길 60 307동 105호(송촌동, 선비마을3단지아파트)",042-632-9581,042-632-9581,3,81,0,6,6,19,9,36.36777582,127.4410185,운영,,2009-10-19,,,
대전광역시,유성구,신성초록어린이집,가정,폐지,34116,대전광역시 유성구 신성남로 107 (신성동),042-867-0577,--,4,83,0,4,0,20,0,36.39018661,127.3520988,운영,,2009-10-16,,,2021-03-15
대전광역시,중구,사랑나무어린이집,가정,정상,35018,"대전광역시 중구 서문로 32 102동 102호(문화동, 한밭우성아파트)",042-224-5100,042-224-5100,5,81,0,5,7,20,14,36.31136747,127.4093095,운영,,2009-10-09,,,
대전광역시,동구,철도어린이집,직장,정상,34618,대전광역시 동구 중앙로 242 (신안동),042-221-1560,042-221-1562,4,464,1,14,23,85,62,36.33105825919037,127.43647980655443,미운영,https://hansol-korail.kidsnote.ac,2009-10-01,,,
대전광역시,유성구,토마토어린이집,가정,정상,305506,대전광역시 유성구 봉산로36번길 12 (봉산동),042-935-2376,--,4,75,0,4,8,20,16,36.43706409,127.3874176,운영,,2009-10-01,,,
대전광역시,서구,하늘샘어린이집,가정,폐지,35379,"대전광역시 서구 관저동로90번길 47 1113동 104호 (관저동, 느리울마을아파트11단지)",042-361-5700,042-361-5701,3,79,0,4,0,17,0,36.30102974,127.3438985,운영,,2009-09-29,,,2016-07-04
대전광역시,서구,오른발왼발어린이집,가정,폐지,35364,"대전광역시 서구 관저북로 14 414동 102호 (관저동, 원앙마을4단지아파트)",042-544-1853,042-544-1853,2,69,0,3,0,11,0,36.309538,127.3363108,미운영,,2009-09-29,,,2025-03-17
대전광역시,중구,꼬마숲어린이집,가정,폐지,34889,"대전광역시 중구 유등천동로 428 309동 104호(태평동, 동양파라곤아파트)",042-522-8191,042-522-8191,4,75,0,4,0,17,0,36.32072058,127.3881555,미운영,,2009-09-17,,,2019-04-23
대전광역시,유성구,사랑스런어린이집,가정,폐지,34152,"대전광역시 유성구 박산로 26 102동 101호(덕명동, 네오미아아파트)",042-826-0179,--,3,125,0,4,0,20,0,36.36053317,127.2989315,운영,,2009-09-15,,,2016-12-26
대전광역시,유성구,보노보노어린이집,가정,폐지,34219,"대전광역시 유성구 대정로28번길 50 102동 102호(대정동, 드리움1단지아파트)",042-369-5252,--,3,93,0,4,0,20,0,36.31630217,127.3318369,미운영,,2009-09-15,,,2024-01-10
대전광역시,서구,대아어린이집,가정,폐지,35344,"대전광역시 서구 배재로 185 101동 103호 (도마동, 대아아파트)",042-364-3561,--,3,69,0,4,0,16,0,36.31718639,127.3769108,운영,,2009-09-10,,,2020-06-02
대전광역시,대덕구,생명나무어린이집,가정,폐지,34418,"대전광역시 대덕구 비래서로61번길 71 101동 101호(비래동, 아이조움아파트)",042-627-7110,--,4,81,0,0,0,20,0,36.35704566,127.4525171,운영,,2009-09-02,,,2016-05-31
대전광역시,대덕구,미소어린이집,가정,폐지,34419,"대전광역시 대덕구 비래서로10번길 21 101동 112호(비래동, 비래한신휴플러스)",042-622-7890,042-622-7890,4,85,0,4,0,19,0,36.35461785,127.4462891,운영,,2009-09-02,,,2017-09-22
대전광역시,유성구,꽃피는어린이집,가정,폐지,34179,대전광역시 유성구 계룡로74번길 81 (봉명동),042-824-7949,042-824-7975,3,85,0,5,0,20,0,36.35334576,127.3379547,운영,http;//club.cyworld.com/flowering-cc,2009-09-01,,,2023-04-18
대전광역시,유성구,SK행복어린이집,직장,정상,34124,대전광역시 유성구 엑스포로 325 (원촌동),042-866-7038,042-866-7040,4,251,2,9,22,85,48,36.38340545,127.396975,미운영,wwww.puruni.com,2009-09-01,,,
대전광역시,유성구,브니엘어린이집,민간,정상,34006,"대전광역시 유성구 와룡로136번길 75 (봉산동, 휴먼시아2단지아파트내)",042-935-0675,070-8230-0675,4,120,0,7,12,29,28,36.43893328,127.3853193,미운영,,2009-08-31,,,
대전광역시,서구,대전청사새롬어린이집,직장,정상,35208,대전광역시 서구 청사로 189 정부대전청사 (둔산동),042-483-2140,042-483-2142,11,577,2,25,50,200,134,36.3630209,127.3848962,미운영,saeromkids.com,2009-08-28,,,
대전광역시,동구,숲속친구들,가정,폐지,300751,대전 동구 대성동  은어송마을2단지아파트 203동 101호 ,042-285-6695,--,4,85,0,0,0,18,0,,,,,2009-08-27,,,2010-02-09
대전광역시,유성구,꿈보어린이집,민간,폐지,34117,대전광역시 유성구 신성로58번길 38-16 (신성동),042-863-7660,042-863-7661,7,140,1,8,0,53,0,36.38688802,127.3481102,운영,ggumbo.com,2009-08-21,,,2019-03-01
대전광역시,유성구,사과나무어린이집,가정,휴지,34116,대전광역시 유성구 신성남로 61-7 (신성동),042-369-9626,042-861-9626,3,89,1,4,0,18,0,36.38759306,127.3504774,운영,,2009-08-21,2025-04-15,2027-04-14,
대전광역시,유성구,늘사랑어린이집,가정,정상,34195,"대전광역시 유성구 동서대로 725 1201동 103호(원신흥동, 어울림하트아파트)",042-353-9011,042-353-9012,3,84,0,4,7,20,11,36.333328404107455,127.34273790185063,미운영,,2009-08-17,,,
대전광역시,유성구,노은킨더맘어린이집,가정,폐지,34085,"대전광역시 유성구 은구비남로 55 709동 101호(지족동, 열매마을7단지아파트)",042-862-2329,--,3,98,0,4,0,20,0,36.37343,127.320915,운영,,2009-08-17,,,2019-05-21
대전광역시,유성구,한별어린이집,가정,폐지,34083,"대전광역시 유성구 노은동로 187 605동 103호(지족동, 열매마을6단지아파트)",042-822-1378,042-822-1387,3,82,0,4,0,16,0,36.37646425393683,127.32042992344513,미운영,,2009-08-11,,,2025-04-04
대전광역시,서구,잼재미어린이집,가정,폐지,35346,"대전광역시 서구 배재로 139-31 113동 110호 (도마동, 경남아파트2단지)",042-527-6620,--,3,99,0,4,0,16,0,36.31802978,127.3715396,운영,,2009-08-03,,,2021-06-23
대전광역시,유성구,스마트시티어린이집,민간,정상,34125,"대전광역시 유성구 엑스포로123번길 65-38 (도룡동, 스마트시티)",042-861-3828,042-861-3828,3,112,0,3,8,22,14,36.37803818,127.3920981,미운영,,2009-08-03,,,
대전광역시,유성구,아이천사어린이집,가정,폐지,34085,"대전광역시 유성구 은구비남로 55 703동 101호(지족동, 열매마을7단지아파트)",042-385-1243,042-385-1243,4,84,0,4,0,20,0,36.37305254309367,127.32155536442346,미운영,,2009-08-03,,,2026-03-17
대전광역시,유성구,앨리스어린이집,가정,재개,34107,대전광역시 유성구 신성로61번길 42 (신성동),042-863-2915,042-863-2915,4,124,0,6,2,17,3,36.39096062,127.3482612,미운영,,2009-07-31,,,
대전광역시,서구,도리도리어린이집,가정,폐지,302281,대전 서구 월평1동 701번지 ,042-527-4803,042-527-4803,2,65,0,0,0,7,0,36.35578655,127.3677844,,,2009-07-29,,,2012-10-25
대전광역시,중구,늘밝은어린이집,가정,폐지,34876,"대전광역시 중구 수침로 122 101동 103호(태평동, 푸른뫼아파트)",042-347-0381,042-347-0381,4,84,0,4,0,18,0,36.32963255,127.3994357,미운영,,2009-07-27,,,2019-10-14
대전광역시,서구,마음어린이집,가정,정상,35358,"대전광역시 서구 관저북로 80 204동 104호 (관저동, 원앙마을2단지아파트)",042-322-9998,042-322-9998,3,75,0,4,7,18,16,36.308360491683494,127.33982830136656,미운영,http://cafe.daum.net/heartkids,2009-07-27,,,
대전광역시,유성구,아이뜰어린이집,민간,폐지,34010,대전광역시 유성구 구즉로 16 (송강동 한마을아파트 관리동),042-933-7455,042-935-7455,4,193,1,4,0,37,0,36.43019844,127.3849488,미운영,,2009-07-22,,,2024-08-01
대전광역시,유성구,유성봉명어린이집,민간,정상,34179,대전광역시 유성구 계룡로88번길 67 (봉명동),042-825-8338,042-825-8330,6,262,1,11,19,66,56,36.351019201808704,127.3393396051722,운영,https://blog.naver.com/ysbm8338,2009-07-22,,,
대전광역시,유성구,베베하우스어린이집,가정,폐지,34010,"대전광역시 유성구 구즉로 16 105동 105호(송강동, 한마을아파트)",042-934-7981,--,4,85,0,0,0,20,0,36.42398022,127.3844782,미운영,,2009-07-21,,,2015-12-16
대전광역시,유성구,우리꿈어린이집,가정,폐지,34011,"대전광역시 유성구 구즉로 25 312동 101호(송강동, 송강그린아파트)",042-934-7989,042-364-7989,3,85,0,4,0,19,0,36.432846,127.3819,미운영,,2009-07-16,,,2024-03-14
대전광역시,서구,즐거운어린이집,가정,폐지,35210,"대전광역시 서구 월평동로 83 110동 109호 (월평동, 다모아아파트)",042-488-7887,042-488-7887,3,84,0,4,0,18,0,36.36203933,127.3669271,미운영,,2009-07-15,,,2023-04-06
대전광역시,유성구,이삭어린이집,가정,폐지,34079,"대전광역시 유성구 노은동로 219 304동 104호(지족동, 열매마을3단지아파트)",042-822-3612,--,4,105,0,4,0,20,0,36.37964,127.32006,미운영,,2009-07-13,,,2021-11-16
대전광역시,동구,그린코아어린이집,가정,정상,34675,"대전광역시 동구 동부로10번길 55 104동 103호(판암동,삼정그린코아아파트)",042-285-0140,042-283-0140,4,53,1,4,10,19,12,36.318238491932846,127.45711413364714,운영,,2009-07-10,,,
대전광역시,동구,딩동댕어린이집,가정,폐지,34527,대전광역시 동구 비래서로42번길 76-1 (가양2동),042-631-5311,042-631-5311,4,86,0,5,0,19,0,36.35110659,127.447066,미운영,,2009-07-09,,,2016-03-31
대전광역시,유성구,성진어린이집,가정,폐지,34118,"대전광역시 유성구 가정로 43 109동 103호(신성동, 한울아파트)",042-863-6747,042-863-6773,4,77,0,5,0,20,0,36.38565089,127.3473336,운영,,2009-07-09,,,2023-03-30
대전광역시,유성구,웰컴어린이집,가정,폐지,34117,대전광역시 유성구 신성로62번길 24 (신성동),042-383-9161,042-383-9161,4,128,1,5,0,20,0,36.38855543,127.348629,운영,,2009-07-09,,,2017-07-03
대전광역시,중구,삼성푸른어린이집,가정,정상,34907,"대전광역시 중구 계룡로 852 1동 106호(오류동, 삼성아파트)",042-528-0231,042-528-0231,4,84,0,4,7,19,13,36.32380819,127.4074637,미운영,,2009-07-06,,,
대전광역시,유성구,바다의별어린이집,가정,폐지,34010,"대전광역시 유성구 구즉로 16 111동 105호(송강동, 한마을아파트)",042-369-0205,042-933-0205,4,81,0,4,0,18,0,36.42455795,127.3830897,운영,,2009-07-06,,,2018-05-03
대전광역시,유성구,재밌는어린이집,민간,정상,34227,대전광역시 유성구 원내로39번길 59 (원내동),042-543-1006,042-544-1006,6,202,1,9,1,74,0,36.30088918861399,127.31806251412762,운영,,2009-07-01,,,
대전광역시,유성구,아이트리어린이집,가정,폐지,305759,대전 유성구 하기동  송림마을아파트 206-102호 ,042-334-3434,--,0,50,0,0,0,19,0,,,,,2009-06-29,,,2010-02-09
대전광역시,대덕구,아이꿈어린이집,가정,폐지,34402,"대전광역시 대덕구 계족산로 135 415동 104호(송촌동, 선비마을4단지아파트)",042-636-5265,042-636-5265,4,84,0,4,0,19,0,36.367798,127.44337,운영,,2009-06-25,,,2018-03-09
대전광역시,동구,은샘어린이집,가정,폐지,34649,대전광역시 동구 동대전로110번길 53 (대동),042-636-3313,042-636-3313,4,89,0,4,0,16,0,36.33149512,127.44622,미운영,,2009-06-24,,,2020-07-20
대전광역시,유성구,은하수어린이집,가정,폐지,34010,"대전광역시 유성구 구즉로 16 110동 106호(송강동, 한마을아파트)",042-933-2020,--,3,84,0,4,0,19,0,36.42449102,127.3833924,운영,,2009-06-18,,,2018-06-20
대전광역시,중구,예가킨더가든어린이집,민간,폐지,34896,대전광역시 중구 평촌로 93 쌍용예가아파트 관리동,042-524-0079,--,4,103,0,7,0,31,0,36.32710357,127.3995988,운영,,2009-06-12,,,2021-11-30
대전광역시,서구,우리영재어린이집,가정,폐지,35376,"대전광역시 서구 관저서로 20 904동 103호 (관저동, 구봉마을9단지)",070-7640-8388,--,3,69,0,3,0,14,0,36.29463695,127.3318123,미운영,,2009-06-12,,,2022-12-22
대전광역시,서구,샘사랑어린이집,가정,폐지,35364,"대전광역시 서구 관저북로 14 404동 101호 (관저동, 원앙마을4단지아파트)",042-535-2261,042-535-2261,3,72,0,3,0,12,0,36.302452,127.33839,미운영,kma2724@hanmail.net,2009-06-12,,,2020-06-03
대전광역시,유성구,기쁨어린이집,가정,폐지,34049,대전광역시 유성구 엑스포로 448 506동 102호 전민동 엑스포아파트,070-8624-7500,010-3099-7745,5,143,0,0,0,20,0,36.40001075,127.4003752,미운영,,2009-06-12,,,2017-04-18
대전광역시,유성구,파란하늘어린이집,가정,폐지,34082,"대전광역시 유성구 노은서로210번길 32 406동 103호(지족동, 열매마을4단지아파트)",042-825-4095,--,4,84,0,4,0,15,0,36.37690862,127.3163467,미운영,yeou01@hanmail.net,2009-06-11,,,2023-03-02
대전광역시,중구,해피브레인어린이집,가정,폐지,34885,"대전광역시 중구 태평로 77 21동 14호(태평동, 삼부아파트2단지)",042-538-6566,042-538-6566,5,145,1,5,0,20,0,36.32481683,127.3911707,운영,,2009-06-10,,,2025-03-14
대전광역시,유성구,솜사탕어린이집,가정,폐지,34232,"대전광역시 유성구 진잠로42번길 88 105동 105호(원내동, 진잠타운아파트)",042-544-4087,--,4,85,0,3,0,10,0,36.2971143,127.3210618,미운영,,2009-06-09,,,2017-04-06
대전광역시,유성구,소라실어린이집,가정,폐지,34071,"대전광역시 유성구 지족로 317 110동 102호(지족동, 반석마을1단지아파트)",042-823-1203,042-823-1213,3,84,1,4,0,20,0,36.38819,127.31193,미운영,네이버카페:소라실어린이집,2009-05-29,,,2023-04-13
대전광역시,대덕구,즐거운유림어린이집,가정,정상,34398,"대전광역시 대덕구 동춘당로 178 105동 101호(법동, 보람아파트)",042-672-1233,042-672-1233,4,86,0,4,7,20,14,36.369034,127.430244,운영,cafe.daum.net/happyurim,2009-05-26,,,
대전광역시,유성구,라온어린이집,가정,폐지,34231,"대전광역시 유성구 진잠로42번길 30 101동 102호(원내동, 한아름아파트)",042-369-1003,--,4,71,0,0,0,20,0,36.30118009,127.321424,운영,,2009-05-22,,,2014-11-11
대전광역시,서구,해달별어린이집,가정,폐지,35373,"대전광역시 서구 관저로 84 803동 104호 (관저동, 구봉마을8단지)",042-368-7941,--,3,79,0,4,0,18,0,36.297413,127.33013,미운영,,2009-05-20,,,2023-09-01
대전광역시,서구,엄마마음어린이집,가정,폐지,35217,"대전광역시 서구 월평동로 45 106동 106호 (월평동, 진달래아파트)",042-385-2839,--,3,102,0,0,0,20,0,36.35908639,127.3668385,미운영,,2009-05-11,,,2016-03-17
대전광역시,유성구,삼성한울어린이집,가정,폐지,34118,"대전광역시 유성구 가정로 43 101동 101호(신성동, 한울아파트)",042-862-4767,--,4,123,0,5,0,20,0,36.38565089,127.3473336,운영,shim-rest@hanmail.net,2009-05-07,,,2019-03-11
대전광역시,서구,민들레어린이집,가정,폐지,302733,대전 서구 둔산2동 은하수아파트 107동 103호 ,042-365-2546,042-365-2547,0,1,0,0,0,15,0,,,,,2009-04-28,,,2010-01-12
대전광역시,서구,리틀피카소어린이집,가정,폐지,302903,대전 서구 관저2동  구봉마을9단지 903-103 ,042-541-2807,--,0,0,0,0,0,15,0,,,,,2009-04-21,,,2009-08-28
대전광역시,대덕구,파란풍차어린이집,민간,정상,34379,대전광역시 대덕구 한밭대로1043번길 12-11 (오정동),042-632-9396,042-634-9396,6,312,0,10,7,39,12,36.35907135,127.414984,운영,http;//kr.yahoo.com,2009-04-21,,,
대전광역시,유성구,꿈꾸는어린이집,가정,폐지,34061,"대전광역시 유성구 송림로 13 104동 104호(하기동, 송림마을1단지아파트)",042-822-2540,010-7124-9808,3,101,1,4,0,20,0,36.38905507,127.3399929,미운영,,2009-04-17,,,2023-04-10
대전광역시,서구,예꿈어린이집,가정,폐지,35358,"대전광역시 서구 관저북로 80 201동 101호 (관저동, 원앙마을)",042-544-5180,042-544-5180,3,79,0,4,0,18,0,36.3099764403,127.3391483077,미운영,otissun@naver.com,2009-04-10,,,2026-03-27
대전광역시,서구,호산나어린이집,가정,폐지,35364,"대전광역시 서구 관저북로 14 402동 105호 (관저동, 원앙마을4단지아파트)",042-545-0124,042-545-0124,3,79,1,4,0,13,0,36.302452,127.33839,미운영,,2009-04-07,,,2022-08-01
대전광역시,서구,은혜어린이집,가정,폐지,35262,"대전광역시 서구 계룡로571번길 65 105동 102호 (탄방동, 산호아파트)",042-472-5454,042-472-8383,3,105,0,4,0,20,0,36.34475992,127.3866507,미운영,,2009-04-07,,,2017-05-24
대전광역시,유성구,키즈앤맘어린이집,가정,폐지,34165,"대전광역시 유성구 유성대로783번길 38 104동 101호(장대동, 월드컵패밀리아파트)",042-825-9710,010-825-9710,4,125,2,5,0,20,0,36.36062601,127.3356868,미운영,,2009-04-07,,,2017-03-17
대전광역시,유성구,가온별어린이집,가정,정상,34008,"대전광역시 유성구 송강로42번길 61 101동 105호(송강동, 청솔아파트)",042-935-7970,042-935-7970,3,84,0,4,4,19,5,36.42235201,127.3829688,미운영,kaonstar@hanmail.net,2009-04-07,,,
대전광역시,서구,해피베베어린이집,가정,폐지,35358,"대전광역시 서구 관저북로 87 106동 104호 (관저동, 원앙마을1단지아파트)",070-8222-5105,--,4,102,0,5,0,19,0,36.309538,127.3363108,미운영,,2009-04-03,,,2023-03-24
대전광역시,서구,올리브어린이집,가정,정상,35235,"대전광역시 서구 둔산남로 30 101동 104호 (둔산동, 녹원아파트)",042-486-2234,042-486-2234,4,84,1,4,6,20,9,36.348423,127.381386,미운영,,2009-04-03,,,
대전광역시,서구,은초롱어린이집,가정,폐지,35371,"대전광역시 서구 관저로 51 511동 105호 (관저동, 구봉마을5단지)",042-362-7771,042-362-7771,3,102,0,4,0,20,0,36.300293,127.32851,운영,,2009-04-03,,,2016-06-01
대전광역시,동구,축복나라 어린이집,가정,폐지,34517,대전광역시 동구 성동로13번길 54 (자양동),042-622-1514,042-622-1514,3,125,0,4,0,20,0,36.33965079,127.4517522,미운영,,2009-04-01,,,2016-10-21
대전광역시,유성구,나라연어린이집,가정,정상,34090,"대전광역시 유성구 은구비남로 56 903동 103호(노은동, 열매마을9단지아파트)",042-826-8879,042-826-8879,3,84,0,4,6,20,11,36.37080217,127.3194024,미운영,,2009-04-01,,,
대전광역시,대덕구,선비영아어린이집,가정,폐지,34403,"대전광역시 대덕구 계족산로 136 518동 102호(송촌동, 선비마을5단지아파트)",042-636-4653,--,4,85,0,4,0,18,0,36.3658,127.44585,운영,,2009-03-27,,,2023-03-01
대전광역시,중구,아이비어린이집,가정,폐지,35018,"대전광역시 중구 서문로 32 112동 106호(문화동, 한밭우성아파트)",042-385-3851,042-385-3851,4,84,0,5,0,16,0,36.31968767,127.4098292,운영,,2009-03-20,,,2019-01-30
대전광역시,유성구,튼튼샘어린이집,가정,폐지,34119,"대전광역시 유성구 가정로 63 109동 106호(신성동, 럭키하나아파트)",042-867-7367,042-867-7367,4,84,0,0,0,19,0,36.3856816,127.3493285,운영,http://cafe.daum.net/yeon7367,2009-03-19,,,2015-04-18
대전광역시,대덕구,염광어린이집,법인·단체등,폐지,34381,대전광역시 대덕구 옛신탄진로 235 (오정동),042-631-1475,042-636-1475,4,188,1,5,0,51,0,36.36034595,127.4168776,운영,http://blog.naver.com/yg1004come,2009-03-19,,,2024-03-30
대전광역시,서구,별사랑어린이집,가정,폐지,35358,"대전광역시 서구 관저북로 80 206동 103호 (관저동, 원앙마을2단지아파트)",042-542-7966,042-542-7955,3,75,0,4,0,18,0,36.309914,127.339264,미운영,,2009-03-18,,,2023-11-17
대전광역시,서구,하늘별어린이집,가정,폐지,35371,"대전광역시 서구 관저로 51 506동 104호(관저동, 구봉마을5단지)",070-7724-8772,--,3,108,0,0,0,20,0,36.2994218,127.3274939,,,2009-03-18,,,2012-03-31
대전광역시,유성구,크로버키즈어린이집,민간,폐지,34225,대전광역시 유성구 교촌로6번길 24 (교촌동),042-542-0036,--,8,353,2,13,0,98,0,36.30099948,127.314881,운영,,2009-03-17,,,2022-05-02
대전광역시,유성구,나클래도만스쿨어린이집,가정,정상,34219,"대전광역시 유성구 대정로28번안길 80 201동 104호(대정동, 드리움2단지아파트)",042-545-4115,042-545-4115,4,84,2,4,6,20,7,36.31321202,127.3283376,미운영,,2009-03-12,,,
대전광역시,대덕구,안당어린이집,사회복지법인,폐지,34442,대전광역시 대덕구 오정로9번길 35 ,042-636-2032,042-626-0080,5,280,1,22,0,21,0,36.347770331792894,127.41374059620578,운영,,2009-03-12,,,2023-03-01
대전광역시,동구,꼬마성어린이집,가정,폐지,34649,대전광역시 동구 동대전로110번길 53 (대동),042-672-5655,042-672-3193,4,85,0,0,0,20,0,36.33121554,127.4475396,운영,100457한메일,2009-03-10,,,2015-07-08
대전광역시,동구,찬양어린이집,가정,폐지,34649,대전광역시 동구 동대전로110번길 53 (대동),042-672-5655,042-672-5655,4,89,1,4,0,17,0,36.32991444,127.4448834,운영,,2009-03-10,,,2016-06-07
대전광역시,서구,행복둥지어린이집,가정,폐지,35373,"대전광역시 서구 관저로 84 801동 104호 (관저동, 구봉마을8단지)",042-365-2111,042-368-2111,3,79,0,4,0,13,0,36.297413,127.33013,미운영,,2009-03-10,,,2017-09-28
대전광역시,서구,새빛어린이집,가정,폐지,35262,"대전광역시 서구 계룡로571번길 65 103동 106호 (탄방동, 산호아파트)",042-471-1140,042--,3,59,0,4,0,19,0,36.34475992,127.3866507,운영,,2009-03-10,,,2021-12-03
대전광역시,중구,푸른아이어린이집,가정,폐지,35009,"대전광역시 중구 보문산로161번길 56 108동 102호(문화동, 삼성푸른아파트)",042-583-5558,042-583-5558,4,125,0,4,0,20,0,36.30836918,127.3979608,미운영,,2009-03-09,,,2017-04-10
대전광역시,유성구,세종해솔어린이집,가정,폐지,34048,"대전광역시 유성구 유성대로 1741 110동 105호(전민동, 세종아파트)",042-864-3290,050-5623-0577,4,84,0,4,0,19,0,36.40875076,127.41506,미운영,,2009-03-04,,,2022-09-15
대전광역시,유성구,함소어린이집,가정,폐지,305752,"대전광역시 유성구 송강로42번길 61 310동 105호(송강동, 청솔아파트)",042-934-0087,--,3,84,1,4,0,19,0,36.42941106,127.3785657,운영,,2009-03-04,,,2017-04-18
대전광역시,서구,제일좋은어린이집,가정,폐지,35221,대전광역시 서구 월평로13번길 50-17 ,042-482-0812,--,3,99,0,3,0,20,0,36.35662264,127.3596128,운영,,2009-03-02,,,2019-07-15
대전광역시,서구,예인어린이집,가정,정상,35261,"대전광역시 서구 문정로10번길 39 103동 103호 (탄방동, 개나리아파트)",042-362-3925,070-4325-3925,4,70,0,4,9,20,17,36.34504334,127.3828819,운영,,2009-02-27,,,
대전광역시,유성구,소망어린이집,가정,폐지,34182,"대전광역시 유성구 월드컵대로253번길 37 3동 106호(구암동, 초롱마을아파트)",042-825-9004,--,3,84,1,4,0,19,0,36.35029529,127.3289473,운영,,2009-02-27,,,2022-03-16
대전광역시,서구,관저무지개어린이집,가정,폐지,35374,"대전광역시 서구 관저로 48 702동 104호 (관저동, 구봉마을7단지)",042-362-7899,--,3,52,0,4,0,15,0,36.297335215596846,127.32730169140954,미운영,,2009-02-26,,,2026-01-26
대전광역시,유성구,구암재능어린이집,가정,폐지,305801,대전 유성구 구암동 610-2 ,042-825-1569,042-824-0910,3,92,0,0,0,20,0,,,,,2009-02-26,,,2011-03-02
대전광역시,유성구,도담어린이집,가정,폐지,34226,"대전광역시 유성구 진잠로149번길 24 101동 101호(교촌동, 제이파크아파트)",042-544-7780,042-544-7780,4,84,0,4,0,20,0,36.30450374,127.3190213,미운영,,2009-02-26,,,2022-01-17
대전광역시,동구,아이랜드어린이집,민간,폐지,34698,대전광역시 동구 대전로316번길 43 (대성동),042-285-0025,042-285-0026,12,580,1,37,0,161,0,36.29730427,127.4619988,운영,,2009-02-25,,,2018-05-11
대전광역시,유성구,어울림어린이집,가정,폐지,34195,"대전광역시 유성구 동서대로 725 1202동 102호(원신흥동, 어울림하트아파트)",042-364-3232,--,3,105,0,4,0,20,0,36.334845954145685,127.3402403391492,미운영,,2009-02-23,,,2023-04-05
대전광역시,유성구,아이나래어린이집,가정,정상,34008,"대전광역시 유성구 송강로42번길 61 205동 103호 (송강동, 청솔아파트)",042-934-1279,042-934-1279,4,84,0,4,5,20,6,36.38940576,127.3078461,미운영,,2009-02-23,,,
대전광역시,서구,왕자공주어린이집,가정,폐지,35265,"대전광역시 서구 대덕대로 150 118동 102호 (갈마동, 큰마을아파트)",042-522-5355,042-522-5355,3,59,0,4,0,19,0,36.34507,127.37692,미운영,,2009-02-19,,,2016-08-03
대전광역시,동구,은하수어린이집,가정,정상,34631,"대전광역시 동구 대흥로206번길 54 102동 107호(인동, 부성한울아파트)",042-272-8876,042-272-8876,4,85,0,4,5,18,9,36.3239963,127.4351489,미운영,,2009-02-18,,,
대전광역시,중구,위키어린이집,민간,폐지,34891,대전광역시 중구 태평로26번길 72 (유천동),042-538-0778,042-538-0776,8,268,2,9,0,80,0,36.319944556702005,127.39623021152705,운영,,2009-02-18,,,2019-03-01
대전광역시,동구,이솝어린이집,민간,폐지,34701,대전광역시 동구 산내로 1375 오투그란데아파트 104동 관리동 1층 (낭월동),042-272-5279,042-272-5279,4,115,0,7,0,37,0,36.28539384,127.4647355,미운영,,2009-02-17,,,2022-07-01
대전광역시,유성구,예쁜별어린이집,가정,폐지,34011,"대전광역시 유성구 구즉로 25 308동 102호(송강동, 송강그린아파트)",042-369-4488,--,3,84,0,4,0,19,0,36.432846,127.3819,미운영,,2009-02-11,,,2018-03-09
대전광역시,유성구,메리힐어린이집,민간,정상,34058,대전광역시 유성구 대덕대로925번길 26-9 (화암동),042-934-2296,070-4009-9186,10,659,1,14,9,141,28,36.41268837,127.3766016,운영,,2009-02-11,,,
대전광역시,유성구,예뜰어린이집,가정,폐지,305756,"대전광역시 유성구 구즉로 16 107동 105호(송강동, 한마을아파트)",070-8225-4671,042-636-4671,4,84,0,4,0,19,0,36.43889625,127.3830331,운영,yuandsu@hanmail.net,2009-02-11,,,2018-09-05
대전광역시,유성구,천사랑어린이집,가정,폐지,34008,"대전광역시 유성구 송강로42번길 61 512동 101호(송강동, 청솔아파트)",042-361-7779,--,3,84,1,4,0,19,0,36.44042234,127.3837918,미운영,,2009-02-06,,,2020-03-11
대전광역시,서구,온새미로어린이집,가정,폐지,35372,"대전광역시 서구 관저로 83 208동 102호 (관저동, 신선마을아파트)",042-542-2500,042-542-2500,3,102,0,4,0,20,0,36.3004,127.331566,운영,http://cafe.daum.net/onsaemi1004,2009-01-28,,,2022-12-22
대전광역시,대덕구,엔젤어린이집,가정,정상,34407,"대전광역시 대덕구 동춘당로 151 111동 106호(법동, 그린아파트)",010-9429-4095,--,4,84,0,4,8,20,14,36.36680555,127.4351573,운영,,2009-01-23,,,
대전광역시,동구,휴먼시아어린이집,가정,폐지,34686,대전광역시 동구 대전로542번길 78-1 천동휴먼시아2단지 관리동 1층(천동),042-282-4646,042-282-4646,3,74,0,4,0,20,0,36.3162168585,127.448387719,미운영,,2009-01-19,,,2023-05-09
대전광역시,동구,돋을별어린이집,민간,폐지,34705,대전광역시 동구 산내로1287번길 10-12 (낭월동),042-285-7979,042-286-7970,7,464,1,12,0,115,0,36.27899915,127.4683122,운영,,2009-01-16,,,2025-04-28
대전광역시,서구,원앙새봄어린이집,가정,폐지,35364,"대전광역시 서구 관저북로 14 415동 104 (관저동, 원앙마을4단지아파트)",042-368-7942,--,3,79,0,3,0,10,0,36.302452,127.33839,미운영,,2009-01-14,,,2018-08-14
대전광역시,동구,하늘정원어린이집,가정,폐지,34686,"대전광역시 동구 대전로542번길 78-1 201동 103호(천동, 휴먼시아2단지아파트)",042-271-1816,042-271-1816,4,101,1,4,0,20,0,36.31481294,127.4429136,운영,,2009-01-12,,,2021-07-27
대전광역시,동구,아이맘 어린이집,가정,정상,34686,"대전광역시 동구 대전로542번길 78-1 201동 104호(천동, 휴먼시아2단지아파트)",042-272-1234,042-272-1234,4,98,0,4,7,20,15,36.31481294,127.4429136,미운영,,2009-01-12,,,
대전광역시,동구,피노키오어린이집,가정,정상,34686,"대전광역시 동구 대전로542번길 78-1 201동 101호(천동, 휴먼시아2단지아파트)",042-286-0286,042-286-0286,4,108,0,4,7,20,15,36.31489789,127.4491882,운영,,2009-01-12,,,
대전광역시,동구,꿈사랑어린이집,가정,폐지,34686,"대전광역시 동구 대전로542번길 78-1 201동 102호(천동, 휴먼시아2단지아파트)",042-272-6480,042-367-0646,4,66,0,4,0,20,0,36.31489789,127.4491882,운영,,2009-01-12,,,2020-03-24
대전광역시,유성구,예쁜어린이집,가정,폐지,305308,대전광역시 유성구 장대로 89 (장대동),042-822-8780,042-822-8727,3,121,0,4,0,20,0,36.36269105,127.3342831,운영,,2009-01-12,,,2020-03-16
대전광역시,중구,위니키즈어린이집,가정,정상,34889,"대전광역시 중구 유등천동로 428 302동 103호(태평동, 동양파라곤아파트)",042-526-3750,042-526-3750,4,106,0,4,6,20,13,36.32132478,127.3928228,미운영,kkhj3750@naver.com,2009-01-08,,,
대전광역시,동구,햇살어린이집,가정,폐지,34524,대전광역시 동구 새울로 147-17 (용운동),042-282-5863,042-283-5862,4,87,0,4,0,17,0,36.33154587,127.4632705,미운영,,2009-01-02,,,2025-11-21
대전광역시,서구,우리들어린이집,가정,폐지,35210,"대전광역시 서구 월평동로 83 105동 105호 (월평동, 다모아아파트)",042-488-1627,042-488-1627,3,79,0,4,0,15,0,36.36203933,127.3669271,미운영,,2009-01-02,,,2021-02-28
대전광역시,서구,자이숲애플어린이집,가정,정상,35267,"대전광역시 서구 계룡로 520 112동 105호 (탄방동, 둔산자이아이파크))",042-488-4105,070-4369-4105,4,62,0,7,7,19,19,36.34110076156019,127.3807950646609,미운영,,2009-01-02,,,
대전광역시,동구,향기나무어린이집,민간,정상,34705,대전광역시 동구 산내로1287번길 40-21 (낭월동),042-286-3900,042-286-3901,9,597,1,10,12,129,37,36.27910525,127.4672451,운영,,2008-12-30,,,
대전광역시,서구,키즈피아어린이집,가정,폐지,35210,"대전광역시 서구 청사로 5 103동 107호 (월평동, 하나로아파트)",042-488-1475,--,3,79,1,3,0,14,0,36.36090948,127.3649473,미운영,http://www.cyworld.com/hpgnana,2008-12-29,,,2016-08-16
대전광역시,중구,하늘가득어린이집,가정,폐지,34809,"대전광역시 중구 목중로 69 302동 101호(중촌동, 주공아파트3단지)",042-385-0220,042-385-0220,4,84,0,4,0,19,0,36.33868871,127.4065601,미운영,,2008-12-26,,,2022-03-01
대전광역시,서구,자운영어린이집,가정,폐지,35372,"대전광역시 서구 관저로 83 209동 102호 (관저동, 신선마을아파트)",042-542-0723,042-542-0723,3,102,0,5,0,20,0,36.3004,127.331566,운영,,2008-12-26,,,2019-12-16
대전광역시,서구,리틀포비어린이집,가정,폐지,35321,대전광역시 서구 동서대로1080번길 59 (변동),042-534-4335,--,3,102,0,4,0,20,0,36.32647559,127.3789976,운영,,2008-12-26,,,2025-03-25
대전광역시,서구,은샘어린이집,가정,정상,35372,"대전광역시 서구 관저로 83 204동 103호 (관저동, 신선마을아파트)",042-385-5235,042-385-5235,3,129,0,4,8,20,13,36.3004,127.331566,운영,다음카페 은샘어린이집,2008-12-23,,,
대전광역시,중구,애플키즈어린이집,민간,폐지,34811,대전광역시 중구 동서대로1403번길 96 (목동),042-223-5659,042-226-5659,8,443,1,10,0,80,0,36.33711386,127.4086674,운영,,2008-12-19,,,2020-06-01
대전광역시,동구,품속어린이집,가정,폐지,34677,"대전광역시 동구 옥천로180번길 47-2 103동 106호(판암동, 주공아파트1단지)",042-322-7735,042-322-7735,4,48,0,4,0,18,0,36.31605422,127.4634625,미운영,,2008-12-16,,,2022-03-31
대전광역시,중구,은하수어린이집,가정,폐지,35069,대전광역시 중구 대종로91번길 31 청산하이츠102호 (옥계동),042-271-2389,042-271-2389,3,68,0,4,0,15,0,36.30004615,127.4513458,미운영,,2008-12-15,,,2017-05-31
대전광역시,동구,천동미래어린이집,민간,폐지,34686,대전광역시 동구 대전로542번길 78 천동휴먼시아아파트1단지 관리동 (천동),042-271-0559,042-271-0559,3,128,0,4,0,27,0,36.31481294,127.4429136,미운영,2181jj@hanmail.net,2008-12-09,,,2019-09-24
대전광역시,중구,태양어린이집,가정,폐지,34992,대전광역시 중구 문화로78번안길 65 (문화동),042-581-7941,042-584-9414,3,93,0,3,0,17,0,36.31182894,127.3979342,운영,,2008-12-04,,,2024-03-27
대전광역시,서구,꼬마요정어린이집,가정,정상,35379,"대전광역시 서구 관저동로90번길 47 1106동 102호 (관저동, 느리울마을아파트11단지)",042-385-7979,042-544-7978,3,112,0,4,7,19,11,36.30102974,127.3438985,운영,,2008-12-04,,,
대전광역시,서구,준서어린이집,가정,폐지,35346,"대전광역시 서구 배재로 155-7 107동 105호 (도마동, 경남아파트2단지)",042-362-6678,042-362-6678,4,112,0,4,0,20,0,36.3191176,127.3739475,운영,,2008-12-04,,,2018-06-14
대전광역시,유성구,나무를키우는햇살어린이집,가정,정상,34120,"대전광역시 유성구 가정로 65 102동 102호(신성동, 대림두레아파트)",042-224-7942,--,4,100,1,5,9,20,20,36.38650823,127.3515196,미운영,,2008-12-02,,,
대전광역시,중구,우리누리어린이집,직장,폐지,34851,대전광역시 중구 보문로 331 대전세무서 별관1층 우리누리어린이집,042-242-5262,042-242-5261,3,190,0,8,0,27,0,36.33243598,127.4166524,미운영,http://cafe.naver.com/daejeonwoorinuri,2008-12-01,,,2026-03-01
대전광역시,동구,엄마사랑어린이집,가정,정상,34669,"대전광역시 동구 옥천로 38 108동 101호(신흥동, 신흥마을아파트)",042-282-1233,042-282-1233,4,65,0,4,7,20,17,36.3209373,127.4449282,운영,loves0363@hanmail.net,2008-11-26,,,
대전광역시,중구,뽀로로어린이집,가정,폐지,34896,"대전광역시 중구 평촌로 93 106동 101호(태평동, 쌍용예가아파트)",042-526-7002,042-383-4008,4,69,0,4,0,20,0,36.32610218,127.3970726,미운영,,2008-11-20,,,2019-08-07
대전광역시,중구,큰꿈어린이집,가정,폐지,34896,"대전광역시 중구 평촌로 93 107동 104호(태평동, 쌍용예가)",042-537-7840,042-537-7841,4,115,0,5,0,20,0,36.32610218,127.3970726,운영,,2008-11-20,,,2016-10-05
대전광역시,중구,꿈모리어린이집,가정,정상,34896,"대전광역시 중구 평촌로 93 108동 104호(태평동, 쌍용예가아파트)",042-369-9582,042-369-9582,4,115,0,5,4,20,5,36.32610218,127.3970726,운영,,2008-11-17,,,
대전광역시,서구,동심어린이집,가정,폐지,35211,"대전광역시 서구 월평북로 11 207동 104호 (월평동, 주공아파트2단지)",042-487-8841,--,2,56,0,3,0,8,0,36.35308593,127.3587281,미운영,,2008-11-07,,,2019-11-18
대전광역시,유성구,은총어린이집,가정,폐지,305723,대전 유성구 원내동 한아름아파트 106동 105호 ,042-365-7055,042-365-7055,0,11,0,0,0,19,0,,,,,2008-11-06,,,2009-11-16
대전광역시,유성구,천사마을어린이집,가정,폐지,34008,"대전광역시 유성구 송강로42번길 61 101동 103호(송강동, 청솔아파트)",042-361-3998,042-361-3998,3,84,0,4,0,18,0,36.44042234,127.3837918,미운영,,2008-11-03,,,2020-03-25
대전광역시,유성구,키즈아이어린이집,가정,폐지,34071,"대전광역시 유성구 지족로 317 110동 102호(지족동, 반석마을1단지)",042-826-2266,042-826-2266,4,71,0,4,0,20,0,36.38819,127.31193,운영,,2008-10-29,,,2020-03-09
대전광역시,서구,행복아이어린이집,가정,폐지,35217,"대전광역시 서구 월평동로 45 103동 106호 (월평동, 진달래아파트)",042-320-1160,042-320-1160,3,79,0,4,0,18,0,36.36203933,127.3669271,미운영,,2008-10-22,,,2020-11-09
대전광역시,유성구,뿌리와새싹어린이집,국공립,정상,34019,대전광역시 유성구 관들5길 18 (관평동),042-935-8237,042-934-8237,7,252,1,16,20,94,67,36.42272687,127.3919183,미운영,https://cafe.naver.com/ppurisaessak,2008-10-16,,,
대전광역시,동구,햇빛어린이집,민간,폐지,34579,대전광역시 동구 계족로382번길 55 (성남동),042-622-0029,--,5,176,1,8,0,49,0,36.34642708,127.4360219,운영,http://cafe.daum.net/happysunI ,2008-10-14,,,2020-04-01
대전광역시,동구,모아 어린이집,가정,정상,34642,"대전광역시 동구 충무로 255 111동 105호(신흥동, SK뷰)",042-285-0010,042-285-0010,4,85,0,6,6,20,17,36.32408749317252,127.44265124688,미운영,,2008-10-14,,,
대전광역시,동구,포그니어린이집,가정,폐지,34701,"대전광역시 동구 산내로 1375 102동 102호(낭월동, 오투그란데아파트)",042-284-4550,042-273-5512,4,115,0,4,0,20,0,36.28539384,127.4647355,미운영,,2008-10-10,,,2021-04-01
대전광역시,서구,예뻐뽀어린이집,국공립,정상,35414,대전광역시 서구 복수동로87번길 29-9 (복수동),042-585-4479,042-585-4478,4,220,2,8,9,79,15,36.29627419111291,127.3792290380697,운영,https://blog.naver.com/qh5854479,2008-10-10,,,
대전광역시,중구,아이꿈터어린이집,가정,정상,34997,"대전광역시 중구 당디로 45 106동 101호(산성동, 우성아파트)",042-581-9822,042-581-9822,3,76,0,4,6,20,4,36.30875645,127.3925628,운영,,2008-09-30,,,
대전광역시,서구,숲속요정어린이집,가정,폐지,35359,"대전광역시 서구 관저북로 52 101동 105호 (관저동, 대자연마을아파트)",042-543-0808,042-543-0808,4,122,0,5,0,20,0,36.30638648,127.3386124,운영,,2008-09-29,,,2018-08-06
대전광역시,서구,한길어린이집,가정,폐지,35224,대전광역시 서구 월평로94번길 17 (월평동),042-484-3061,--,4,105,0,4,0,20,0,36.35486976,127.3677417,운영,,2008-09-18,,,2019-07-15
대전광역시,서구,유명어린이집,가정,정상,35359,"대전광역시 서구 관저북로 52 102동 104호 (관저동, 대자연마을아파트)",042-544-1010,042-544-2120,4,93,0,4,8,20,15,36.30638648,127.3386124,운영,http://cafe.daum.net/yookidschool,2008-09-18,,,
대전광역시,유성구,그린영아어린이집,가정,폐지,34011,"대전광역시 유성구 구즉로 25 311동 103호(송강동, 송강그린아파트)",042-364-5212,042-364-5212,4,84,0,4,0,19,0,36.432846,127.3819,미운영,,2008-09-18,,,2023-03-31
대전광역시,대덕구,아이영재스쿨어린이집,가정,폐지,306759,대전 대덕구 법2동 보람아파트 105동 101호 ,042-672-1233,--,0,0,0,0,0,20,0,,,,,2008-09-18,,,2009-05-07
대전광역시,유성구,꿈이자라는땅어린이집,민간,정상,34020,"대전광역시 유성구 배울2로 61 (관평동, 테크노밸리10단지아파트내)",042-933-8569,042-933-8569,3,141,1,3,9,33,22,36.41529678,127.39683,미운영,,2008-09-11,,,
대전광역시,유성구,해와달어린이집,가정,폐지,34010,"대전광역시 유성구 구즉로 16 104동 105호(송강동, 한마을아파트)",042-364-7477,--,3,84,0,4,0,15,0,36.44042234,127.3837918,운영,,2008-09-05,,,2017-04-06
대전광역시,서구,성진어린이집,가정,폐지,302768,대전 서구 탄방동 765번지 한우리아파트 110동 102호 ,042-471-1140,042-487-9363,0,0,0,0,0,20,0,,,,,2008-09-04,,,2009-03-31
대전광역시,유성구,또래친구어린이집,가정,폐지,34061,"대전광역시 유성구 노은로 353 301동 102호(하기동, 송림마을3단지아파트)",042-382-7555,--,3,84,0,4,0,18,0,36.3947571,127.3291394,운영,,2008-08-25,,,2017-04-12
대전광역시,중구,샛별어린이집,가정,폐지,34849,"대전광역시 중구 동서대로 1388 108동 103호(목동, 금호한사랑아파트)",042-256-0009,042-256-0009,4,85,0,4,0,19,0,36.33154468,127.4126124,미운영,,2008-08-14,,,2021-03-31
대전광역시,중구,한울어린이집,민간,폐지,35000,대전광역시 중구 천근로69번길 60 (문화동),042-584-5877,042-583-5877,5,294,1,8,0,49,0,36.31137878,127.4052282,운영,,2008-08-14,,,2022-05-23
대전광역시,중구,해피아이 어린이집,민간,폐지,35060,대전광역시 중구 사득로 82 (석교동),042-285-6789,042-285-6785,8,413,2,10,0,0,0,36.31067979,127.4386736,운영,dbwotns726@hanmail.net,2008-08-14,,,2019-09-02
대전광역시,유성구,예소아어린이집,가정,폐지,34020,"대전광역시 유성구 배울2로 61 1010동 103호(관평동, 테크노밸리10단지아파트)",042-935-1545,--,4,84,0,0,0,20,0,36.42328337,127.3912962,운영,,2008-08-01,,,2015-04-10
대전광역시,유성구,크는나무어린이집,가정,폐지,34083,"대전광역시 유성구 노은동로 187 604동 104호(지족동, 열매마을6단지아파트)",042-822-8266,042-822-8566,4,85,0,0,0,19,0,36.376705,127.32189,운영,,2008-08-01,,,2016-01-27
대전광역시,유성구,파란꿈어린이집,가정,폐지,34232,"대전광역시 유성구 진잠로42번길 88 101동 104호(원내동, 진잠타운아파트)",042-541-1008,042-541-1008,3,49,0,4,0,10,0,36.2971143,127.3210618,미운영,,2008-07-25,,,2020-09-18
대전광역시,서구,보배둥지어린이집,가정,폐지,302734,대전 서구 둔산2동 둥지아파트 106동 104호 ,042-384-1087,--,3,99,0,0,0,18,0,,,,,2008-07-23,,,2010-09-13
대전광역시,유성구,유원어린이집,가정,폐지,34165,"대전광역시 유성구 유성대로783번길 38 107동 104호(장대동, 월드컵패밀리아파트)",042-341-1004,--,3,84,0,4,0,20,0,36.36062601,127.3356868,미운영,,2008-07-22,,,2021-08-13
대전광역시,동구,사랑퐁당어린이집,가정,폐지,34569,"대전광역시 동구 대전로 935 104동 101호(삼성동, 한밭자이아파트)",042-361-5071,042-361-5071,4,72,0,4,0,20,0,36.34072356,127.4242136,미운영,,2008-07-11,,,2021-06-29
대전광역시,서구,꼬꼬마어린이집,가정,폐지,35210,"대전광역시 서구 월평동로 83 101동 105호 (월평동, 다모아아파트)",042-482-5334,--,3,67,0,0,0,15,0,36.36203933,127.3669271,미운영,,2008-07-11,,,2015-04-09
대전광역시,동구,석천어린이집,가정,폐지,34593,"대전광역시 동구 우암로 186 105동 104호(성남동, 석촌마을)",042-628-5252,042-628-5252,3,37,1,0,0,11,0,36.3445738,127.4374847,미운영,,2008-07-09,,,2016-03-14
대전광역시,중구,푸른꿈어린이집,가정,폐지,35009,대전광역시 중구 보문산로161번길 56 문화동 삼성푸른아파트 104-101,042-582-6954,--,4,220,1,5,0,20,0,36.30836918,127.3979608,운영,,2008-07-09,,,2025-03-14
대전광역시,중구,꿈나무어린이집,민간,폐지,34853,대전광역시 중구 선화로57번길 8 (선화동),042-254-3449,042-222-3448,6,220,1,16,0,39,0,36.32783031,127.4149347,운영,,2008-07-09,,,2020-08-31
대전광역시,서구,이지숲어린이집,민간,재개,35373,"대전광역시 서구 관저로 84 관리소내 (관저동, 구봉마을 8-2단지)",042-541-6988,042-541-6988,4,104,0,3,0,24,0,36.297413,127.33013,미운영,,2008-07-09,,,
대전광역시,유성구,하나어린이집,가정,폐지,34083,"대전광역시 유성구 노은동로 187 608동 103호(지족동, 열매마을6단지아파트)",042-384-7446,042-384-7446,3,84,0,4,0,20,0,36.38926885,127.3087937,미운영,crocusha@naver.com,2008-07-04,,,2020-03-11
대전광역시,서구,피아제어린이집,민간,폐지,35277,대전광역시 서구 신갈마로141번길 42 (갈마동),042-524-2088,042-524-2077,7,206,0,9,0,49,0,36.3463387,127.3660605,운영,,2008-07-01,,,2025-04-14
대전광역시,중구,푸른뫼어린이집,가정,폐지,34876,"대전광역시 중구 수침로 122 108동 101호(태평동, 푸른뫼아파트)",042-536-6788,042-536-6788,4,134,0,5,0,20,0,36.32963255,127.3994357,미운영,http://www.kidsnote.com,2008-06-24,,,2022-03-01
대전광역시,유성구,신성신나는어린이집,가정,폐지,34120,대전광역시 유성구 가정로 83-1 (신성동),042-861-0057,042--,3,245,0,0,0,19,0,36.3856035813604,127.352648885157,운영,,2008-06-23,,,2017-02-02
대전광역시,서구,해와달어린이집,가정,정상,35202,"대전광역시 서구 만년남로 8 103동 107호 (만년동, 상록수아파트)",042-488-8891,042-488-8891,3,81,0,4,4,15,4,36.36600138,127.3781209,미운영,joop7630@naver.com,2008-06-19,,,
대전광역시,동구,오렌지어린이집,민간,폐지,34664,대전광역시 동구 동부로 73 판암주공5단지 관리동 1층(판암2동),042-282-8832,042-282-8832,4,98,2,4,0,25,0,36.32246326,127.4585171,운영,,2008-06-13,,,2019-10-01
대전광역시,유성구,미메이드어린이집,민간,정상,34226,"대전광역시 유성구 진잠로149번길 30 (교촌동, 미메이드아파트 관리동)",042-542-7780,042-542-7780,3,141,0,4,7,25,17,36.30598749,127.3184394,미운영,,2008-06-13,,,
대전광역시,서구,서우아이꿈어린이집,가정,폐지,35305,"대전광역시 서구 도산로370번길 55 101동 101호 (용문동, 서우아파트)",042-524-7982,--,4,102,0,4,0,20,0,36.33556415,127.3947095,미운영,,2008-06-05,,,2022-03-18
대전광역시,서구,꿈샘어린이집,가정,폐지,35245,"대전광역시 서구 둔산로 201 506동 106호 (둔산동, 국화아파트)",042-365-3172,042-365-3172,3,102,0,5,0,20,0,36.35410612,127.3973381,미운영,,2008-06-04,,,2017-07-17
대전광역시,대덕구,솔지어린이집,가정,정상,34400,"대전광역시 대덕구 동춘당로114번길 47 210동 104호 (송촌동, 선비마을2단지아파트)",042-345-8844,--,4,69,0,4,6,20,12,36.36814552043701,127.43908147234212,운영,,2008-06-02,,,
대전광역시,서구,아이뜰동산어린이집,가정,정상,35270,"대전광역시 서구 갈마중로7번길 42 5동 102호 (갈마동, 동산아파트)",042-361-0056,--,3,99,1,4,7,20,14,36.349121044134165,127.37154877983075,운영,,2008-05-22,,,
대전광역시,유성구,위즈숲어린이집,가정,폐지,34067,"대전광역시 유성구 반석서로 109 703동 104호(반석동, 반석마을7단지아파트)",042-823-6415,--,4,84,0,0,0,17,0,36.38704768,127.2957431,미운영,,2008-05-22,,,2016-11-29
대전광역시,중구,키즈랜드어린이집,가정,폐지,34890,"대전광역시 중구 태평로 15 129동 104호(태평동, 버드내마을1단지아파트)",042-331-0303,042-331-0303,4,90,0,4,0,20,0,36.31802,127.39134,미운영,,2008-05-09,,,2019-10-28
대전광역시,유성구,꿈마루어린이집,가정,정상,34232,"대전광역시 유성구 진잠로42번길 88 201동 102호(원내동, 진잠타운아파트)",042-541-0266,--,3,35,0,4,4,13,6,36.2971143,127.3210618,미운영,,2008-05-08,,,
대전광역시,대덕구,열린어린이집,민간,폐지,34375,대전광역시 대덕구 동심1길 105 (대화동),042-627-9118,042-636-9118,7,452,1,8,0,79,0,36.36333433,127.4126165,운영,,2008-05-07,,,2018-04-20
대전광역시,유성구,밤비니몬테소리어린이집,가정,폐지,305794,"대전광역시 유성구 배울2로 114 1106동 102호(용산동, 테크노밸리11단지아파트)",042-322-5580,042-322-5580,3,133,0,4,0,20,0,36.42493021,127.3913525,미운영,,2008-05-06,,,2019-03-11
대전광역시,유성구,요게벳어린이집,가정,정상,34049,"대전광역시 유성구 엑스포로 448 107동 108호(전민동, 엑스포아파트)",042-863-8413,042-863-8413,3,85,1,4,10,20,19,36.4086084,127.41378,미운영,,2008-05-02,,,
대전광역시,대덕구,예솔어린이집,민간,폐지,34308,대전광역시 대덕구 대청로64번길 41 예솔 어린이집(신탄진동),042-934-6767,042-935-0670,4,120,1,9,0,35,0,36.45105366,127.4367816,운영,,2008-05-02,,,2019-03-01
대전광역시,유성구,꿈초롱어린이집,가정,정상,34021,"대전광역시 유성구 배울2로 19 901동 101호(관평동, 테크노밸리9단지아파트)",042-935-7776,--,3,84,0,4,7,19,15,36.42497598,127.3877902,미운영,,2008-05-01,,,
대전광역시,유성구,그린캐슬어린이집,가정,폐지,34020,"대전광역시 유성구 배울2로 61 1004동103호(관평동, 테크노밸리10단지아파트)",042-936-5315,--,4,84,0,4,0,20,0,36.42323567,127.3900732,미운영,,2008-04-28,,,2024-03-01
대전광역시,서구,예찬어린이집,가정,정상,35210,"대전광역시 서구 청사로 5 106동 101호 (월평동, 하나로아파트)",042-384-1215,--,3,69,0,3,5,14,4,36.36090948,127.3649473,미운영,,2008-04-25,,,
대전광역시,서구,진달래어린이집,가정,정상,35217,"대전광역시 서구 월평동로 45 105동 102호 (월평동, 진달래아파트)",042-486-0340,--,3,102,0,4,4,20,6,36.35908639,127.3668385,미운영,,2008-04-25,,,
대전광역시,유성구,정은어린이집,민간,폐지,34167,대전광역시 유성구 대학로75번길 52-33 1층 (궁동),042-822-2188,042-822-2188,3,120,0,5,0,28,0,36.36201792,127.3412932,운영,,2008-04-24,,,2017-03-24
대전광역시,유성구,킨더라움어린이집,가정,정상,34020,"대전광역시 유성구 배울2로 61 1001동 102호(관평동, 테크노밸리10단지아파트)",042-935-6935,--,4,84,0,4,10,20,15,36.42129365,127.3916909,미운영,,2008-04-23,,,
대전광역시,유성구,대전명성어린이집,가정,폐지,34017,대전광역시 유성구 관들1길 8-3 (관평동),042-934-9449,--,4,84,0,4,0,20,0,36.42316979,127.390231,운영,,2008-04-23,,,2018-04-09
대전광역시,대덕구,이솝어린이집,가정,정상,34419,"대전광역시 대덕구 비래서로 42 2동 106호(비래동, 삼호아파트)",042-631-1184,--,4,85,0,4,3,17,3,36.35395864,127.44815,운영,,2008-04-23,,,
대전광역시,서구,생각주머니어린이집,가정,폐지,35373,"대전광역시 서구 관저로 84 805동 106호 (관저동, 구봉마을8단지)",042-543-0123,--,3,75,0,0,0,15,0,36.297413,127.33013,미운영,,2008-04-17,,,2015-06-03
대전광역시,유성구,아기둥지어린이집,가정,정상,34061,"대전광역시 유성구 노은로 353 302동 101호(하기동, 송림마을3단지아파트)",042-824-5475,042-825-1448,4,85,0,4,7,20,15,36.39113109397968,127.3228391641014,미운영,,2008-04-17,,,
대전광역시,유성구,아이미소어린이집,가정,정상,34020,"대전광역시 유성구 배울2로 61 1012동 103호(관평동, 테크노밸리10단지아파트)",042-936-7370,--,4,71,0,5,7,20,20,36.42315611,127.3916128,미운영,,2008-04-17,,,
대전광역시,유성구,하나어린이세상어린이집,가정,폐지,34020,"대전광역시 유성구 배울2로 61 1016동 103호(관평동, 테크노밸리10단지아파트)",042-322-4560,042-322-4560,3,129,0,5,0,20,0,36.42309717,127.3913668,미운영,yeajin6225@hanmail.net,2008-04-14,,,2019-03-11
대전광역시,유성구,피터팬어린이집,가정,폐지,34020,"대전광역시 유성구 배울2로 61 1012동 102호(관평동, 테크노밸리10단지아파트)",042-369-0303,042-369-0303,4,83,0,5,0,20,0,36.42129365,127.3916909,미운영,다음카페 (피터-팬어린이집),2008-04-14,,,2018-02-05
대전광역시,유성구,도담도담어린이집,가정,폐지,305330,대전 유성구 지족동 919 열매마을 7단지 707동 104호 ,042-482-3103,--,4,84,0,0,0,14,0,,,,,2008-04-14,,,2010-10-22
대전광역시,유성구,키즈랜드어린이집,가정,재개,34048,"대전광역시 유성구 엑스포로 501 103동 102호(전민동,청구나래)",042-863-4101,042-863-4101,3,62,0,4,3,20,2,36.402219645737034,127.40435282239312,미운영,,2008-04-14,,,
대전광역시,동구,천재어린이집,가정,폐지,34677,"대전광역시 동구 옥천로180번길 23 205동 105호(판암동,주공)",042-282-8771,042-367-0378,3,58,0,4,0,11,0,36.31784344,127.4691678,미운영,,2008-04-11,,,2019-04-12
대전광역시,동구,예원어린이집,민간,폐지,34530,대전광역시 동구 흥룡로71번길 27 (가양동),042-632-0300,042-632-7873,4,137,0,8,0,40,0,36.35204358,127.4518915,운영,,2008-04-08,,,2019-03-15
대전광역시,동구,좋은나무어린이집,가정,폐지,300820,대전 동구 용운동 294-9 ,042-284-1234,--,0,0,0,0,0,20,0,,,,,2008-04-04,,,2008-09-25
대전광역시,유성구,하늘꿈어린이집,가정,폐지,34195,"대전광역시 유성구 동서대로 725 1201동 102호(원신흥동, 어울림하트아파트)",042-364-3377,042-863-3317,4,101,0,4,0,20,0,36.42683732,127.3910198,미운영,,2008-04-01,,,2018-07-31
대전광역시,서구,예솔원앙어린이집,가정,폐지,302904,"대전광역시 서구 관저북로 80 210동 105호 (관저동, 원앙마을2단지아파트)",042-545-0303,--,3,79,0,4,0,15,0,36.309914,127.339264,미운영,,2008-03-31,,,2016-03-04
대전광역시,유성구,킨더궁어린이집,가정,폐지,34083,"대전광역시 유성구 노은동로 187 606동 104호(지족동, 열매마을6단지아파트)",042-486-4740,042-486-4740,3,124,0,4,0,20,0,36.39759608,127.3154956,운영,,2008-03-28,,,2019-03-12
대전광역시,유성구,레노바레어린이집,가정,폐지,34071,"대전광역시 유성구 지족로 343 206동 104호(지족동, 반석마을2단지아파트)",042-301-0677,042-301-0677,3,69,2,4,0,16,0,36.38737,127.31515,미운영,,2008-03-24,,,2018-06-04
대전광역시,대덕구,하늘빛 어린이집,가정,폐지,34396,"대전광역시 대덕구 계족로690번길 21 102동 106호(법동,선비마을1단지아파트)",042-635-9111,042-635-9111,3,85,0,4,0,19,0,36.37265066094124,127.43011063666095,운영,,2008-03-18,,,2017-11-14
대전광역시,동구,아이원어린이집,민간,폐지,34695,대전광역시 동구 동구청로 67 풍림아이원아파트 관리동 (가오동),042-383-5665,042-383-5665,4,158,0,5,0,37,0,36.30474539,127.4572934,운영,,2008-03-14,,,2021-08-01
대전광역시,동구,참다운어린이집,가정,폐지,34582,대전광역시 동구 성남로 15 스마트뷰아파트109동102호 (성남동),042-638-1253,042-638-1253,4,65,0,4,0,20,0,36.3386032,127.4386694,미운영,cafe.daum.net/chamdawun.,2008-03-13,,,2022-11-10
대전광역시,서구,리틀키즈어린이집,가정,폐지,302734,"대전광역시 서구 청사로 254 110동 101호 (둔산동, 둥지아파트)",042-368-6983,--,3,102,0,0,0,20,0,36.35449695,127.4026609,미운영,,2008-03-13,,,2015-02-03
대전광역시,서구,꿈이큰어린이집,가정,정상,35262,"대전광역시 서구 계룡로571번길 65 107동 102호 (탄방동, 산호아파트)",042-484-6222,0504-013-4854,4,59,0,4,8,20,17,36.34475992,127.3866507,운영,,2008-03-13,,,
대전광역시,대덕구,늘사랑 어린이집,가정,폐지,34419,"대전광역시 대덕구 비래서로10번길 21 104동104호 (비래동,비래한신휴플러스)",042-626-5353,--,4,87,0,4,0,20,0,36.35461785,127.4462891,운영,,2008-03-12,,,2026-03-01
대전광역시,유성구,아이마루어린이집,가정,폐지,305724,"대전광역시 유성구 원내로 52 305동 101호(원내동, 샘물타운아파트)",042-283-8581,042-283-8581,4,99,0,5,0,19,0,36.29904106,127.3213602,운영,,2008-03-10,,,2018-05-29
대전광역시,유성구,키즈리더스어린이집,가정,정상,34021,"대전광역시 유성구 관평1로 12 710동 102호(관평동, 테크노밸리7단지아파트)",042-671-2030,--,4,84,0,4,7,20,12,36.42503041,127.3859274,미운영,,2008-03-10,,,
대전광역시,동구,커가는어린이집,가정,폐지,34680,"대전광역시 동구 신기로 100 606동 104호(가오동, 은어송마을6단지아파트)",042-535-3980,042-535-3980,4,97,0,4,0,20,0,36.30967328,127.4570588,미운영,,2008-03-07,,,2017-06-15
대전광역시,동구,딸기어린이집,가정,폐지,34677,"대전광역시 동구 옥천로180번길 23 206동 102호(판암동, 주공아파트2단지)",042-272-2904,042-272-2904,3,82,1,0,0,11,0,36.31605422,127.4634625,미운영,bondgirl1104@naver.com,2008-03-07,,,2015-03-13
대전광역시,동구,하나어린이집,가정,폐지,34673,"대전광역시 동구 동구청로203번길 35 103동 104호(판암동, 미리내아파트)",042-272-3281,042-272-3281,4,105,0,4,0,17,0,36.31741076,127.4577045,미운영,,2008-03-07,,,2020-10-08
대전광역시,동구,아가사랑어린이집,가정,폐지,34509,"대전광역시 동구 충정로 136 104동 101호(가양동, 대주파크빌)",042-637-7002,042-637-7002,4,81,0,4,0,18,0,36.34386907,127.4489074,운영,,2008-03-07,,,2021-07-22
대전광역시,유성구,송이어린이집,가정,정상,34022,"대전광역시 유성구 배울2로 6 113동 104호(관평동, 테크노밸리1단지아파트)",042-361-5775,--,4,84,2,4,1,18,0,36.42384086,127.3915773,미운영,,2008-03-06,,,
대전광역시,동구,파밀리에어린이집,민간,폐지,34555,"대전광역시 동구 동산초교로55번길 20 (홍도동, 파밀리에아파트 관리동)",042-622-7994,042-622-7994,4,110,0,6,0,28,0,36.34938257,127.4268048,운영,,2008-03-01,,,2024-06-01
대전광역시,서구,아리솔어린이집,가정,정상,35245,"대전광역시 서구 둔산로 201 306동 105호 (둔산동, 국화아파트)",042-482-5261,--,4,85,0,5,8,20,13,36.35123849,127.3950439,미운영,,2008-02-28,,,
대전광역시,유성구,리틀리더스어린이집,가정,정상,34021,"대전광역시 유성구 배울2로 3 810동 101호(관평동, 테크노밸리8단지아파트)",042-321-4289,--,4,84,0,4,6,19,11,36.42659648,127.3899187,미운영,,2008-02-28,,,
대전광역시,서구,야웨이레어린이집,가정,정상,35364,"대전광역시 서구 관저북로 14 405동 101호 (관저동, 원앙마을4단지아파트)",042-544-6030,--,4,79,1,4,5,18,6,36.30278225405466,127.33979853261655,미운영,https://www.instagram.com/abc26946409,2008-02-27,,,
대전광역시,서구,고우나어린이집,가정,정상,35201,"대전광역시 서구 대덕대로 415 107동 106호 (만년동, 상아아파트)",042-487-3503,--,3,90,0,4,7,19,14,36.36969332,127.3780358,미운영,,2008-02-27,,,
대전광역시,유성구,사이언스신성어린이집,직장,정상,34128,대전광역시 유성구 과학로 200 (신성동),042-864-3177,042-864-3180,19,2827,2,62,59,300,238,36.381476711008155,127.35618016778744,미운영,sciencekids.kidsnote.ac,2008-02-26,,,
대전광역시,유성구,조이어린이집,가정,폐지,34079,"대전광역시 유성구 노은동로 219 305동 102호(지족동, 열매마을3단지아파트)",042-826-5255,042-826-5255,3,84,0,4,0,19,0,36.37964,127.32006,미운영,,2008-02-25,,,2019-07-05
대전광역시,대덕구,별나라가베어린이집,가정,폐지,34414,"대전광역시 대덕구 우암동로7번길 22 다동 101호(비래동, 대송빌리지)",042-636-2059,--,4,85,0,4,0,20,0,36.35965047,127.4504018,운영,,2008-02-25,,,2016-04-28
대전광역시,서구,둔산큰별어린이집,민간,정상,35257,대전광역시 서구 도솔로 454 (탄방동),042-485-8910,042-485-8919,16,617,2,32,23,207,99,36.34372791,127.3942308,운영,,2008-02-19,,,
대전광역시,서구,리틀로뎀키즈어린이집,민간,폐지,35410,대전광역시 서구 유등로 5 (복수동),042-582-7959,042-583-7959,7,370,2,16,0,98,0,36.29437763,127.3784827,운영,http://forestland.kidis.co.kr/,2008-02-18,,,2022-03-15
대전광역시,서구,키즈캐슬어린이집,가정,폐지,35374,"대전광역시 서구 관저로 48 701동 104호 (관저동, 구봉마을7단지)",042-541-5587,070-4009-0818,3,80,0,4,0,15,0,36.297302,127.327194,미운영,,2008-02-18,,,2021-03-24
대전광역시,서구,둔산새싹나라어린이집,민간,폐지,35245,"대전광역시 서구 둔산로 201 유치원동 (둔산동, 국화아파트)",042-485-0396,042-482-8947,7,347,1,9,0,81,0,36.35410612,127.3973381,운영,,2008-02-13,,,2021-03-19
대전광역시,동구,아이수어린이집,민간,폐지,34519,대전광역시 동구 대학로 61-4 (용운동),042-271-5425,042-271-5424,9,413,1,8,0,110,0,36.33559593,127.4562574,운영,nayayo00@hanmail.net,2008-02-05,,,2019-01-22
대전광역시,동구,파밀리에어린이집,가정,폐지,34555,"대전광역시 동구 동산초교로55번길 20 1층(홍도동,파밀리에아파트 관리동)",042-622-0309,0504-053-2059,2,59,0,4,0,20,0,36.34904541,127.4258469,미운영,,2008-02-05,,,2023-11-01
대전광역시,동구,토리어린이집,민간,폐지,34558,대전광역시 동구 홍도로9번길 39 (홍도동),042-639-1212,042-639-1212,4,218,1,6,0,39,0,36.34622347,127.4282606,운영,,2008-02-05,,,2018-03-26
대전광역시,대덕구,샤론가정어린이집,가정,폐지,34401,"대전광역시 대덕구 동춘당로114번길 60 308동 101호(송촌동, 선비마을3단지아파트)",042-638-7228,042-638-7229,4,85,0,4,0,20,0,36.36777582,127.4410185,운영,,2008-02-01,,,2017-09-15
대전광역시,서구,키즈영재어린이집,가정,정상,35218,"대전광역시 서구 청사로 70 114동 104호 (월평동, 누리아파트)",042-369-2589,--,4,54,0,4,5,20,13,36.35866751916717,127.37346592787092,미운영,https://www.instagram.com/kidsyeongjae_kindergarten/,2008-01-30,,,
대전광역시,서구,헬로아트미미어린이집,가정,폐지,35373,"대전광역시 서구 관저로 84 811동 104호 (관저동, 구봉마을8단지)",042-541-1003,042-541-1003,3,79,0,4,0,15,0,36.297413,127.33013,미운영,,2008-01-30,,,2022-03-24
대전광역시,동구,무지개어린이집,민간,정상,34544,대전광역시 동구 계족로463번길 41 (용전동),042-636-3255,042-623-9300,7,395,1,13,18,99,52,36.35322083,127.4299776,운영,,2008-01-29,,,
대전광역시,유성구,네버랜드어린이집,가정,폐지,34049,"대전광역시 유성구 엑스포로 448 510동 104호(전민동, 엑스포아파트)",042-867-5221,--,3,61,0,4,0,20,0,36.40001075,127.4003752,미운영,,2008-01-29,,,2022-03-28
대전광역시,서구,안데르센어린이집,가정,폐지,35210,"대전광역시 서구 월평동로 83 109동 103호 (월평동, 다모아아파트)",042-472-5313,--,3,102,0,4,0,20,0,36.36203933,127.3669271,미운영,,2008-01-28,,,2016-03-15
대전광역시,유성구,위쯔키즈어린이집,가정,정상,34049,"대전광역시 유성구 엑스포로 448 210동 101호(전민동, 엑스포아파트)",042-369-3306,042-369-3306,4,116,0,5,8,20,20,36.40001075,127.4003752,미운영,,2008-01-28,,,
대전광역시,유성구,바다사랑어린이집,가정,폐지,34010,"대전광역시 유성구 구즉로 16 106동 101호(송강동, 한마을아파트)",042-931-2221,--,2,84,0,4,0,19,0,36.42677481,127.3895437,미운영,,2008-01-28,,,2022-03-07
대전광역시,서구,미피어린이집,가정,폐지,35251,"대전광역시 서구 문예로 16 7동 103호 (탄방동, 한가람아파트)",042-362-7333,042-362-7333,3,102,0,3,0,15,0,36.34784376,127.391367,운영,,2008-01-17,,,2017-03-16
대전광역시,대덕구,킨더하바어린이집,가정,정상,34398,"대전광역시 대덕구 동춘당로 178 108동 105호(법동, 보람아파트)",042-637-4227,042-672-4227,4,146,0,8,7,20,13,36.369034,127.430244,운영,,2008-01-17,,,
대전광역시,대덕구,꽃다비어린이집,민간,폐지,34323,대전광역시 대덕구 대덕대로1470번길 75 (목상동),042-934-2004,--,4,115,0,4,0,27,0,36.44596155,127.411344,운영,,2008-01-16,,,2023-10-01
대전광역시,동구,미소어린이집,가정,폐지,34680,"대전광역시 동구 신기로 100 601동 101호(가오동, 은어송마을6단지아파트)",042-286-2804,042-286-2804,4,112,0,4,0,20,0,36.30651393,127.4549762,운영,,2008-01-15,,,2024-06-20
대전광역시,유성구,자연어린이집,가정,폐지,34048,"대전광역시 유성구 엑스포로 501 102동 104호(전민동, 나래아파트)",042-867-2311,--,4,70,0,4,0,19,0,36.4016674,127.4034707,미운영,http://blog.naver.com/nature2311,2008-01-15,,,2025-07-11
대전광역시,유성구,예다움어린이집,가정,폐지,34021,"대전광역시 유성구 배울2로 3 809동 102호(관평동, 테크노밸리8단지아파트)",042-322-7912,042-322-7912,3,84,0,4,0,19,0,36.42670713,127.3897037,미운영,,2008-01-15,,,2023-04-05
대전광역시,동구,예꼬어린이집,가정,정상,34642,"대전광역시 동구 충무로 255 103동 102호(신흥동, sk뷰아파트)",042-623-9062,042-623-9063,4,85,0,4,7,20,18,36.32491456726563,127.44319327033713,운영,,2008-01-10,,,
대전광역시,서구,키즈맘어린이집,가정,정상,35216,"대전광역시 서구 청사로 65 107동 107호 (월평동, 황실타운아파트)",042-472-3963,042-472-3963,4,102,0,4,7,20,18,36.3609518,127.3717596,미운영,,2008-01-10,,,
대전광역시,서구,다예린어린이집,민간,정상,35289,대전광역시 서구 도솔로 257-2 (내동),042-531-5757,--,11,341,1,12,22,110,106,36.33292846,127.378121,운영,http://cafe.daum.net/d5757,2008-01-10,,,
대전광역시,대덕구,샘사랑어린이집,가정,폐지,34400,"대전광역시 대덕구 동춘당로114번길 47 203동 103호(송촌동, 선비마을2단지아파트)",042-633-3006,--,4,85,0,5,0,20,0,36.369198,127.43889,운영,,2008-01-10,,,2026-03-01
대전광역시,동구,엄마품어린이집,가정,폐지,34555,"대전광역시 동구 동산초교로 46 106동 105호(홍도동, 신동아파밀리에아파트)",042-631-5242,042-631-5242,4,85,0,4,0,18,0,36.35196178,127.4273351,운영,,2008-01-09,,,2018-04-06
대전광역시,서구,아띠굿맘어린이집,가정,정상,35265,"대전광역시 서구 대덕대로 150 125동 102호 (갈마동, 큰마을아파트)",042-527-4315,042-527-4315,4,71,0,4,9,20,20,36.34507,127.37692,미운영,,2008-01-08,,,
대전광역시,유성구,아이맘어린이집,가정,정상,34232,"대전광역시 유성구 진잠로42번길 88 104동 110호(원내동, 진잠타운아파트)",042-542-2126,042-542-2126,3,49,0,4,5,10,3,36.2971143,127.3210618,운영,,2008-01-08,,,
대전광역시,유성구,영리더어린이집,민간,폐지,34227,대전광역시 유성구 원내로39번길 48 (원내동),042-543-4007,042-545-4006,7,492,1,10,0,94,0,36.30194437,127.3207939,운영,,2008-01-07,,,2019-04-01
대전광역시,동구,엄마랑나랑어린이집,가정,폐지,34705,"대전광역시 동구 산내로1257번길 40 104동 105호(낭월동, 석천들아파트)",042-271-2470,--,3,89,0,4,0,11,0,36.27005277,127.4757586,미운영,,2008-01-03,,,2020-03-24
대전광역시,대덕구,새뜸어린이집,국공립,정상,34443,대전광역시 대덕구 한남로137번길 29 (오정동),042-639-3600,042-639-3600,9,316,2,15,25,99,69,36.3469555,127.4165586,운영,,2008-01-01,,,
대전광역시,대덕구,오정어린이집,국공립,정상,34433,대전광역시 대덕구 대전로1066번길 52 오정어린이집 (오정동),042-673-5865,042-622-0829,6,151,1,8,8,48,11,36.35074475,127.4183062,운영,https://cafe.naver.com/oj5865,2008-01-01,,,
대전광역시,동구,새피앙어린이집,가정,정상,34546,"대전광역시 동구 홍도로46번길 20 102동 103호(용전동, 새피앙아파트)",042-627-2221,042-637-2221,4,62,2,4,5,20,10,36.35069647,127.429605,운영,http://www.coworld.com/salea@hanmail.net,2007-12-31,,,
대전광역시,동구,예서어린이집,민간,폐지,300826,대전 동구 용전동 127-32 ,042-624-3414,042-638-3451,0,30,0,0,0,34,0,,,,,2007-12-31,,,2009-12-23
대전광역시,동구,다니엘어린이집,가정,폐지,34611,"대전광역시 동구 우암로 133-1 202동 103호(삼성동, 삼성타운2단지아파트)",042-636-2140,042-636-2140,4,60,3,4,0,20,0,36.34080837,127.4321446,미운영,,2007-12-28,,,2020-03-31
대전광역시,동구,리더스별어린이집,가정,정상,34684,"대전광역시 동구 안샘로14번길 7 503동 105호(천동,리더스시티5BL아파트)",042-286-5593,042-286-5593,4,94,0,4,10,20,20,36.317455092128284,127.4474215559683,운영,,2007-12-28,,,
대전광역시,동구,키즈슐레어린이집,가정,폐지,34680,"대전광역시 동구 신기로 100 602동 103호(가오동, 은어송마을6단지아파트)",042-322-5144,042-322-5144,4,64,0,4,0,20,0,36.31100734,127.4604871,미운영,,2007-12-28,,,2025-12-15
대전광역시,서구,숲속자연어린이집,가정,폐지,35265,"대전광역시 서구 대덕대로 150 122동 101호 (갈마동, 큰마을아파트)",042-537-8442,--,4,105,0,4,0,20,0,36.34507,127.37692,미운영,,2007-12-28,,,2020-07-24
대전광역시,서구,사랑해요어린이집,가정,폐지,302812,"대전광역시 서구 관저로 51 513동 106호 (관저동, 구봉마을5단지)",042-542-0782,042-542-0782,3,105,0,4,0,20,0,36.300293,127.32851,운영,,2007-12-28,,,2020-04-16
대전광역시,서구,큰꿈어린이집,가정,폐지,35373,"대전광역시 서구 관저로 84 807동 102호 (관저동, 구봉마을8단지)",042-369-1110,042-369-1110,3,61,0,0,0,11,0,36.297413,127.33013,미운영,daewookq@naver.com,2007-12-28,,,2015-09-14
대전광역시,서구,아이사랑어린이집,가정,폐지,35201,"대전광역시 서구 만년로 45 108동 107호 (만년동, 초원아파트)",042-487-3788,0504-347-6572,3,42,0,4,0,14,0,36.36812296,127.3783057,미운영,,2007-12-28,,,2024-08-06
대전광역시,유성구,좋은어린이집,가정,폐지,34085,"대전광역시 유성구 은구비남로 55 706동 104호(지족동, 열매마을7단지아파트)",042-825-7856,--,4,84,0,4,0,19,0,36.38448194,127.2978985,미운영,,2007-12-28,,,2018-12-12
대전광역시,대덕구,아기별어린이집,가정,정상,34403,"대전광역시 대덕구 계족산로 136 513동 101호(송촌동, 선비마을5단지아파트)",042-636-5825,--,4,84,0,4,6,19,8,36.3658,127.44585,운영,,2007-12-27,,,
대전광역시,서구,키즈컴어린이집,가정,폐지,35205,"대전광역시 서구 청사로 281 208동 101호 (둔산동, 샘머리아파트2단지)",042-581-4720,042-581-4720,3,102,0,4,0,20,0,36.36176,127.39442,미운영,,2007-12-26,,,2024-03-26
대전광역시,유성구,초록빛어린이집,가정,정상,34048,"대전광역시 유성구 엑스포로 501 104동 106호(전민동, 나래아파트)",042-863-8811,--,4,85,0,5,10,20,20,36.4016674,127.4034707,미운영,,2007-12-21,,,
대전광역시,동구,보람어린이집,가정,폐지,34662,대전광역시 동구 새울로81번길 14-18 (용운동),042-284-1253,042-283-1253,4,106,0,4,0,19,0,36.32624945,127.4609178,운영,,2007-12-17,,,2022-05-31
대전광역시,동구,정다운어린이집,가정,정상,34555,"대전광역시 동구 동산초교로 46 105동 102호(홍도동, 파밀리에아파트)",042-625-9249,042-625-9249,4,78,0,5,2,18,2,36.34806046,127.4254931,운영,,2007-12-13,,,
대전광역시,동구,하랑어린이집,가정,폐지,34680,"대전광역시 동구 신기로 100 607-102  (가오동,풍림아이원)",042-271-2116,042-271-2116,4,85,0,0,0,18,0,36.31222234,127.4635166,운영,,2007-12-13,,,2015-06-16
대전광역시,서구,해뜰어린이집,가정,정상,35371,"대전광역시 서구 관저로 51 512동 101호 (관저동, 구봉마을5단지)",042-542-8111,070-4015-4113,4,108,0,4,8,20,20,36.298806448718345,127.32785920137584,운영,,2007-12-13,,,
대전광역시,서구,키즈아일랜드어린이집,민간,정상,35413,대전광역시 서구 유등로17번길 78 (복수동),042-582-2188,042-582-2189,9,348,2,14,23,127,85,36.29739919,127.3759949,운영,https://kidsisland.kidsnote.ac/,2007-12-12,,,
대전광역시,유성구,동산어린이집,가정,폐지,305752,대전 유성구 송강동 송강청솔아파트 207동 107호 ,042-934-7444,042-936-7444,3,59,0,0,0,13,0,,,,http://town.cyworld.com/grace7444,2007-12-12,,,2010-08-02
대전광역시,동구,해피슐레어린이집,가정,폐지,300788,"대전광역시 동구 동산초교로 46 104동 105호(홍도동, 파밀리에아파트)",042-636-6679,042-367-0073,4,85,0,3,0,20,0,36.34806046,127.4254931,운영,http://cafe.daum.net/kidgroup,2007-12-10,,,2016-02-24
대전광역시,동구,동그라미어린이집,가정,폐지,34680,"대전광역시 동구 신기로 100 606-103 (가오동,은어송6단지)",042-286-7955,--,4,108,0,4,0,18,0,36.31222234,127.4635166,운영,,2007-12-07,,,2019-07-23
대전광역시,서구,잼잼어린이집,가정,폐지,35376,"대전광역시 서구 관저서로 20 909동 102호 (관저동, 구봉마을9단지)",070-7553-6583,--,3,79,0,4,0,15,0,36.29463695,127.3318123,운영,,2007-12-05,,,2026-03-27
대전광역시,서구,다온빛어린이집,가정,정상,35297,"대전광역시 서구 가장로 107 205동 104호 (가장동, 삼성래미안아파트)",042-365-1232,042-365-1235,4,125,0,4,6,20,16,36.334853028312494,127.38539477961603,미운영,,2007-12-03,,,
대전광역시,서구,늘소망어린이집,가정,폐지,35265,"대전광역시 서구 대덕대로 150 110동 109호 (갈마동, 큰마을아파트)",042-536-7498,042-536-7498,4,88,0,5,0,20,0,36.34507,127.37692,미운영,,2007-12-01,,,2017-02-28
대전광역시,유성구,구름빵어린이집,가정,폐지,34224,대전광역시 유성구 진잠로139번길 63 (교촌동),042-545-1012,--,4,85,0,2,0,20,0,36.2983216,127.3178281,운영,,2007-12-01,,,2017-04-28
대전광역시,유성구,키즈아이비어린이집,가정,폐지,34231,"대전광역시 유성구 진잠로42번길 30 104동 101호(원내동, 한아름아파트)",042-543-3366,--,3,84,0,4,0,19,0,36.29979999,127.316468,운영,,2007-11-23,,,2018-03-06
대전광역시,서구,베이비좋아어린이집,가정,정상,35381,"대전광역시 서구 관저로 184 1204동 101호 (관저동, 느리울마을아파트12단지)",042-545-7943,--,3,102,0,4,6,20,9,36.29785733,127.3420902,운영,,2007-11-22,,,
대전광역시,서구,킨더궁어린이집,가정,폐지,35205,"대전광역시 서구 청사로 281 210동 101호 (둔산동, 샘머리아파트2단지)",042-486-6922,042-486-6922,3,99,0,0,0,20,0,36.36176,127.39442,운영,,2007-11-22,,,2015-03-25
대전광역시,동구,아이숲어린이집,가정,폐지,34681,"대전광역시 동구 은어송로 100 504동 103호(가오동, 은어송마을5단지아파트)",042-274-2247,042-274-2247,4,95,0,4,0,18,0,36.30808975,127.4596387,운영,,2007-11-19,,,2016-03-11
대전광역시,서구,엄마품어린이집,가정,정상,35358,"대전광역시 서구 관저북로 80 213동 101호 (관저동, 원앙마을2단지아파트)",042-382-4321,-382-4321,3,79,2,4,7,18,13,36.30906853480399,127.33802201927052,운영,https://blog.naver.com/jyyjong,2007-11-16,,,
대전광역시,동구,해피아이어린이집,가정,폐지,34509,"대전광역시 동구 충정로 136 105동 103호(가양동, 대주파크빌)",042-322-6662,042-322-6662,4,81,0,4,0,18,0,36.34386907,127.4489074,미운영,,2007-11-15,,,2018-04-04
대전광역시,서구,파란하늘어린이집,가정,폐지,35202,"대전광역시 서구 만년남로 8 101동 103호 (만년동, 상록수아파트)",042-471-7959,--,3,79,0,4,0,15,0,36.36600138,127.3781209,미운영,,2007-11-13,,,2023-03-24
대전광역시,동구,삼익어린이집,가정,폐지,34698,"대전광역시 동구 대전로340번길 20 107동 101호(대성동, 삼익세라믹아파트)",042-331-4714,042-331-4714,4,85,0,4,0,15,0,36.29800498,127.460894,미운영,,2007-11-09,,,2019-08-26
대전광역시,서구,해바라기어린이집,민간,정상,35321,대전광역시 서구 도산로213번길 32 (변동),042-526-0009,042-526-0009,5,198,1,8,11,46,21,36.32820445,127.3780104,운영,,2007-11-01,,,
대전광역시,서구,마샤와곰어린이집,가정,폐지,35364,"대전광역시 서구 관저북로 14 403동 103호 (관저동, 원앙마을4단지아파트)",042-542-0022,042-542-0022,3,69,0,4,0,15,0,36.302452,127.33839,미운영,http://cafe.daum.net/5420022,2007-10-30,,,2018-01-15
대전광역시,서구,밝은뜰어린이집,가정,정상,35364,"대전광역시 서구 관저북로 14 401동 104호 (관저동, 원앙마을4단지아파트)",042-545-1469,--,4,50,0,4,8,18,7,36.30277394338187,127.3379614534731,미운영,,2007-10-29,,,
대전광역시,서구,푸른새싹어린이집,가정,폐지,35374,"대전광역시 서구 관저로 48 706동 101호(관저동, 구봉마을7단지)",042-541-5279,--,3,39,0,0,0,13,0,36.297302,127.327194,미운영,,2007-10-24,,,2015-06-03
대전광역시,유성구,행복한어린이집,가정,폐지,34219,"대전광역시 유성구 대정로28번길 50 101동 102호(대정동, 드리움1단지아파트)",042-544-6053,--,3,59,0,4,0,13,0,36.31651234,127.3317081,미운영,,2007-10-15,,,2023-05-23
대전광역시,중구,센트럴아이어린이집,민간,정상,34963,대전광역시 중구 계백로1716번길 87 센트럴아파트3단지내 (문화동),042-242-5579,--,5,120,1,7,6,34,9,36.31854993,127.4126832,미운영,,2007-10-10,,,
대전광역시,서구,맑고행복한어린이집,가정,정상,35375,"대전광역시 서구 관저서로 19 106동 104호 (관저동, 관저더샵아파트)",042-362-6410,--,4,100,0,5,8,20,14,36.29535463382828,127.3291904032083,미운영,,2007-10-10,,,
대전광역시,동구,행복꿈어린이집,가정,폐지,34538,"대전광역시 동구 한밭대로1237번길 52 13동 106호(용전동, 신동아)",042-626-2534,--,4,59,0,4,0,19,0,36.35848002,127.4372921,미운영,,2007-10-09,,,2023-03-27
대전광역시,서구,이솝어린이집,가정,폐지,35205,"대전광역시 서구 청사로 281 213동 102호 (둔산동, 샘머리아파트2단지)",042-487-4412,042-487-4412,3,105,0,4,0,20,0,36.36176,127.39442,미운영,,2007-10-09,,,2023-03-24
대전광역시,유성구,장대푸르지오어린이집,민간,폐지,34164,"대전광역시 유성구 장대로71번길 34 (장대동, 장대푸르지오아파트내)",042-823-7959,042-823-7954,4,80,1,8,0,30,0,36.36729859,127.3351665,미운영,,2007-10-08,,,2024-07-01
대전광역시,동구,아이존 어린이집,가정,폐지,34555,"대전광역시 동구 동산초교로 46 107동 103호(홍도동, 파밀리에아파트)",042-631-6949,050-4059-0957,4,85,0,4,0,20,0,36.34806046,127.4254931,미운영,,2007-10-05,,,2021-09-13
대전광역시,동구,장수어린이집,가정,폐지,34675,"대전광역시 동구 동부로10번길 55 103동 102호(판암동, 삼정그린코아포레스트아파트)",042-633-4625,042-633-4625,4,53,0,4,0,19,0,36.34806046,127.4254931,운영,bys2640@hanmail.net,2007-10-05,,,2019-09-23
대전광역시,유성구,꼬마숲엔젤어린이집,가정,폐지,34219,"대전광역시 유성구 대정로28번길 50 103동 106호(대정동, 드리움1단지아파트)",042-542-7942,042-381-7943,3,84,0,4,0,19,0,36.31589984,127.3319316,미운영,,2007-10-02,,,2018-12-28
대전광역시,동구,예닮어린이집,가정,폐지,34695,"대전광역시 동구 동구청로 67 103동 102호(가오동, 은어송마을1단지아파트)",042-286-0955,042-286-0955,3,108,0,4,0,18,0,36.31113628,127.4555309,운영,,2007-09-21,,,2018-11-30
대전광역시,서구,토토로어린이집,가정,폐지,35228,"대전광역시 서구 둔산로 15 118동 105호 (둔산동, 향촌아파트)",042-482-3655,--,3,59,0,4,0,20,0,36.35345571,127.4022399,운영,,2007-09-19,,,2023-03-30
대전광역시,유성구,꼬망어린이집,민간,폐지,305335,대전광역시 유성구 문화원로46번길 12 (궁동),042-825-6620,--,4,96,2,0,0,21,0,36.35957709,127.3405906,미운영,,2007-09-14,,,2013-04-29
대전광역시,유성구,KB대전어린이집,직장,폐지,34077,대전광역시 유성구 지족로364번길 92 국민은행콜센터내 (지족동),042-826-3463,042-826-3396,3,140,1,12,0,49,0,36.3835879854521,127.31825185927185,미운영,www.puruni.com,2007-09-14,,,2022-03-07
대전광역시,대덕구,푸른정원어린이집,가정,폐지,34407,"대전광역시 대덕구 동춘당로 151 111동 103호(법동, 그린아파트)",042-335-6678,--,4,80,0,4,0,20,0,36.36680555,127.4351573,미운영,,2007-09-10,,,2023-08-01
대전광역시,동구,도담도담어린이집,가정,폐지,34695,"대전광역시 동구 동구청로 67 102동 102호(가오동, 은어송마을1단지아파트)",042-321-4930,042-321-4930,4,68,0,4,0,20,0,36.30474539,127.4572934,운영,,2007-09-07,,,2023-03-27
대전광역시,동구,튼튼어린이집,가정,폐지,34695,"대전광역시 동구 동구청로 67 102동 101호(가오동, 은어송마을1단지아파트)",042-285-0510,042-321-0521,4,84,0,4,0,18,0,36.30474539,127.4572934,운영,,2007-09-07,,,2023-03-27
대전광역시,서구,비젼어린이집,민간,폐지,302809,대전 서구 갈마2동 344-24번지 ,042-522-8084,042-522-8084,0,0,0,0,0,61,0,,,,,2007-09-07,,,2008-06-30
대전광역시,중구,센트럴키즈어린이집,민간,정상,34962,대전광역시 중구 서문로 96 센트럴파크 2단지 관리동 (문화동),042-252-7220,--,4,170,0,5,9,30,17,36.31712896,127.4096335,운영,,2007-09-05,,,
대전광역시,서구,다원어린이집,민간,정상,35394,대전광역시 서구 정림로66번길 39 (정림동),042-583-3349,042-583-3349,6,318,1,8,10,74,27,36.30705123,127.3671848,운영,,2007-09-04,,,
대전광역시,유성구,어은키즈어린이집,가정,정상,34140,"대전광역시 유성구 어은로 57 138동 101호(어은동, 한빛아파트)",042-867-8461,042-867-8461,4,144,2,6,9,20,20,36.36373177,127.3576245,미운영,,2007-08-31,,,
대전광역시,유성구,좋은친구어린이집,가정,정상,34011,"대전광역시 유성구 구즉로 25 310동 106호(송강동, 송강그린아파트)",042-934-7941,042-933-7941,3,98,0,4,7,20,14,36.432846,127.3819,미운영,,2007-08-30,,,
대전광역시,서구,동학사은아어린이집,민간,폐지,302802,대전 서구 가수원동 769-2 ,042-541-3059,042-541-3059,3,166,0,0,0,38,0,,,,,2007-08-29,,,2011-03-09
대전광역시,서구,우리아이들어린이집,가정,폐지,35205,"대전광역시 서구 청사로 281 219동 103호 (둔산동, 샘머리아파트2단지)",042-320-7320,--,3,54,0,0,0,19,0,36.36176,127.39442,미운영,,2007-08-28,,,2014-08-26
대전광역시,유성구,다니엘어린이집,가정,정상,34053,대전광역시 유성구 전민로 71 101동 103호  전민동 삼성푸른아파트,042-861-8414,042-861-8414,4,111,1,5,13,20,17,36.39902586,127.398793,미운영,,2007-08-27,,,
대전광역시,유성구,네오미아어린이집,민간,정상,34023,"대전광역시 유성구 배울2로 78 (관평동, 테크노밸리6단지아파트내)",042-671-1212,042-671-1212,3,144,0,3,9,32,28,36.41917017163003,127.389560784111,미운영,,2007-08-24,,,
대전광역시,유성구,펀키즈스쿨어린이집,가정,폐지,305759,대전 유성구 하기동 송림마을아파트 우미 2단지 206동 102호 ,042-334-3434,--,0,0,0,0,0,19,0,,,,,2007-08-16,,,2009-06-09
대전광역시,동구,별초롱은초롱어린이집,가정,폐지,34660,"대전광역시 동구 용운로 80 301동 101호(용운동, 용방마을아파트)",042-286-1106,042-286-1106,4,108,1,4,0,18,0,36.32648977,127.4525215,미운영,,2007-08-14,,,2020-03-31
대전광역시,동구,하늘채어린이집,민간,폐지,34696,대전광역시 동구 동구청로 35 하늘채아파트 관리동1층 (대성동),042-282-3366,042-272-3365,6,241,1,8,0,61,0,36.30186734,127.45841,운영,,2007-08-14,,,2022-12-03
대전광역시,동구,꾸미피어어린이집,가정,정상,34695,"대전광역시 동구 동구청로 67 106동 101호(가오동, 은어송마을1단지아파트)",042-383-2636,042-286-1121,4,84,0,4,9,18,12,36.30474539,127.4572934,미운영,,2007-08-07,,,
대전광역시,동구,파란나라어린이집,가정,폐지,34695,"대전광역시 동구 동구청로 67 108동 102호(가오동, 은어송마을1단지아파트)",042-285-7025,042-285-7025,4,110,0,4,0,18,0,36.30474539,127.4572934,미운영,,2007-08-03,,,2018-11-23
대전광역시,유성구,소라어린이집,가정,폐지,34032,"대전광역시 유성구 배울1로 119 1205동 103호(용산동, 테크노밸리12단지아파트)",042-320-7324,--,4,84,0,0,0,20,0,36.41767411,127.3932468,미운영,,2007-07-19,,,2014-02-28
대전광역시,동구,리틀피카소어린이집,가정,정상,34639,"대전광역시 동구 계족로 65 104동 101호(인동, 어진마을아파트)",042-286-1600,042-286-1600,4,85,0,4,6,18,13,36.32137051,127.4423491,미운영,,2007-07-13,,,
대전광역시,동구,예뜰어린이집,가정,폐지,34703,대전광역시 동구 산내로1308번길 3-42 (낭월동),042-284-0955,042-284-0955,4,165,0,8,0,20,0,36.2810845395514,127.47015822252979,미운영,,2007-07-12,,,2018-11-29
대전광역시,동구,해바라기어린이집,민간,폐지,34659,대전광역시 동구 대동초등5길 5 (대동),042-272-7799,042-272-7799,4,333,0,6,0,39,0,36.32577697,127.4476426,운영,,2007-07-11,,,2023-03-31
대전광역시,동구,하늘땅어린이집,가정,폐지,34538,"대전광역시 동구 한밭대로1237번길 52 9동 101호(용전동, 신동아)",042-335-1279,042-673-1279,5,130,0,4,0,20,0,36.35801732,127.4322625,미운영,http://cafe.daum.net/specialbaby101,2007-07-06,,,2018-11-23
대전광역시,대덕구,무지개어린이집,민간,폐지,34310,대전광역시 대덕구 신탄진동로35번길 16 (신탄진동),042-935-9235,--,5,114,0,5,0,42,0,36.44875517148983,127.43326990166632,운영,,2007-07-06,,,2020-12-04
대전광역시,동구,어진아이꿈어린이집,민간,폐지,34639,"대전광역시 동구 계족로 65 주민관리동(인동, 어진마을아파트)",042-320-5558,042-320-5558,4,72,0,8,0,23,0,36.32137051,127.4423491,미운영,,2007-07-03,,,2025-07-01
대전광역시,동구,행복나무어린이집,가정,폐지,34639,"대전광역시 동구 계족로 65 104동 104호(인동, 어진마을아파트)",042-283-2226,--,4,85,0,4,0,18,0,36.32137051,127.4423491,미운영,,2007-07-03,,,2018-05-14
대전광역시,동구,데이지어린이집,민간,정상,34653,대전광역시 동구 늘들길 16 (용운동),042-286-5500,042-284-4001,11,521,1,16,20,175,63,36.32868002,127.4527635,운영,kidslove5500.kidsnote.ac,2007-06-29,,,
대전광역시,동구,어진마을 어린이집,민간,폐지,34639,대전광역시 동구 계족로 65 어진마을아파트 주민복지관 (인동),042-284-2800,042-284-2803,4,148,0,4,0,30,0,36.32137051,127.4423491,미운영,,2007-06-28,,,2023-06-15
대전광역시,유성구,행복어린이집,가정,폐지,34010,"대전광역시 유성구 송강로 15 101동 107호(송강동, 한솔아파트)",042-935-2129,042-933-5205,4,50,0,4,0,18,0,36.44042234,127.3837918,미운영,,2007-06-26,,,2022-04-04
대전광역시,유성구,꿈빛나무어린이집,가정,폐지,34067,"대전광역시 유성구 반석서로 98 606동 104호(반석동, 반석마을6단지아파트)",042-823-7668,--,3,84,0,0,0,19,0,36.38899711,127.2943779,미운영,,2007-06-13,,,2016-09-01
대전광역시,동구,하늘빛어린이집,가정,폐지,34698,"대전광역시 동구 대전로340번길 20 (대성동,삼익103-101)",042-284-7588,042-284-7588,4,84,0,4,0,17,0,36.29800498,127.460894,운영,,2007-06-11,,,2021-04-20
대전광역시,서구,꼬마사랑어린이집,가정,정상,35285,"대전광역시 서구 동서대로 967 2동 101호 (내동, 코오롱아파트)",042-527-0849,042-527-0849,4,79,0,4,5,19,12,36.33579986,127.370039,미운영,,2007-06-04,,,
대전광역시,동구,금비어린이집,민간,폐지,300050,대전 동구 가오동 556 은어송 5단지 관리동 ,042-285-5252,042-285-5252,4,141,0,0,0,27,0,,,,,2007-06-01,,,2010-08-13
대전광역시,서구,꼬마노벨어린이집,가정,폐지,35404,"대전광역시 서구 복수북로 42 302동 103호 (복수동, 삼익목화아파트)",042-586-0898,042-586-0898,3,99,0,4,0,19,0,36.30828374453528,127.37485113276116,미운영,,2007-06-01,,,2019-11-21
대전광역시,서구,지산어린이집,민간,정상,35342,대전광역시 서구 배재로233번길 42 (변동),042-528-5656,070-8233-5656,5,159,0,10,0,39,0,36.33026495,127.3689441,미운영,,2007-05-16,,,
대전광역시,대덕구,아기백조어린이집,가정,폐지,306758,대전 대덕구 법2동 그린아파트 102동 104호 ,016-9500-4451,--,0,0,0,0,0,5,0,,,,,2007-05-14,,,2019-03-27
대전광역시,유성구,고은햇살어린이집,가정,폐지,34227,대전광역시 유성구 원내로39번길 77 (원내동),042-545-0218,042-545-0218,4,101,0,0,0,19,0,36.30287989,127.3201645,미운영,,2007-05-10,,,2015-09-11
대전광역시,동구,신나는어린이집,가정,폐지,34696,"대전광역시 동구 동구청로 35 201동 102호(대성동, 은어송마을2단지아파트)",042-272-1867,042-272-1867,5,85,0,5,0,20,0,36.30186734,127.45841,미운영,,2007-05-07,,,2020-03-27
대전광역시,동구,하몬어린이집,가정,폐지,34696,"대전광역시 동구 동구청로 35 207동 104호(대성동, 은어송마을코오롱하늘채2단지아파트)",042-286-8846,042-286-8846,4,54,0,4,0,19,0,36.29391163,127.4611292,미운영,,2007-05-07,,,2025-03-27
대전광역시,동구,하늘채아이마루어린이집,민간,정상,34698,대전광역시 동구 대전로340번길 15 105동(관리동) 1층,042-286-6788,042-286-6788,4,59,1,4,7,21,15,36.29890212779872,127.46046086048779,미운영,,2007-05-07,,,
대전광역시,동구,아이하늘채어린이집,가정,정상,34696,"대전광역시 동구 동구청로 35 201동 103호(대성동, 은어송마을2단지아파트)",042-286-3533,0504-423-1872,4,84,0,4,7,18,13,36.30186734,127.45841,미운영,,2007-05-07,,,
대전광역시,동구,아이플레이어린이집,가정,정상,34696,"대전광역시 동구 동구청로 35 203동 104호(대성동, 은어송마을2단지아파트)",042-285-5677,--,4,50,0,4,8,18,17,36.30186734,127.45841,미운영,dkdl203104@naver.com,2007-05-07,,,
대전광역시,동구,우리아이어린이집,가정,폐지,34696,"대전광역시 동구 동구청로 35 203동 101호(대성동, 은어송마을코오롱하늘채2단지아파트)",042-285-3319,042-285-3319,4,85,0,4,0,18,0,36.29470836,127.4605337,운영,,2007-05-04,,,2021-03-26
대전광역시,동구,예뜰어린이집,민간,폐지,34703,대전광역시 동구 산내로1308번길 3-42 (낭월동),042-284-0955,042-286-3008,8,168,0,7,0,49,0,36.28908662,127.4640045,운영,,2007-05-04,,,2020-10-27
대전광역시,동구,도시락자연어린이집,민간,폐지,300050,대전 동구 가오동 496번지 은어송마을3단지 관리동 ,042-286-7786,042-286-7788,4,141,0,0,0,23,0,,,,,2007-05-04,,,2010-09-08
대전광역시,중구,아기천사어린이집,가정,폐지,34961,"대전광역시 중구 서문로 95 103동 102호(문화동, 센트럴파크1단지아파트)",042-226-0377,042-226-0377,4,84,0,4,0,20,0,36.316624744484145,127.40612626737298,미운영,atm2005@naver.com,2007-04-30,,,2024-03-08
대전광역시,중구,글꽃어린이집,가정,정상,34963,"대전광역시 중구 계백로1716번길 87 303동 103호(문화동, 센트럴파크3단지아파트)",042-524-1961,042-524-1961,4,101,0,4,6,20,8,36.31854993,127.4126832,미운영,,2007-04-30,,,
대전광역시,유성구,송강별어린이집,가정,폐지,34007,대전광역시 유성구 봉산로46번길 23 (봉산동),042-931-0720,042-0-0,3,119,0,4,0,19,0,36.43818758,127.3873507,미운영,seraphim1107@naver.om,2007-04-27,,,2020-03-25
대전광역시,서구,빛나어린이집,가정,폐지,35371,"대전광역시 서구 관저로 51 508동 103호 (관저동, 구봉마을5단지)",042-544-5253,--,3,108,0,4,0,19,0,36.300293,127.32851,운영,,2007-04-26,,,2023-04-03
대전광역시,서구,대교대전어린이집,직장,폐지,35229,대전광역시 서구 대덕대로 239 대교 눈높이센터 (둔산동),042-479-4600,042-479-4609,4,420,1,6,0,65,0,36.35423354,127.3789231,미운영,child.edupia.com,2007-04-26,,,2021-02-28
대전광역시,중구,예원어린이집,가정,폐지,34896,"대전광역시 중구 평촌로 93 101동 102호(태평동, 쌍용예가)",042-252-1114,042-252-1118,4,84,1,4,0,20,0,36.32270877911148,127.39674896155222,미운영,,2007-04-23,,,2026-01-01
대전광역시,유성구,샘솟는어린이집,민간,정상,34171,대전광역시 유성구 문화원로6번길 59 1층 (장대동),042-824-7999,070-8650-8079,4,160,0,4,7,31,11,36.35947915,127.3373846,운영,,2007-04-19,,,
대전광역시,유성구,그린키즈어린이집,가정,폐지,34011,"대전광역시 유성구 구즉로 25 310동 104호(송강동, 송강그린아파트)",042-361-3886,042-361-3886,4,84,0,4,0,19,0,36.432846,127.3819,미운영,,2007-04-19,,,2019-03-11
대전광역시,중구,온새미어린이집,가정,폐지,34955,대전광역시 중구 계룡로918번길 30-9 ,042-242-0099,042-242-0809,6,67,0,7,0,20,0,36.3204005,127.4129288,운영,,2007-04-18,,,2023-03-07
대전광역시,중구,바움어린이집,가정,폐지,34962,"대전광역시 중구 서문로 96 208동 101호(문화동, 센트럴파크2단지아파트)",042-221-6100,--,4,128,0,4,0,20,0,36.31712896,127.4096335,운영,,2007-04-16,,,2019-03-14
대전광역시,중구,해피트리어린이집,가정,폐지,34963,"대전광역시 중구 계백로1716번길 87 305동 103호(문화동, 센트럴파크3단지아파트)",042-383-9911,042-383-9911,4,84,0,4,0,20,0,36.31856714274541,127.41260068342842,미운영,,2007-04-16,,,2024-03-19
대전광역시,유성구,달님안녕어린이집,가정,폐지,34022,"대전광역시 유성구 배울1로 13 204동 104호(관평동, 테크노밸리2단지아파트)",042-361-4669,--,4,101,0,4,0,20,0,36.43379828,127.3941786,미운영,,2007-04-15,,,2019-03-11
대전광역시,동구,샛별 어린이집,가정,폐지,34576,대전광역시 동구 계족로382번길 147 (가양동),042-623-9744,042-623-9744,2,24,0,0,0,8,0,36.34645422,127.4410317,미운영,hasuk0515@naver.com,2007-04-12,,,2016-03-09
대전광역시,중구,센트럴파크어린이집,가정,폐지,34962,"대전광역시 중구 서문로 96 207동 103호(문화동, 센트럴파크2단지아파트)",042-222-1928,042-222-1928,4,70,0,5,0,20,0,36.317349130543526,127.40908096990731,미운영,,2007-04-12,,,2026-01-01
대전광역시,서구,은비어린이집,가정,폐지,35210,"대전광역시 서구 청사로 5 104동 107호 (월평동, 하나로아파트)",042-486-9430,--,3,69,0,0,0,14,0,36.36090948,127.3649473,미운영,,2007-04-12,,,2016-03-17
대전광역시,서구,애플비어린이집,가정,정상,35397,"대전광역시 서구 정림로 55 115동 103호 (정림동, 우성아파트)",042-587-6988,042-587-6989,4,148,0,5,8,20,15,36.30489703,127.364256,운영,,2007-04-12,,,
대전광역시,동구,현암어린이집,민간,폐지,34611,대전광역시 동구 우암로147번길 15 (삼성동),042-637-0456,042-637-0456,4,142,0,6,0,39,0,36.3405482294,127.4338415889,운영,,2007-04-11,,,2018-02-05
대전광역시,유성구,화인어린이집,가정,폐지,34226,"대전광역시 유성구 진잠로149번길 30 205동 104호(교촌동, 미메이드아파트)",042-545-5444,--,4,84,2,4,0,19,0,36.30201463,127.3132142,미운영,http//fine.mypepe.com,2007-04-10,,,2018-03-28
대전광역시,동구,도시락퍼포먼스어린이집,민간,정상,34569,대전광역시 동구 대전로 935 관리동 1층 (삼성동),042-621-1489,042-631-7781,4,136,0,4,6,26,17,36.34072356,127.4242136,운영,,2007-04-04,,,
대전광역시,유성구,푸른솔어린이집,가정,폐지,34011,"대전광역시 유성구 구즉로 25 315동 104호(송강동, 송강그린아파트)",042-364-0733,--,3,84,2,4,0,19,0,36.432846,127.3819,미운영,,2007-04-04,,,2017-11-10
대전광역시,동구,자연어린이집,가정,폐지,34681,"대전광역시 동구 은어송로 100 504동 107호(가오동, 은어송마을5단지아파트)",042-272-5008,--,4,99,0,4,0,18,0,36.30808975,127.4596387,운영,,2007-04-02,,,2017-04-11
대전광역시,동구,햇살가득어린이집,가정,폐지,34681,"대전광역시 동구 은어송로 100 508동 102호(가오동, 은어송마을5단지아파트)",042-286-0020,042-286-0020,4,128,0,4,0,20,0,36.30878536981185,127.45999008045871,미운영,,2007-04-02,,,2023-03-27
대전광역시,동구,너랑나랑어린이집,가정,폐지,34681,"대전광역시 동구 은어송로 100 504동 102호(가오동, 은어송마을5단지아파트)",042-369-0677,042-369-0677,4,83,1,4,0,17,0,36.30792128,127.4578615,미운영,kimdibs@hanmail.net,2007-04-02,,,2022-03-23
대전광역시,유성구,사랑샘어린이집,가정,폐지,305509,대전 유성구 관평동 쌍용아파트406동101호 ,011-404-4799,--,0,0,0,0,0,19,0,,,,,2007-04-02,,,
대전광역시,유성구,선사어린이집,가정,정상,34078,대전광역시 유성구 북유성대로155번길 45-14 (지족동),042-824-9913,042-822-9905,5,163,1,5,6,20,15,36.38008164,127.3212062,운영,,2007-04-02,,,
대전광역시,유성구,아띠해맑은어린이집,가정,폐지,34090,"대전광역시 유성구 은구비남로 56 909동 105호(노은동, 열매마을9단지아파트)",042-823-7113,042-823-7113,4,84,0,4,0,20,0,36.37080217,127.3194024,미운영,smkim8438@naver.com,2007-03-29,,,2025-04-30
대전광역시,서구,정다운어린이집,가정,폐지,35404,"대전광역시 서구 복수중로 38 201동102호 (복수동,삼익목화아파트)",042-582-5411,--,4,108,1,4,0,17,0,36.3071117,127.3735335,미운영,,2007-03-22,,,2018-04-04
대전광역시,유성구,사랑모아어린이집,가정,정상,34049,"대전광역시 유성구 엑스포로 448 202동 102호(전민동, 엑스포아파트)",042-867-2194,--,4,84,0,4,7,20,14,36.39916018,127.4027529,미운영,frog-frog@nate.com,2007-03-21,,,
대전광역시,서구,하람어린이집,가정,정상,35335,"대전광역시 서구 도산로 79 1108동 106호 (도마동, 도마호반써밋그랜드센트럴))",042-544-9809,042-352-9995,4,155,0,5,9,20,19,36.31393529388092,127.37706624781725,미운영,,2007-03-19,,,
대전광역시,서구,마루미어린이집,민간,폐지,35404,"대전광역시 서구 복수중로 30 관리사무소내 (복수동, 오량마을마루미아파트)",042-583-8603,--,3,120,0,3,0,28,0,36.30675171,127.376907,미운영,,2007-03-19,,,2020-01-01
대전광역시,대덕구,은하수어린이집,가정,폐지,34399,"대전광역시 대덕구 동춘당로 160 102동 106호(법동, 삼익소월아파트)",042-636-6320,--,4,52,0,4,0,18,0,36.36902079,127.4345829,운영,cafe.daum.net/milkyway6320,2007-03-16,,,2023-03-01
대전광역시,대덕구,새싹어린이집,가정,폐지,34401,"대전광역시 대덕구 동춘당로114번길 60 304동 105호(송촌동, 선비마을3단지아파트)",042-672-3955,--,4,86,0,5,0,19,0,36.36777582,127.4410185,미운영,,2007-03-13,,,2022-03-25
대전광역시,서구,황토어린이집,가정,폐지,35344,"대전광역시 서구 배재로 185 105동 101호 (도마동,대아아파트)",042-824-5279,042-824-5279,3,97,0,4,0,19,0,36.32478212665348,127.36919695394164,운영,,2007-03-12,,,2021-03-14
대전광역시,서구,사랑꽃어린이집,가정,폐지,35407,"대전광역시 서구 복수동로 21-20 204동 102호 (복수동, 초록마을2단지아파트)",042-364-5325,042-364-5325,4,102,0,4,0,20,0,36.30216022857712,127.38026833218599,미운영,,2007-03-12,,,2024-01-31
대전광역시,유성구,브니엘아동연구원어린이집,민간,폐지,305156,대전 유성구 외삼동 236번지 ,042-825-7275,--,0,0,0,0,0,49,0,,,,,2007-03-12,,,2008-02-28
대전광역시,대덕구,비래영아어린이집,민간,폐지,34417,대전광역시 대덕구 비래동로7번길 4 (비래동),042-626-1930,042-636-1930,7,196,2,8,0,68,0,36.35505395,127.4489957,운영,,2007-03-09,,,2023-03-08
대전광역시,유성구,하늘빛어린이집,가정,폐지,34120,"대전광역시 유성구 가정로 65 103동 102호(신성동, 대림두레아파트)",042-365-0308,042-365-0308,3,54,0,4,0,19,0,36.38650823,127.3515196,미운영,http//:club.cyworld.com,2007-03-08,,,2022-04-14
대전광역시,유성구,그린어린이집,가정,폐지,34011,"대전광역시 유성구 구즉로 25 311동 104호(송강동, 송강그린아파트)",042-365-5212,--,4,84,0,4,0,19,0,36.432846,127.3819,운영,,2007-03-06,,,2019-03-11
대전광역시,동구,아이조아어린이집,가정,폐지,300172,대전 동구 삼성2동 한밭자이@104동 101호 ,042-625-0064,--,0,0,0,0,0,17,0,,,,,2007-03-05,,,2008-07-02
대전광역시,중구,우리꼬마숲  어린이집,가정,폐지,34895,"대전광역시 중구 평촌로 111 101동 102호(태평동, 태평아파트)",042-522-0608,--,4,84,1,4,0,18,0,36.32390155,127.3992636,미운영,http:www.littleforest.co.kr/home/taepyeong,2007-03-02,,,2020-11-27
대전광역시,서구,아이꿈터어린이집,가정,폐지,35358,"대전광역시 서구 관저북로 80 212동 101호 (관저동, 원앙마을2단지아파트)",042-545-7112,042-545-7112,3,79,0,4,0,15,0,36.309976440319865,127.33914830768511,운영,,2007-03-02,,,2017-03-27
대전광역시,유성구,크레파스어린이집,가정,폐지,34140,"대전광역시 유성구 어은로 57 128동 106호(어은동, 한빛아파트)",042-861-1230,--,4,84,0,4,0,19,0,36.37257419,127.3406503,미운영,,2007-03-02,,,2017-10-24
대전광역시,유성구,상지뜰어린이집,가정,폐지,34010,"대전광역시 유성구 구즉로 16 102동 103호(송강동, 한마을아파트)",042-933-3454,--,3,84,0,4,0,19,0,36.4222777,127.3818431,운영,,2007-02-28,,,2018-05-31
대전광역시,유성구,다올어린이집,가정,폐지,34164,"대전광역시 유성구 장대로71번길 34 101동 102호(장대동, 장대푸르지오)",042-823-7914,042-823-7914,3,54,0,4,0,20,0,36.362099754544815,127.33174426570441,미운영,,2007-02-28,,,2023-01-13
대전광역시,유성구,한솔어린이집,가정,재개,34209,"대전광역시 유성구 학하남로 10 205동 104호(계산동, 오투그란데미학아파트)",042-345-3356,042-345-3357,3,84,0,4,6,20,11,36.34288316413942,127.30089875619439,미운영,,2007-02-26,,,
대전광역시,유성구,햇빛어린이집,가정,폐지,34049,"대전광역시 유성구 엑스포로 448 301동 104호(전민동, 엑스포아파트)",042-864-3241,070-8260-3241,4,84,0,4,0,20,0,36.40001075,127.4003752,미운영,,2007-02-26,,,2023-03-16
대전광역시,중구,별하어린이집,가정,폐지,35055,대전광역시 중구 대둔산로386번길 51 별하어린이집 (산성동),042-586-1332,042-586-1332,4,220,0,4,0,20,0,36.30402018,127.3888104,운영,,2007-02-20,,,2022-05-10
대전광역시,서구,해오름어린이집,가정,폐지,35374,"대전광역시 서구 관저로 48 704동 106호 (관저동, 구봉마을7단지)",042-542-0185,042-368-0186,3,79,0,0,0,10,0,36.297302,127.327194,미운영,0423happyday@naver.com,2007-02-15,,,2016-06-10
대전광역시,유성구,다솜어린이집,민간,정상,34094,"대전광역시 유성구 노은로 416 (하기동, 송림마을5단지아파트 관리동)",042-824-3356,--,4,195,0,4,7,34,9,36.39001251,127.3301756,미운영,,2007-02-14,,,
대전광역시,유성구,하늘정원어린이집,가정,폐지,305809,"대전광역시 유성구 진잠로42번길 30 104동 103호(원내동, 한아름아파트)",042-364-0988,--,3,85,0,4,0,19,0,36.294789252404996,127.32002044323026,미운영,,2007-02-14,,,2022-05-16
대전광역시,유성구,새꿈나무어린이집,가정,폐지,305250,대전 유성구 교촌동 한승미메이드@ 208-102 ,042-322-8227,--,0,0,0,0,0,19,0,,,,,2007-02-13,,,2008-04-01
대전광역시,대덕구,스폰지어린이집,가정,폐지,34396,"대전광역시 대덕구 계족로690번길 21 107동 104호(법동, 선비마을1단지아파트)",042-635-1351,--,4,84,0,4,0,19,0,36.37282606,127.4300776,미운영,blog.naver.com/sponge1351,2007-02-12,,,2019-03-27
대전광역시,동구,꿈에그린 어린이집,민간,폐지,34526,대전광역시 동구 대학로50번길 53 꿈에그린아파트 관리동 (용운동),042-320-4560,042-320-4560,4,145,1,7,0,35,0,36.33146273,127.4570357,미운영,https://dreamsgreen.modoo.at,2007-02-09,,,2025-07-01
대전광역시,대덕구,풀잎어린이집,가정,폐지,34384,"대전광역시 대덕구 계족로663번길 23 3동 102호(법동, 유원아파트)",042-622-8554,--,4,59,0,4,0,20,0,36.37003479,127.4279772,운영,,2007-02-07,,,2020-12-11
대전광역시,유성구,위즈베베어린이집,가정,폐지,34011,"대전광역시 유성구 구즉로 25 304동 105호(송강동, 송강그린아파트)",042-933-5003,--,4,84,0,0,0,19,0,36.432846,127.3819,미운영,,2007-02-01,,,2016-11-29
대전광역시,동구,키즈피아어린이집,가정,정상,34677,"대전광역시 동구 옥천로180번길 23 203동 102호(판암동, 주공아파트2단지)",042-341-9111,050-4338-7366,3,80,0,4,4,14,5,36.31694354069739,127.46313230241816,미운영,https://www.instagram.com/kidspia_341/,2007-01-31,,,
대전광역시,서구,아회어린이집,가정,폐지,302815,대전광역시 서구 도솔로305번길 42 (괴정동),042-528-2463,042-528-2463,3,136,0,0,0,20,0,36.33726163,127.3803735,운영,,2007-01-30,,,2016-04-12
대전광역시,서구,삼성어린이집,민간,정상,35333,대전광역시 서구 용화5길 63 (도마동),042-525-8440,042-525-8443,13,450,2,22,15,139,47,36.32142681,127.3755395,운영,,2007-01-26,,,
대전광역시,동구,아이비어린이집,가정,폐지,34535,대전광역시 동구 우암로295번길 24 (가양동),042-625-7614,--,4,92,0,7,0,20,0,36.34764744,127.4478102,미운영,,2007-01-25,,,2020-07-27
대전광역시,서구,우리어린이집,민간,정상,35292,대전광역시 서구 괴정로 94-8 (괴정동),042-532-3355,042-532-3355,6,192,1,8,13,66,49,36.338672968354245,127.38347992223163,운영,,2007-01-16,,,
대전광역시,유성구,피앤피어린이집,가정,정상,34008,"대전광역시 유성구 송강로42번길 61 310동 106호(송강동, 청솔아파트)",042-935-3004,--,3,84,0,4,6,19,10,36.42941106,127.3785657,미운영,,2007-01-15,,,
대전광역시,동구,주사랑어린이집,민간,폐지,34688,대전광역시 동구 효천2길 10 (효동),042-285-1006,042-285-1006,7,228,0,5,0,29,0,36.31651519260099,127.44208506106172,운영,,2007-01-12,,,2018-04-02
대전광역시,중구,태평어린이집,가정,폐지,34895,"대전광역시 중구 평촌로 111 104동 104호(태평동, 태평아파트)",042-525-9488,042-525-9488,5,114,0,5,0,18,0,36.32610218,127.3970726,미운영,,2007-01-10,,,2022-03-01
대전광역시,중구,아이린어린이집,가정,폐지,35082,대전광역시 중구 안영로 68 우남스타원아파트 관리동1층 (사정동),042-585-7781,050-4078-9589,5,130,0,6,0,20,0,36.29479695,127.3828793,미운영,,2007-01-10,,,2024-10-25
대전광역시,유성구,구암어린이집,가정,폐지,305801,대전 유성구 구암동 610-3 ,042-822-1569,042-823-5105,3,85,0,0,0,12,0,,,,,2007-01-10,,,2010-03-12
대전광역시,대덕구,만민어린이집,민간,폐지,34364,대전광역시 대덕구 대화로 26 (대화동),042-632-2593,042-636-2264,5,159,0,7,0,37,0,36.36803807,127.4165104,운영,http://manmin.or.kr,2007-01-09,,,2019-06-04
대전광역시,서구,리틀천사어린이집,가정,폐지,35333,대전광역시 서구 용화7길 20 (도마동),042-527-1457,--,4,48,0,6,0,18,0,36.31998910772592,127.37458645833432,운영,misomi55@naver.com,2007-01-08,,,2018-11-14
대전광역시,서구,솜사탕어린이집,가정,폐지,35373,"대전광역시 서구 관저로 84 802동 104호 (관저동, 구봉마을8단지)",042-381-3456,042-381-3456,3,40,0,4,0,13,0,36.297413,127.33013,미운영,,2007-01-05,,,2023-04-06
대전광역시,서구,꿈터어린이집,가정,폐지,35216,"대전광역시 서구 청사로 65 108동 109호 (월평동, 황실타운아파트)",042-381-3690,042-381-3690,3,74,0,5,0,19,0,36.3609518,127.3717596,미운영,,2007-01-05,,,2019-03-15
대전광역시,서구,행복가득어린이집,가정,정상,35403,"대전광역시 서구 복수서로 15 102동 104호 (복수동, 복수센트럴자이)",042-320-6353,042-320-6353,4,75,0,4,6,18,7,36.30691009767811,127.3714653375183,미운영,,2007-01-05,,,
대전광역시,유성구,샘물사랑어린이집,가정,폐지,34232,"대전광역시 유성구 원내로 52 302동 102호(원내동, 샘물타운아파트)",042-365-6069,000-000-0000,4,57,0,4,0,20,0,36.29904106,127.3213602,운영,,2007-01-05,,,2024-02-29
대전광역시,동구,해피스쿨어린이집,민간,폐지,34537,대전광역시 동구 한밭대로1237번길 72 해피스쿨어린이집 (용전동),042-626-2530,042-626-2530,5,164,0,8,0,31,0,36.35943154,127.4364864,운영,,2007-01-04,,,2017-08-01
대전광역시,중구,새싹어린이집,가정,폐지,34812,"대전광역시 중구 목중로26번길 29 109동 103호(중촌동, 현대아파트)",042-226-2002,042-226-2002,3,84,1,4,0,18,0,36.33794908,127.4113579,운영,,2007-01-04,,,2017-09-29
대전광역시,서구,꼬마천사어린이집,가정,폐지,35265,"대전광역시 서구 대덕대로 150 121동 105호 (갈마동, 큰마을아파트)",042-524-7004,--,3,105,0,4,0,19,0,36.34507,127.37692,미운영,,2007-01-04,,,2025-04-03
대전광역시,서구,새봄어린이집,민간,폐지,35303,대전광역시 서구 계룡로662번길 48 (용문동),042-537-1123,070-8874-1123,5,240,0,8,0,43,0,36.33550457,127.3929133,미운영,,2007-01-03,,,2022-08-22
대전광역시,중구,누리키즈어린이집,민간,폐지,35060,대전광역시 중구 돌다리로8번길 17 (석교동),042-282-1773,042-285-1773,7,462,1,9,0,99,0,36.30900935,127.4412779,운영,,2006-12-29,,,2025-08-28
대전광역시,유성구,무지개하바어린이집,가정,폐지,305751,대전 유성구 송강동 송강그린아파트 304동106호 ,042-369-3644,042-369-3644,4,85,0,0,0,19,0,,,,,2006-12-29,,,2010-07-19
대전광역시,유성구,동화속아이들어린이집,가정,폐지,34226,"대전광역시 유성구 진잠로149번길 30 202동 102호(교촌동, 미메이드아파트)",042-543-3350,--,4,72,1,4,0,20,0,36.30259453,127.3132837,미운영,,2006-12-29,,,2024-08-21
대전광역시,동구,키즈야드어린이집,민간,폐지,34594,대전광역시 동구 가양로56번길 13 (가양동),042-635-9090,042-633-9090,7,249,1,9,0,67,0,36.34176513,127.4427897,운영,kidsyard@hanmail.net,2006-12-28,,,2023-05-01
대전광역시,대덕구,리라어린이집,민간,정상,34388,대전광역시 대덕구 중리로63번길 36-10 (중리동),042-639-0888,042-633-6440,8,322,1,23,5,70,5,36.36528484,127.4233942,운영,,2006-12-28,,,
대전광역시,동구,둥근마음어린이집,민간,폐지,34509,대전광역시 동구 충정로 136 대주파크빌아파트 관리동 1층 (가양2동),042-383-5004,042-383-5004,4,153,0,4,0,29,0,36.34386907,127.4489074,운영,,2006-12-27,,,2020-12-01
대전광역시,동구,삼성예능어린이집,민간,폐지,34509,대전광역시 동구 충정로130번길 19 (가양동),042-638-2654,042-636-2654,5,231,0,6,0,39,0,36.34411016,127.4495942,미운영,,2006-12-27,,,2024-04-15
대전광역시,서구,스마일어린이집,가정,정상,35265,"대전광역시 서구 대덕대로 150 109동 107호 (갈마동, 큰마을아파트)",042-524-3315,042-716-0059,4,60,0,4,8,19,19,36.34507,127.37692,운영,,2006-12-27,,,
대전광역시,유성구,리틀베어어린이집,가정,정상,34082,"대전광역시 유성구 노은서로210번길 32 406동 101호(지족동, 열매마을4단지아파트)",042-826-4279,042-826-4279,4,52,0,4,8,15,13,36.376198,127.31561,미운영,,2006-12-26,,,
대전광역시,대덕구,호야어린이집,가정,폐지,34385,"대전광역시 대덕구 계족로663번길 29 211동 108호(법동, 주공아파트2단지)",042-672-7659,--,4,89,0,4,0,16,0,36.36954754,127.4250388,운영,,2006-12-26,,,2017-03-31
대전광역시,중구,대전광역시선화하나어린이집,국공립,정상,34860,대전광역시 중구 선화서로43번길 41 (선화동),042-721-1261,042-721-1262,7,199,1,30,22,56,48,36.32653131174624,127.41649604925573,미운영,,2006-12-20,,,
대전광역시,유성구,킨더하바어린이집,가정,폐지,34145,"대전광역시 유성구 왕가봉로 23 1105동 103호(노은동, 열매마을11단지아파트)",042-477-4577,--,4,108,2,5,0,20,0,36.36519837225362,127.31495454888522,미운영,,2006-12-20,,,2025-02-28
대전광역시,서구,건양어린이집,직장,정상,35365,대전광역시 서구 관저동로 158 (관저동),042-600-6501,042-543-8363,7,360,1,22,19,117,64,36.30729632,127.3434418,미운영,https://blog.naver.com/konyangkid,2006-12-19,,,
대전광역시,유성구,경험놀이어린이집,가정,정상,34219,"대전광역시 유성구 대정로28번안길 80 (대정동, 드리움2단지관리동)",042-541-0550,042-541-0550,4,82,1,7,6,20,16,36.31262316,127.3225275,운영,,2006-12-18,,,
대전광역시,중구,굿모닝 어린이집,가정,폐지,35078,"대전광역시 중구 학고개로57번길 82 A동 101호(옥계동, 한양그린맨션아파트)",042-285-7861,042-285-7861,4,60,0,4,0,11,0,36.29636686,127.4546148,미운영,jsy7861@naver.com,2006-12-15,,,2023-03-20
대전광역시,서구,둥근별어린이집,가정,폐지,35282,"대전광역시 서구 신갈마로 102 302동 102호 (갈마동, 갈마아파트)",042-535-4527,--,4,52,0,4,0,19,0,36.34266126,127.3690569,미운영,,2006-12-15,,,2021-03-24
대전광역시,중구,통큰어린이집,민간,폐지,35011,대전광역시 중구 산성로 11-1 ,042-583-7455,042-583-7453,6,256,1,10,0,70,0,36.30604199,127.3902823,운영,,2006-12-11,,,2022-12-06
대전광역시,서구,아이굿맘어린이집,가정,폐지,35397,"대전광역시 서구 정림서로 162-15 126동 105호 (정림동, 우성아파트)",042-582-3100,042-581-3100,4,162,0,5,0,20,0,36.30348748971466,127.36381919089183,미운영,heewon4871@hanmail.net,2006-12-11,,,2023-11-06
대전광역시,동구,푸른별어린이집,가정,폐지,34546,대전광역시 동구 계족로423번길 42 (용전동),042-626-8205,042-626-8205,3,92,0,4,0,14,0,36.34992536,127.4296808,운영,,2006-12-07,,,2017-02-22
대전광역시,서구,시홍지어린이집,가정,폐지,302902,대전 서구 관저2동  구봉마을8단지 810-104 ,042-583-4468,010-2338-4467,0,49,0,0,0,11,0,,,,,2006-12-01,,,2009-12-30
대전광역시,서구,목화사랑어린이집,가정,정상,35404,"대전광역시 서구 복수서로 50 105동 106호 (복수동, 삼익목화아파트)",042-368-2355,042-368-2355,4,102,0,4,8,19,8,36.30984240008403,127.37439984850039,운영,,2006-12-01,,,
대전광역시,유성구,하늘아이어린이집,가정,폐지,34010,"대전광역시 유성구 구즉로 16 109동 107호(송강동, 한마을아파트)",042-369-3793,042-369-3793,4,85,0,5,0,20,0,36.43019844,127.3849488,미운영,,2006-12-01,,,2022-06-03
대전광역시,서구,관저2동우체국꿈나무어린이집,직장,폐지,35371,대전광역시 서구 관저로 63 관저2동우체국 (관저동),042-545-2055,042-545-2056,4,217,0,5,0,49,0,36.29907828,127.3287516,운영,http://daejeon.koreapostkid.com/,2006-11-30,,,2017-02-28
대전광역시,대덕구,누림어린이집,가정,폐지,34399,"대전광역시 대덕구 동춘당로 160 102동 101호(법동, 삼익소월아파트)",042-635-4451,042-635-4451,4,85,0,4,0,20,0,36.36902079,127.4345829,운영,,2006-11-28,,,2025-01-01
대전광역시,유성구,도담도담어린이집,가정,폐지,305509,대전광역시 유성구 관들5길 15-20 (관평동),042-936-4289,--,4,85,0,0,0,20,0,36.42219434,127.3930008,운영,,2006-11-24,,,2014-03-01
대전광역시,서구,새물내어린이집,가정,폐지,35404,"대전광역시 서구 복수중로 30 102동 103호 (복수동, 오량마을마루미아파트)",042-581-3827,--,4,115,0,4,0,20,0,36.3068268,127.373685,미운영,,2006-11-20,,,2020-04-03
대전광역시,동구,도원어린이집,민간,폐지,34679,대전광역시 동구 신기로 123-4 (판암1동),042-272-0540,042-272-0540,2,99,0,4,0,21,0,36.31220134,127.4590557,운영,,2006-11-15,,,2021-08-11
대전광역시,동구,한밭영재 어린이집,가정,폐지,34569,"대전광역시 동구 대전로 935 107동 103호(삼성동, 한밭자이아파트)",042-369-5071,--,4,71,0,4,0,20,0,36.34057419,127.4222084,미운영,,2006-11-08,,,2025-03-01
대전광역시,동구,장애아전담성심어린이집,사회복지법인,정상,34712,대전광역시 동구 산내로386번길 8-30 성심보육원내 (하소동),042-273-8777,042-273-8777,6,249,0,16,17,30,25,36.21805071,127.4420611,운영,,2006-11-08,,,
대전광역시,유성구,대우어린이집,민간,정상,34022,"대전광역시 유성구 배울1로 13 (관평동, 테크노밸리2단지아파트 관리동)",042-671-0002,0508-952-1734,3,141,2,4,9,31,26,36.41972951276618,127.38239954255373,미운영,https://blog.naver.com/daewoo6710002,2006-11-07,,,
대전광역시,유성구,화랑어린이집,가정,정상,34085,"대전광역시 유성구 은구비남로 55 703동 104호(지족동, 열매마을7단지아파트)",042-822-3123,042-822-3123,4,77,0,4,8,20,9,36.37343,127.320915,미운영,,2006-11-07,,,
대전광역시,유성구,예그리나어린이집,가정,폐지,34182,대전광역시 유성구 월드컵대로253번안길 16-6 (구암동),042-822-7975,042-822-7975,4,56,0,4,0,20,0,36.3497322,127.3299437,미운영,,2006-11-04,,,2022-12-09
대전광역시,서구,채움어린이집,민간,폐지,35316,대전광역시 서구 변정6길 99 (변동),042-522-2145,042-527-2145,6,243,2,9,0,53,0,36.32291848,127.3831978,운영,http://cafe.naver.com/chaeumkids,2006-11-01,,,2020-06-18
대전광역시,유성구,슈바이쯔어린이집,가정,폐지,34094,"대전광역시 유성구 노은로426번길 15 602동 101호(하기동, 송림마을6단지아파트)",042-322-3131,042-322-7497,4,85,0,4,0,20,0,36.3909306,127.32708,미운영,,2006-11-01,,,2019-02-08
대전광역시,유성구,산내들어린이집,가정,폐지,34118,"대전광역시 유성구 가정로 43 105동 105호(신성동, 한울아파트)",042-863-5161,042-863-5161,4,53,0,4,0,15,0,36.38565089,127.3473336,운영,,2006-10-31,,,2018-04-17
대전광역시,유성구,탑키즈영재어린이집,민간,폐지,34145,대전광역시 유성구 왕가봉로2번길 68 (노은동),042-477-0237,042-825-0297,3,117,1,5,0,44,0,36.36518132,127.3173787,운영,,2006-10-30,,,2019-03-12
대전광역시,중구,큰사랑 어린이집,민간,폐지,35022,대전광역시 중구 보문로 128 (부사동),042-255-9432,042-255-9433,4,184,0,8,0,36,0,36.31492298,127.4278567,운영,,2006-10-27,,,2020-03-06
대전광역시,중구,키움어린이집,가정,폐지,34899,"대전광역시 중구 계백로1615번길 34 104동 101호(유천동, 현대아파트)",042-532-7142,042-532-7142,4,164,0,5,0,20,0,36.32105304,127.4005863,미운영,,2006-10-27,,,2025-03-14
대전광역시,대덕구,사랑나무어린이집,가정,폐지,34379,"대전광역시 대덕구 한밭대로1033번길 15 2동 102호(오정동, 신동아아파트)",042-637-7473,042-637-7473,4,85,0,4,0,19,0,36.36003979,127.411966,운영,,2006-10-27,,,2022-02-04
대전광역시,동구,자이어린이집,가정,폐지,34569,"대전광역시 동구 대전로 935 107동 102호(삼성동, 한밭자이아파트)",042-321-9457,042-623-2060,4,108,0,4,0,19,0,36.34072356,127.4242136,미운영,,2006-10-26,,,2016-04-15
대전광역시,대덕구,햇님달님어린이집,가정,폐지,34434,대전광역시 대덕구 오정로14번길 32 (오정동),042-628-0335,042-635-8488,4,85,0,0,0,18,0,36.35070337,127.4149998,운영,,2006-10-19,,,2017-03-17
대전광역시,동구,늘푸른어린이집,가정,정상,34681,"대전광역시 동구 은어송로 117 309동 103호(가오동, 은어송마을가오아이파크3단지아파트)",042-286-4530,042-286-4530,4,79,0,4,6,17,12,36.311000257596035,127.45963425338058,운영,,2006-10-17,,,
대전광역시,대덕구,햇살어린이집,가정,폐지,34323,대전광역시 대덕구 대덕대로1458번길 36 (목상동),042-931-9351,--,4,85,0,4,0,20,0,36.44773768,127.4118526,운영,,2006-10-16,,,2020-03-04
대전광역시,서구,참사랑어린이집,가정,폐지,35379,"대전광역시 서구 관저동로90번길 15 106동 104호 (관저동, 관저리슈빌아파트)",042-365-5892,042-365-5892,3,99,0,4,0,20,0,36.30141679,127.3420047,운영,,2006-10-04,,,2022-10-14
대전광역시,동구,아이사랑어린이집,가정,폐지,34669,"대전광역시 동구 옥천로 38 108동 102호(신흥동, 신흥마을아파트)",042-271-1231,042-271-1231,4,108,0,4,0,19,0,36.3209373,127.4449282,미운영,,2006-10-02,,,2021-03-24
대전광역시,유성구,글로벌어린이집,가정,정상,34094,대전광역시 유성구 노은로410번길 123-13 (하기동),042-365-5110,042-365-5110,4,85,0,4,6,20,13,36.38847065,127.3318106,미운영,1002lch@hanmail.net,2006-10-02,,,
대전광역시,유성구,놀이로키우자어린이집,가정,폐지,305768,대전 유성구 노은동 열매마을8단지 802동102호 ,042-825-7309,--,0,0,0,0,0,15,0,,,,,2006-10-02,,,2009-08-10
대전광역시,유성구,꿈에그린어린이집,민간,정상,34022,"대전광역시 유성구 배울2로 6 (관평동, 테크노밸리1단지아파트내)",042-933-7997,042-933-7997,3,147,0,3,9,30,25,36.41529678,127.39683,미운영,,2006-09-25,,,
대전광역시,서구,꼬마둥지어린이집,가정,폐지,35398,"대전광역시 서구 구봉로 419 101동 105호 (정림동, 강변들금성백조아파트)",042-581-5488,042-581-5488,3,65,0,4,0,19,0,36.30039626,127.3661374,미운영,,2006-09-19,,,2026-03-27
대전광역시,중구,강남어린이집,민간,폐지,34869,대전광역시 중구 계룡로 873-11 ,042-255-6640,042-255-6641,5,268,1,8,0,61,0,36.3239159,127.411753,운영,,2006-09-18,,,2025-03-18
대전광역시,중구,자연어린이집,민간,폐지,34894,대전광역시 중구 수침로 72-36 ,042-537-0087,042-536-0086,6,222,2,12,0,60,0,36.326035,127.4014581,운영,,2006-09-18,,,2026-03-17
대전광역시,서구,생각쟁이어린이집,가정,폐지,35347,"대전광역시 서구 배재로91번길 38-22 1동 108호 (도마동, 양지타운아파트)",042-533-6039,042-533-6039,3,99,0,4,0,20,0,36.31274278,127.3735475,운영,,2006-09-18,,,2020-03-16
대전광역시,유성구,베베엔젤어린이집,가정,폐지,34232,"대전광역시 유성구 진잠로42번길 88 203동 102호(원내동, 진잠타운아파트)",042-328-0897,--,4,84,0,0,0,13,0,36.2971143,127.3210618,미운영,,2006-09-18,,,2016-08-05
대전광역시,유성구,중앙하이츠어린이집,민간,정상,34022,"대전광역시 유성구 배울2로 24 (관평동, 테크노밸리3단지아파트내)",042-364-0033,--,3,128,0,4,8,27,20,36.41529678,127.39683,미운영,,2006-09-11,,,
대전광역시,동구,쥬얼리어린이집,민간,폐지,34546,대전광역시 동구 홍도로46번길 50 (용전동),042-638-0855,042-638-0854,4,73,0,0,0,22,0,36.35198096,127.4292736,운영,www.cyworld.com/kid0101,2006-09-01,,,2013-09-15
대전광역시,유성구,사랑가득어린이집,가정,폐지,34061,"대전광역시 유성구 노은로 353 306동 105호(하기동, 송림마을3단지아파트)",042-385-7875,042-385-7875,4,85,0,4,0,18,0,36.39317288,127.3291653,미운영,,2006-09-01,,,2018-03-08
대전광역시,대덕구,하늘정원어린이집,가정,폐지,306758,"대전광역시 대덕구 동춘당로 151 112동 103호(법동, 그린아파트)",042-335-6677,--,4,85,0,4,0,20,0,36.36680555,127.4351573,운영,,2006-08-31,,,2017-03-28
대전광역시,중구,오즈어린이집,가정,폐지,34989,대전광역시 중구 보문산로41번길 22 아가페아파트 101 (산성동),070-4196-7696,--,4,94,0,4,0,20,0,36.30538309,127.3858635,운영,,2006-08-30,,,2025-03-01
대전광역시,서구,늘푸른가정어린이집,가정,폐지,302732,대전 서구 둔산2동 녹원아파트 102-102 ,042-489-6885,--,0,0,0,0,0,20,0,,,,,2006-08-11,,,2009-08-07
대전광역시,서구,새봄 어린이집,가정,폐지,302742,대전 서구 복수동 삼익목화아파트 201동 101호 ,042-586-7465,--,3,52,0,0,0,20,0,,,,,2006-08-08,,,2011-05-11
대전광역시,대덕구,꽃뜰어린이집,가정,폐지,34419,"대전광역시 대덕구 비래서로10번길 21 103동 103호(비래동,비래한신휴플러스)",042-633-9188,042-633-9188,4,114,0,4,0,19,0,36.35526281,127.4454389,운영,,2006-08-07,,,2020-04-23
대전광역시,서구,파란어린이집,가정,정상,35265,"대전광역시 서구 대덕대로 150 119동 101호 (갈마동, 큰마을아파트)",042-538-0123,042-538-0123,4,102,0,4,6,20,11,36.34507,127.37692,미운영,,2006-08-04,,,
대전광역시,동구,미나어린이집,가정,폐지,34669,"대전광역시 동구 옥천로 38 102동 101호(신흥동, 신흥마을아파트)",042-284-6696,042-273-3903,4,85,2,4,0,17,0,36.32032393,127.4450105,미운영,,2006-08-01,,,2019-04-03
대전광역시,서구,아이세상어린이집,가정,정상,35216,"대전광역시 서구 청사로 65 111동 107호 (월평동, 황실타운아파트)",042-472-7428,--,3,99,0,4,5,20,7,36.3609518,127.3717596,미운영,,2006-08-01,,,
대전광역시,대덕구,초록어린이집,가정,정상,34394,대전광역시 대덕구 한밭대로1101번길 5 (중리동),042-634-9037,042-624-9037,4,53,0,4,11,20,8,36.35917910779407,127.42085917262145,운영,,2006-07-28,,,
대전광역시,서구,풀잎어린이집,가정,정상,35251,"대전광역시 서구 문예로 16 10동 104호 (탄방동, 한가람아파트)",042-487-6445,--,3,59,0,4,5,20,10,36.34784376,127.391367,미운영,,2006-07-27,,,
대전광역시,서구,숲으로어린이집,가정,정상,35397,"대전광역시 서구 정림로 55 116동 103호 (정림동, 우성아파트)",042-584-2766,--,4,67,0,5,4,20,8,36.30489703,127.364256,운영,,2006-07-19,,,
대전광역시,대덕구,엄마사랑어린이집,가정,폐지,34347,"대전광역시 대덕구 신탄진로218번길 12 와동 주공109동106호(와동, 주공아파트)",042-627-2310,042-627-2310,3,62,0,4,0,15,0,36.39916751,127.4251863,운영,,2006-07-13,,,2020-03-16
대전광역시,대덕구,꼬망어린이집,가정,정상,34346,"대전광역시 대덕구 신탄진로218번길 62 102동 103호(와동, 현대아파트)",070-4209-3369,042-636-3369,4,84,0,4,4,20,8,36.40191431,127.424777,운영,밴드-꼬망어린이집,2006-07-13,,,
대전광역시,서구,해그림어린이집,가정,정상,35218,"대전광역시 서구 청사로 70 109동 108호 (월평동, 누리아파트)",042-489-5609,042-489-5609,4,119,0,5,7,20,19,36.35889126,127.3713594,미운영,,2006-07-12,,,
대전광역시,유성구,라은어린이집,직장,정상,34092,대전광역시 유성구 노은서로86번길 22 (노은동),042-826-6775,--,2,94,0,0,4,20,8,36.3679887545,127.314823166,미운영,,2006-07-11,,,
대전광역시,유성구,동산어린이집,가정,폐지,34008,"대전광역시 유성구 송강로42번길 61 205동 107호 (송강동, 청솔아파트)",042-934-7444,042-936-7444,4,85,0,4,0,20,0,36.43677167814833,127.3831589853515,운영,,2006-07-10,,,2021-03-15
대전광역시,대덕구,맑은샘어린이집,가정,폐지,306752,"대전광역시 대덕구 계족로663번길 29 211동 102호(법동, 주공아파트2단지)",042-636-6346,042-636-6346,4,89,0,0,0,14,0,36.36954754,127.4250388,미운영,,2006-07-10,,,2015-11-24
대전광역시,중구,상아어린이집,가정,폐지,35082,"대전광역시 중구 안영로 68 101동 101호(사정동, 우남스타원아파트)",042-335-3321,042-335-3321,4,151,0,5,0,20,0,36.29479695,127.3828793,미운영,,2006-07-04,,,2026-03-01
대전광역시,유성구,풍성한어린이집,가정,폐지,34232,"대전광역시 유성구 원내로 52 304동 103호(원내동, 샘물타운아파트)",042-541-3791,--,3,84,0,0,0,16,0,36.29904106,127.3213602,미운영,,2006-07-01,,,2016-03-25
대전광역시,동구,예랑어린이집,가정,폐지,34558,대전광역시 동구 동산초교로10번길 6-10 (홍도동),042-634-5012,--,3,85,0,0,0,15,0,36.34531178,127.4283386,운영,,2006-06-27,,,2016-02-24
대전광역시,유성구,아이다움어린이집,가정,정상,34090,"대전광역시 유성구 은구비남로 56 904동 101호(노은동, 열매마을9단지아파트)",042-368-1212,042-825-4612,4,85,0,4,11,20,19,36.37155574,127.3218041,운영,,2006-06-27,,,
대전광역시,유성구,해달별어린이집,가정,정상,34080,"대전광역시 유성구 노은서로 222 105동 103호(지족동, 열매마을1단지)",042-369-0936,042-369-0936,4,85,0,4,3,20,1,36.379612,127.31728,미운영,,2006-06-27,,,
대전광역시,서구,아기코끼리어린이집,가정,폐지,35386,"대전광역시 서구 가수원로 106 303동 101호 (가수원동, 은아아파트3단지)",042-544-2002,--,4,55,0,4,0,19,0,36.30173256,127.3531318,미운영,,2006-06-15,,,2023-12-07
대전광역시,중구,대전성모어린이집,민간,폐지,34943,대전광역시 중구 대흥로 62 예수수도회교육센터 1층,042-221-4712,042-221-4713,5,156,1,7,0,44,0,36.32032665,127.4259295,미운영,,2006-06-13,,,2022-03-01
대전광역시,동구,신흥정원어린이집,민간,폐지,34669,대전광역시 동구 옥천로 38 신흥마을아파트관리동(신흥동),042-273-5512,042-284-4551,3,72,1,5,0,21,0,36.3209373,127.4449282,미운영,,2006-06-07,,,2024-06-30
대전광역시,서구,브니엘어린이집,가정,정상,35404,"대전광역시 서구 복수서로 50 103동 101호 (복수동,삼익목화아파트)",042-585-2200,042-585-2200,4,81,0,5,5,20,9,36.30984240008403,127.37439984850039,미운영,,2006-06-02,,,
대전광역시,서구,다희어린이집,가정,폐지,35364,"대전광역시 서구 관저북로 14 412동 102호 (관저동, 원앙마을4단지아파트)",042-544-9940,--,2,60,0,3,0,11,0,36.302452,127.33839,미운영,,2006-06-01,,,2024-03-18
대전광역시,서구,씨앗어린이집,가정,폐지,35337,대전광역시 서구 도학2길 56 (도마동),042-523-0409,010-6475-0409,3,83,0,0,0,19,0,36.32094762,127.37318,운영,,2006-06-01,,,2014-10-21
대전광역시,서구,베베하우스어린이집,가정,정상,35206,"대전광역시 서구 청사로 282 5동 101호 (둔산동, 수정타운아파트)",042-489-8221,--,3,85,0,4,5,20,7,36.359523820819724,127.39648310787098,미운영,mr8610@daum.net,2006-06-01,,,
대전광역시,유성구,핑크베이비스쿨어린이집,가정,폐지,305509,대전 유성구 관평동 테크노밸리2단지 푸르지오 206-101호 ,070-8276-8206,--,0,0,0,0,0,17,0,,,,,2006-06-01,,,2012-12-05
대전광역시,동구,해맑은i어린이집,가정,폐지,34506,대전광역시 동구 충정로74번길 25 (가양동),042-639-3004,042-639-3005,6,191,1,8,0,20,0,36.34700681,127.4539254,운영,,2006-05-30,,,2026-04-13
대전광역시,유성구,좋은씨앗어린이집,가정,폐지,34219,"대전광역시 유성구 대정로28번안길 80 203동 103호(대정동, 드리움2단지아파트)",042-321-7953,--,4,85,0,4,0,19,0,36.31262316,127.3225275,미운영,,2006-05-26,,,2020-03-18
대전광역시,유성구,까꿍어린이집,가정,정상,34023,"대전광역시 유성구 배울2로 42 511동 103호(관평동, 테크노밸리5단지아파트)",042-671-1717,000-000-0000,4,85,1,4,6,19,12,36.4109581,127.3832173,미운영, ,2006-05-23,,,
대전광역시,동구,꼬마궁전어린이집,민간,폐지,34528,대전광역시 동구 비래서로42번안길 24 (가양동),042-625-6041,042-321-6041,8,456,1,11,0,89,0,36.35349649,127.4501476,운영,,2006-05-22,,,2019-05-08
대전광역시,중구,베이비하우스어린이집,가정,폐지,34888,"대전광역시 중구 태평로 35 209동 104호(태평동, 동양아파트)",042-523-6929,042-523-6929,5,164,0,5,0,20,0,36.32206,127.38908,미운영,,2006-05-18,,,2025-03-01
대전광역시,중구,미래어린이집,가정,폐지,34888,"대전광역시 중구 태평로 35 217동 104호(태평동, 버드내마을2단지아파트)",042-300-9720,042-300-9720,4,164,0,5,0,20,0,36.32206,127.38908,미운영,,2006-05-17,,,2017-08-16
대전광역시,유성구,운암새싹어린이집,가정,정상,34023,"대전광역시 유성구 배울2로 78 604동 102호(관평동, 테크노밸리6단지아파트)",042-382-3434,--,4,85,0,4,7,20,16,36.42015629,127.3820361,미운영,,2006-05-17,,,
대전광역시,유성구,사랑샘어린이집,가정,정상,34022,"대전광역시 유성구 배울1로 35 406동 101호(관평동, 테크노밸리4단지아파트)",042-369-4799,042-369-4799,4,78,0,4,6,20,14,36.41947836,127.384439,미운영,,2006-05-15,,,
대전광역시,대덕구,키다리어린이집,가정,폐지,34372,"대전광역시 대덕구 대화로 19 나동 111호(대화동, 금성백조아파트)",042-638-7111,042-638-7111,4,104,0,4,0,17,0,36.36743023,127.4179057,운영,다음카페 kdr-6387111,2006-05-11,,,2018-07-09
대전광역시,서구,큰별어린이집,가정,폐지,302833,대전 서구 만년동 상아@103102 ,042-487-9188,--,0,0,0,0,0,15,0,,,,,2006-05-10,,,2008-10-31
대전광역시,서구,한빛어린이집,가정,폐지,35251,"대전광역시 서구 문정로 131 10동 106호 (탄방동, 공작한양아파트)",042-484-8369,--,3,84,0,4,0,19,0,36.3478838,127.3939246,미운영,,2006-05-10,,,2022-03-24
대전광역시,서구,아기공룡어린이집,가정,폐지,35216,"대전광역시 서구 청사로 65 107동 105호 (월평동, 황실타운아파트)",042-486-3331,--,3,67,0,4,0,14,0,36.3609518,127.3717596,운영,,2006-05-10,,,2017-05-11
대전광역시,서구,새싹어린이집,민간,정상,35305,대전광역시 서구 용문로 113 (용문동),042-533-9208,042-533-7894,7,250,3,15,13,75,27,36.33444024,127.3938104,운영,,2006-05-09,,,
대전광역시,서구,동화나라어린이집,가정,폐지,302904,"대전광역시 서구 관저북로 80 209동 103호 (관저동, 원앙마을2단지아파트)",042-369-1002,--,3,79,0,4,0,15,0,36.309914,127.339264,미운영,,2006-05-09,,,2023-03-24
대전광역시,서구,헬로키티어린이집,가정,폐지,302781,대전 서구 만년동 상록수아파트 102-104 ,042-484-8721,042-484-8721,0,1,0,0,0,14,0,,,,,2006-05-09,,,2009-05-29
대전광역시,서구,푸우어린이집,가정,정상,35202,"대전광역시 서구 만년남로 8 106동 106호 (만년동, 상록수아파트)",042-472-8888,042-472-8888,4,79,1,4,8,15,12,36.36600138,127.3781209,미운영,,2006-05-09,,,
대전광역시,유성구,꿈이크는어린이집,가정,폐지,34023,"대전광역시 유성구 배울2로 78 602동 103호(관평동, 테크노밸리6단지아파트)",010-4555-5523,042-933-7977,4,59,0,4,0,20,0,36.41988434,127.3839964,미운영,,2006-05-03,,,2023-08-21
대전광역시,유성구,아이꿈어린이집,가정,폐지,34219,"대전광역시 유성구 대정로28번안길 80 204동 105호(대정동, 드리움2단지아파트)",042-545-0332,042-545-0332,4,85,0,4,0,18,0,36.31199756,127.3253714,미운영,,2006-05-03,,,2023-08-25
대전광역시,유성구,스마일어린이집,가정,정상,34140,"대전광역시 유성구 어은로 57 112동 102호(어은동, 한빛아파트)",042-862-0867,--,4,85,0,4,8,20,19,36.365477274674454,127.35528046062338,미운영,,2006-05-01,,,
대전광역시,유성구,테크노어린이집,가정,폐지,305509,대전 유성구 관평동 테크노밸리 505-105 ,042-936-3093,042-365-3093,4,85,0,0,0,19,0,,,,,2006-04-20,,,2010-11-29
대전광역시,서구,늘사랑어린이집,가정,폐지,35265,"대전광역시 서구 대덕대로 150 125동 105호 (갈마동, 큰마을아파트)",042-527-7458,042-527-7458,3,105,0,4,0,20,0,36.34507,127.37692,운영,,2006-04-18,,,2020-03-19
대전광역시,서구,은하수어린이집,가정,정상,35234,"대전광역시 서구 둔산남로 15 101동 103호 (둔산동, 은하수아파트)",042-485-0809,042-488-0809,4,106,0,4,11,18,17,36.350025,127.38007,운영,,2006-04-17,,,
대전광역시,서구,햇님나라어린이집,가정,폐지,35216,"대전광역시 서구 청사로 65 112동 106호 (월평동, 황실타운아파트)",042-489-3843,--,3,79,0,4,0,19,0,36.3609518,127.3717596,미운영,,2006-04-17,,,2022-04-11
대전광역시,서구,황실도담어린이집,가정,폐지,35216,"대전광역시 서구 청사로 65 113동 102호 (월평동, 황실타운아파트)",042-484-0396,042-484-0396,3,102,0,4,0,17,0,36.3609518,127.3717596,미운영,,2006-04-14,,,2020-09-01
대전광역시,유성구,즐거운드리움어린이집,가정,폐지,34219,"대전광역시 유성구 대정로28번안길 80 209동 103호(대정동, 드리움2단지아파트)",042-544-5720,--,4,85,0,4,0,18,0,36.31148285,127.3267923,미운영,,2006-04-14,,,2026-03-23
대전광역시,서구,아이린어린이집,가정,정상,35371,"대전광역시 서구 관저로 51 501동 101호 (관저동, 구봉마을5단지)",042-545-5319,042-545-5319,3,108,0,4,6,19,9,36.300293,127.32851,운영,,2006-04-13,,,
대전광역시,서구,꼬망새어린이집,가정,폐지,35372,"대전광역시 서구 관저로 83 210동 103호 (관저동, 신선마을아파트)",042-384-7808,042-362-2397,4,196,0,0,0,20,0,36.3004,127.331566,미운영,,2006-04-10,,,2016-02-01
대전광역시,서구,미소짓는어린이집,가정,폐지,35376,"대전광역시 서구 관저서로 20 912동 104호 (관저동, 구봉마을9단지)",042-541-7808,042-541-7808,4,53,0,4,0,18,0,36.29463695,127.3318123,미운영,,2006-04-10,,,2024-07-22
대전광역시,유성구,나클래어린이집,가정,폐지,34023,"대전광역시 유성구 배울2로 42 516동 101호(관평동, 테크노밸리5단지아파트)",042-541-3791,042-541-3791,4,85,0,4,0,18,0,36.41029399,127.3863857,미운영,,2006-04-07,,,2018-02-05
대전광역시,동구,삼성키즈킹덤어린이집,민간,폐지,34620,대전광역시 동구 대전천동로 686 (삼성동),042-625-2002,042-625-2002,5,173,0,6,0,49,0,36.33797716,127.4262133,운영,,2006-04-06,,,2025-05-26
대전광역시,서구,한신어린이집,가정,정상,35268,"대전광역시 서구 계룡로536번길 9 102동 103호 (괴정동, 한신아파트)",042-534-0396,042-534-0396,4,102,0,4,8,20,17,36.34172314,127.3827042,미운영,pretty87@hanmail.net,2006-04-04,,,
대전광역시,서구,한선생어린이집,가정,폐지,35275,"대전광역시 서구 계룡로326번길 37 B동 102호 (갈마동, 공신빌라)",042-525-2026,042-301-3181,3,71,0,4,0,15,0,36.35255231,127.3656335,미운영,,2006-04-03,,,2020-03-16
대전광역시,서구,주은어린이집,가정,폐지,35397,"대전광역시 서구 정림로 55 106동 103호 (정림동, 우성아파트)",042-585-9192,0504-250-5813,4,119,0,5,0,20,0,36.30489703,127.364256,운영,,2006-04-03,,,2020-06-15
대전광역시,서구,생각쑥쑥어린이집,가정,정상,35371,"대전광역시 서구 관저로 51 502동 105호 (관저동, 구봉마을5단지)",042-545-4613,--,3,108,1,4,5,20,12,36.300293,127.32851,운영,다음 까페 생각쑥쑥 아린이집 ,2006-04-01,,,
대전광역시,서구,다하어린이집,가정,정상,35210,"대전광역시 서구 월평동로 83 111동 106호 (월평동, 다모아아파트)",042-486-7982,042-486-7982,3,56,0,4,8,19,11,36.36203933,127.3669271,미운영,,2006-03-31,,,
대전광역시,유성구,파랑새어린이집,가정,폐지,34022,"대전광역시 유성구 배울1로 35 405동 102호(관평동, 테크노밸리4단지아파트)",042-933-1145,042-933-1145,3,84,0,4,0,19,0,36.41947836,127.384439,미운영,,2006-03-31,,,2017-06-26
대전광역시,유성구,꿈나무어린이집,가정,폐지,34010,"대전광역시 유성구 구즉로 16 113동 107호(송강동, 한마을아파트)",042-935-1888,--,4,85,0,0,0,19,0,36.42485949,127.3828419,미운영,,2006-03-31,,,2016-09-12
대전광역시,동구,잼잼어린이집,가정,폐지,34664,"대전광역시 동구 동부로 73 505동 105호(판암동, 주공아파트)",042-271-1912,042-271-1912,3,79,0,3,0,13,0,36.32246326,127.4585171,미운영,,2006-03-30,,,2017-03-17
대전광역시,서구,도담도담어린이집,가정,폐지,35297,"대전광역시 서구 가장로 106 108동 103호 (가장동, 삼성래미안아파트)",042-522-5305,042-385-5353,4,126,0,4,0,20,0,36.3299086,127.3851298,미운영,,2006-03-30,,,2020-04-02
대전광역시,서구,아이누리어린이집,가정,폐지,35373,"대전광역시 서구 관저로 84 808동 104호 (관저동, 구봉마을8단지)",042-543-4396,--,3,79,0,3,0,11,0,36.297413,127.33013,미운영,,2006-03-30,,,2018-05-11
대전광역시,서구,아이비어린이집,민간,폐지,35394,대전광역시 서구 정림로70번길 25 (정림동),042-583-4871,042-581-4871,6,200,0,7,0,43,0,36.30711856,127.3662834,운영,,2006-03-30,,,2019-04-15
대전광역시,서구,참조은어린이집,가정,폐지,35373,"대전광역시 서구 관저로 84 814동 101호 (관저동, 구봉마을8단지)",042-537-0091,042-537-0091,4,40,1,0,0,13,0,36.297413,127.33013,미운영,http://cafe.naver.com/chamjoeun814/,2006-03-30,,,2014-11-27
대전광역시,동구,대주사랑어린이집,가정,폐지,34509,"대전광역시 동구 충정로 136 104동 103호(가양동, 대주파크빌)",042-637-5476,--,4,85,0,4,0,18,0,36.34386907,127.4489074,미운영,,2006-03-29,,,2019-04-10
대전광역시,유성구,행복한미소어린이집,가정,폐지,34023,"대전광역시 유성구 배울2로 78 608동 101호(관평동, 테크노밸리6단지아파트)",042-671-6934,042-671-6934,4,85,0,4,0,20,0,36.41742364,127.3801008,미운영,,2006-03-29,,,2020-03-12
대전광역시,유성구,꽃별어린이집,가정,정상,34023,"대전광역시 유성구 배울2로 42 508동 101호(관평동, 테크노밸리5단지아파트)",042-933-1293,--,4,89,0,4,6,20,15,36.41029399,127.3863857,미운영,,2006-03-24,,,
대전광역시,유성구,꼬꼬망어린이집,가정,폐지,34140,"대전광역시 유성구 어은로 57 109동 103호(어은동, 한빛아파트)",042-362-2468,--,4,81,0,4,0,19,0,36.36244696,127.3563514,미운영,,2006-03-22,,,2018-03-08
대전광역시,동구,아이캔어린이집,민간,폐지,34711,대전광역시 동구 대별로 26-14 (대별동),042-286-3658,042-286-3658,5,264,1,6,0,38,0,36.28568486,127.4559292,운영,,2006-03-21,,,2018-06-21
대전광역시,서구,느리울어린이집,가정,정상,35381,"대전광역시 서구 관저로 184 1209동 104호 (관저동, 느리울마을아파트12단지)",042-546-7942,--,3,112,0,4,8,20,12,36.29785733,127.3420902,운영,,2006-03-21,,,
대전광역시,유성구,푸르지오어린이집,가정,폐지,34022,"대전광역시 유성구 배울1로 13 210동 104호(관평동, 테크노밸리2단지아파트)",042-933-7579,042-933-7579,4,85,0,4,0,20,0,36.4198929,127.3823393,미운영,,2006-03-21,,,2019-03-11
대전광역시,서구,예닮어린이집,가정,폐지,35265,"대전광역시 서구 대덕대로 150 115동 106호 (갈마동, 큰마을아파트)",042-524-3346,042-524-3346,3,102,0,4,0,19,0,36.34507,127.37692,미운영,,2006-03-20,,,2020-03-20
대전광역시,서구,사랑나무숲어린이집,가정,정상,35265,"대전광역시 서구 대덕대로 150 108동 109호 (갈마동, 큰마을아파트)",042-533-3993,042-523-3992,3,105,0,4,9,20,20,36.34507,127.37692,미운영,,2006-03-20,,,
대전광역시,서구,별초롱어린이집,가정,정상,35201,"대전광역시 서구 만년로 25 104동 102호 (만년동, 강변아파트)",042-487-4515,042-487-4515,3,59,0,4,2,20,0,36.36861086874027,127.37597046614182,미운영,,2006-03-20,,,
대전광역시,중구,호크마성모 어린이집,가정,폐지,35018,"대전광역시 중구 서문로 32 109동 105호(문화동, 한밭우성아파트)",042-584-5581,042-584-5581,4,110,0,5,0,20,0,36.31136747,127.4093095,운영,,2006-03-17,,,2024-03-08
대전광역시,유성구,새싹이돋아나는어린이집,민간,정상,34116,대전광역시 유성구 신성로84번길 45 (신성동),042-862-0357,042-862-0152,3,149,1,4,12,30,20,36.38919395,127.3511953,운영,cafe.daum.net/sskidsisland,2006-03-16,,,
대전광역시,유성구,토들러어린이집,민간,폐지,305808,대전 유성구 원내동 89-1번지 ,042-542-2258,--,0,0,0,0,0,31,0,,,,,2006-03-16,,,2008-02-28
대전광역시,서구,물댄동산어린이집,민간,폐지,35271,대전광역시 서구 계룡로416번길 28 (갈마동),042-522-8084,050-5522-8084,11,743,1,13,1,140,0,36.34891711,127.3728846,운영,,2006-03-15,,,2019-02-26
대전광역시,서구,원 가정어린이집,가정,폐지,302774,대전 서구 둔산2동 파랑새아파트 101동104호 ,042-472-1340,--,0,0,0,0,0,20,0,,,,,2006-03-15,,,2009-03-17
대전광역시,서구,숲속프뢰벨어린이집,가정,폐지,35234,"대전광역시 서구 둔산남로 15 109동 102호 (둔산동, 은하수아파트)",042-472-0866,042-472-0866,3,106,0,4,0,19,0,36.35433442,127.4027791,미운영,,2006-03-15,,,2019-03-15
대전광역시,서구,혜성어린이집,가정,폐지,35404,"대전광역시 서구 복수북로 42 301동 101호 (복수동, 삼익목화아파트)",042-583-4199,--,3,99,0,4,0,20,0,36.30828374453528,127.37485113276116,미운영,,2006-03-15,,,2019-10-16
대전광역시,유성구,아름솔어린이집,가정,정상,34022,"대전광역시 유성구 배울1로 13 204동 101호(관평동, 테크노밸리2단지아파트)",042-352-3001,042-352-3001,3,129,0,4,8,20,20,36.43379828,127.3941786,운영,,2006-03-15,,,
대전광역시,동구,아이펀어린이집,민간,폐지,34688,대전광역시 동구 대전로 599 (효동),042-286-1212,--,5,329,0,0,0,49,0,36.31420671,127.4404724,운영,http://cafe.naver.com/ifun2012,2006-03-14,,,2015-07-02
대전광역시,중구,성모어린이집,민간,폐지,35008,대전광역시 중구 보문산로171번길 40-13 ,042-584-7959,042-581-7959,4,164,0,7,0,32,0,36.3078406,127.3996652,운영,다음net.성모어린이집,2006-03-14,,,2021-03-26
대전광역시,유성구,참사랑어린이집,가정,폐지,34008,"대전광역시 유성구 송강로42번길 61 310동 104호 (송강동, 청솔아파트)",042-671-8961,042-671-8961,3,70,0,4,0,18,0,36.42575867,127.3889271,미운영,,2006-03-14,,,2016-09-01
대전광역시,서구,아기별어린이집,가정,폐지,302904,"대전광역시 서구 관저북로 80 207동 103호 (관저동, 원앙마을2단지아파트)",042-545-5677,042-545-5677,3,79,0,4,0,15,0,36.309914,127.339264,미운영,,2006-03-13,,,2022-03-23
대전광역시,서구,꼬마예술어린이집,가정,정상,35358,"대전광역시 서구 관저북로 87 103동 104호 (관저동, 원앙마을1단지아파트)",042-545-9327,042-545-9327,3,99,0,3,8,18,12,36.309538,127.3363108,운영,,2006-03-13,,,
대전광역시,서구,코코어린이집,가정,폐지,35401,"대전광역시 서구 도산로 11 101동 101호 (도마동, 효성타운아파트)",042-586-5525,042-328-5526,4,155,0,0,0,20,0,36.31054674,127.3834879,미운영,,2006-03-13,,,2015-11-02
대전광역시,서구,팅커벨어린이집,가정,폐지,35285,"대전광역시 서구 동서대로 967 8동 105호 (내동, 코오롱아파트)",042-531-9022,042-531-9022,5,85,0,5,0,20,0,36.33579986,127.370039,미운영,,2006-03-13,,,2022-03-24
대전광역시,유성구,행복한아이어린이집,가정,폐지,34022,"대전광역시 유성구 배울2로 6 111동 102호(관평동, 테크노밸리1단지아파트)",042-369-0023,042-369-0023,3,85,0,5,0,19,0,36.42155475,127.3833811,미운영,,2006-03-13,,,2018-02-27
대전광역시,유성구,운암어린이집,가정,폐지,34023,"대전광역시 유성구 배울2로 78 601동 101호(관평동, 테크노밸리6단지아파트)",042-933-5933,--,4,85,0,4,0,18,0,36.42017603,127.3837633,운영,,2006-03-13,,,2018-02-22
대전광역시,동구,토토어린이집,민간,폐지,34711,대전광역시 동구 산서로 1587 (대별동),042-271-7557,042-273-7558,10,282,1,16,0,104,0,36.28513201,127.4574336,운영,toto-zz@hanmail.net,2006-03-10,,,2021-09-13
대전광역시,서구,사랑샘어린이집,가정,정상,35284,"대전광역시 서구 신갈마로 46 118동 104호 (내동, 롯데아파트)",042-527-6286,042-382-6286,3,99,0,4,4,20,5,36.33900705,127.3674143,미운영,,2006-03-10,,,
대전광역시,서구,가보어린이집,가정,폐지,35314,"대전광역시 서구 갈마로 262 104동 104호 (내동, 맑은아침아파트)",042-537-2560,042-527-2560,4,117,0,4,0,20,0,36.33294,127.3822,미운영,,2006-03-10,,,2019-03-27
대전광역시,서구,꿈나무어린이집,가정,폐지,35247,"대전광역시 서구 둔산북로 160 8동 101호 (둔산동, 한마루아파트)",042-483-0825,042-483-0825,4,63,0,5,0,18,0,36.35254432,127.386017,미운영,,2006-03-10,,,2019-08-05
대전광역시,서구,아이랑어린이집,가정,정상,35207,"대전광역시 서구 청사로 254 105동 106호 (둔산동, 둥지아파트)",042-482-2548,--,3,99,0,4,9,18,14,36.35906,127.392654,운영,https://cafe.naver.com/4822548#,2006-03-10,,,
대전광역시,유성구,우리들어린이집,가정,폐지,34048,"대전광역시 유성구 유성대로 1741 104동 102호(전민동, 세종아파트)",042-867-6385,042-867-6385,4,85,0,4,0,18,0,36.40749874,127.4137314,미운영,,2006-03-10,,,2022-02-16
대전광역시,동구,키즈영재어린이집,가정,폐지,34509,"대전광역시 동구 충정로 136 102동 101호(가양동, 대주파크빌아파트)",042-628-2429,042-628-2429,4,81,1,4,0,18,0,36.34386907,127.4489074,운영,,2006-03-09,,,2019-03-29
대전광역시,서구,맑은누리어린이집,가정,정상,35258,"대전광역시 서구 계룡로615번길 69 104동 1층 (탄방동, e편한세상 둔산)",042-485-7878,--,4,114,1,4,7,20,17,36.3427790241858,127.3937122549122,미운영,,2006-03-09,,,
대전광역시,대덕구,꿈밭어린이집,민간,폐지,34332,대전광역시 대덕구 덕암로182번길 9 (평촌동),042-932-1157,070-7517-1157,4,102,0,7,0,37,0,36.43673981,127.4232765,운영,aej0321@hanmail.net,2006-03-09,,,2019-03-01
대전광역시,서구,성심가정어린이집,가정,폐지,302904,대전 서구 관저1동 주공원앙마을2단지 210동105호 ,042-541-4066,--,0,0,0,0,0,14,0,,,,,2006-03-08,,,2008-03-07
대전광역시,서구,하나로어린이집,가정,폐지,35210,"대전광역시 서구 청사로 5 102동 107호 (월평동, 하나로아파트)",042-485-5279,--,3,81,0,3,0,14,0,36.36090948,127.3649473,운영,,2006-03-08,,,2016-08-03
대전광역시,서구,숲자람어린이집,민간,폐지,35272,대전광역시 서구 갈마중로38번길 20 (갈마동),042-534-7991,--,4,160,0,5,0,39,0,36.3467349,127.3731706,운영,,2006-03-07,,,2019-02-26
대전광역시,서구,관저햇살어린이집,가정,정상,35379,"대전광역시 서구 관저동로90번길 15 107동 101호 (관저동, 관저리슈빌아파트)",042-541-0515,042-367-0104,4,120,0,4,5,20,7,36.30141679,127.3420047,미운영,,2006-03-07,,,
대전광역시,서구,영아어린이집,가정,폐지,35314,"대전광역시 서구 갈마로 262 105동 102호 (내동, 맑은아침아파트)",042-524-3335,--,4,110,0,4,0,20,0,36.33294,127.3822,운영,,2006-03-07,,,2018-04-30
대전광역시,서구,원앙한나어린이집,가정,폐지,35364,"대전광역시 서구 관저북로 14 406동 101호 (관저동, 원앙마을4단지아파트)",042-541-5040,--,3,69,0,4,0,12,0,36.302452,127.33839,미운영,,2006-03-06,,,2024-09-04
대전광역시,유성구,별솔어린이집,가정,폐지,34231,"대전광역시 유성구 진잠로42번길 30 103동 101호(원내동, 한아름아파트)",042-369-6032,--,4,85,0,4,0,19,0,36.30002786,127.3221421,운영,,2006-03-06,,,2018-03-20
대전광역시,서구,해나라어린이집,가정,폐지,35404,"대전광역시 서구 복수서로 10 2동 105호 (복수동, 계룡아파트)",042-585-6851,--,3,75,0,4,0,17,0,36.30545248,127.3740445,미운영,,2006-03-03,,,2017-04-14
대전광역시,유성구,노은피피쿠스어린이집,가정,휴지,34078,대전광역시 유성구 북유성대로155번길 45-6 (지족동),042-825-5670,042-825-5672,6,334,1,14,0,20,0,36.38030902,127.321095,운영,,2006-03-03,2026-01-01,2026-12-31,
대전광역시,유성구,예미지킨더어린이집,민간,정상,34069,"대전광역시 유성구 반석동로 33 (반석동, 반석마을5단지아파트 관리동)",042-822-6639,042-822-6653,3,125,1,6,7,29,12,36.3901233,127.3109921,미운영,https://cafe.naver.com/yemizikinder,2006-03-03,,,
대전광역시,유성구,오렌지동화나라어린이집,가정,폐지,34080,"대전광역시 유성구 노은서로 222 105동 101호(지족동, 열매마을1단지아파트)",042-477-5357,042-477-5357,4,84,0,4,0,20,0,36.379612,127.31728,미운영,,2006-03-03,,,2019-03-14
대전광역시,유성구,반석어린이집,가정,폐지,305772,대전 유성구 지족동 반석마을아파트 211동102호 ,042-477-6596,--,4,85,0,0,0,20,0,,,,,2006-03-03,,,2010-03-12
대전광역시,동구,현대키즈어린이집,가정,폐지,34636,"대전광역시 동구 대전로 646 101동 101호(효동, 현대아파트)",042-273-2355,042-273-2355,4,102,0,4,0,19,0,36.31797369,127.440803,미운영,,2006-03-02,,,2018-05-31
대전광역시,서구,예능어린이집,가정,폐지,35386,"대전광역시 서구 가수원로 98 4동 109호 (가수원동, 계룡아파트)",042-542-4503,--,3,79,0,3,0,14,0,36.30290057,127.3508029,미운영,,2006-03-02,,,2018-12-26
대전광역시,서구,프뢰벨어린이집,가정,정상,35265,"대전광역시 서구 대덕대로 150 117동 102호 (갈마동, 큰마을아파트)",042-533-3405,042-532-0676,4,100,1,4,7,20,19,36.34507,127.37692,미운영,,2006-03-02,,,
대전광역시,서구,곰돌이어린이집,가정,폐지,35235,"대전광역시 서구 둔산남로 30 102동 103호 (둔산동, 녹원아파트)",042-485-9120,042-485-9120,4,70,0,4,0,20,0,36.348423,127.381386,미운영,http://cafe.daum.net/Dunsan-Gomdolle,2006-03-02,,,2022-03-24
대전광역시,서구,파란나라어린이집,가정,폐지,35200,대전광역시 서구 만년남로3번길 65 (만년동),042-485-4125,042-485-4125,4,131,0,4,0,20,0,36.36530835,127.3729526,미운영,키즈노트,2006-03-02,,,2023-04-06
대전광역시,서구,솜사탕어린이집,가정,폐지,35228,"대전광역시 서구 둔산로 15 115동 102호 (둔산동, 향촌아파트)",042-483-1984,--,3,106,0,4,0,20,0,36.35403145,127.4023892,운영,,2006-03-02,,,2016-05-04
대전광역시,서구,마루어린이집,가정,폐지,35407,"대전광역시 서구 복수동로51번길 43 304동 104호 (복수동, 초록마을3단지아파트)",042-584-7942,042-584-7942,3,65,0,5,0,20,0,36.29992622270144,127.3799769317567,미운영,,2006-03-02,,,2021-06-02
대전광역시,서구,새친구어린이집,가정,폐지,35217,"대전광역시 서구 월평동로 45 108동 105호 (월평동, 진달래아파트)",042-487-2320,--,3,102,0,4,0,20,0,36.35908639,127.3668385,미운영,,2006-03-02,,,2019-02-28
대전광역시,서구,월평꿈나무어린이집,가정,재개,35221,대전광역시 서구 월평로13번길 22 (월평동),042-487-0812,042-487-0817,3,101,1,5,3,20,9,36.35638816,127.3584058,미운영,,2006-03-02,,,
대전광역시,서구,작은별어린이집,가정,폐지,35217,"대전광역시 서구 월평동로 45 109동 104호 (월평동, 진달래아파트)",042-369-0286,--,3,102,0,4,0,20,0,36.35908639,127.3668385,미운영,,2006-03-02,,,2021-03-30
대전광역시,서구,아이들어린이집,가정,정상,35210,"대전광역시 서구 월평동로 83 102동 102호 (월평동, 다모아아파트)",042-488-1617,042-488-1617,3,102,0,4,5,20,9,36.36134526500475,127.36724481731646,미운영,can8998@hanmail.net,2006-03-02,,,
대전광역시,유성구,아이조아어린이집,가정,폐지,34140,"대전광역시 유성구 어은로 57 121동 105호(어은동, 한빛아파트)",042-861-2141,042-861-2141,4,85,0,4,0,19,0,36.36527999,127.3327723,미운영,,2006-03-02,,,2020-10-12
대전광역시,서구,하은어린이집,가정,정상,35314,"대전광역시 서구 갈마로 262 122동 103호 (내동, 맑은아침아파트)",042-365-1823,--,3,109,0,4,8,20,14,36.33294,127.3822,미운영,,2006-03-01,,,
대전광역시,중구,아기별 어린이집,민간,폐지,34803,대전광역시 중구 대종로692번길 25 1층 (중촌동),042-223-7240,--,5,125,0,8,0,29,0,36.34201389,127.4113953,운영,http://blog.naver.com/pjk95604,2006-02-28,,,2023-06-01
대전광역시,중구,비컴어린이집,민간,폐지,35010,대전광역시 중구 산성로16번길 84 비컴센터 (산성동),042-584-8591,042-586-8590,4,223,0,5,0,39,0,36.30672662,127.3951875,미운영,,2006-02-28,,,2019-03-14
대전광역시,유성구,아이뜰어린이집,가정,폐지,305768,대전 유성구 노은동 열매마을10단지 1003동 105호 ,042-825-7701,--,0,0,0,0,0,12,0,,,,,2006-02-28,,,2008-12-22
대전광역시,대덕구,좋은생각어린이집,민간,폐지,34346,대전광역시 대덕구 신탄진로218번길 73 (와동),042-627-8980,042-636-7626,5,212,1,11,0,72,0,36.40246771,127.4236637,운영,다음 카페좋은생각어린이집,2006-02-28,,,2019-03-01
대전광역시,대덕구,예꼬마어린이집,민간,폐지,34390,대전광역시 대덕구 중리로54번길 16 (중리동),042-637-0153,--,4,124,0,4,0,29,0,36.36380815,127.4261084,운영,,2006-02-28,,,2017-03-10
대전광역시,대덕구,아기사랑미술어린이집,가정,정상,34403,"대전광역시 대덕구 계족산로 136 516동 102호(송촌동, 선비마을5단지아파트)",042-636-8069,042-636-8069,4,84,0,4,8,20,19,36.3658,127.44585,운영,,2006-02-28,,,
대전광역시,대덕구,작은천사어린이집,가정,폐지,34346,"대전광역시 대덕구 신탄진로218번길 62 103동 104호(와동, 현대아파트)",042-625-7107,--,3,105,0,3,0,15,0,36.40191431,127.424777,운영,http://cafe.daum.net/littleangelkids,2006-02-28,,,2019-03-01
대전광역시,대덕구,리라어린이집,민간,폐지,306827,대전광역시 대덕구 한밭대로1129번길 147 (중리동),042-639-0888,042-625-6442,6,178,1,0,0,36,0,36.36562686,127.4236725,운영,,2006-02-28,,,2015-03-13
대전광역시,대덕구,중리어린이집,사회복지법인,정상,34428,대전광역시 대덕구 계족로521번길 54 (중리동),042-672-8900,042-672-2470,6,218,1,8,10,79,29,36.35847578,127.429556,운영,https://blog.naver.com/djjr8900,2006-02-28,,,
대전광역시,서구,잠언어린이집,가정,정상,35297,"대전광역시 서구 가장로 107 208동 103호 (가장동, 삼성래미안아파트)",042-526-7317,042-527-7317,3,105,0,4,7,20,12,36.334853028312494,127.38539477961603,운영,,2006-02-27,,,
대전광역시,서구,아이들세상어린이집,가정,폐지,35206,"대전광역시 서구 청사로 282 16동 101호 (둔산동, 수정타운아파트)",042-483-4065,--,3,71,0,4,0,15,0,36.35911,127.39879,미운영,,2006-02-27,,,2023-10-12
대전광역시,중구,은혜어린이집,가정,폐지,34885,"대전광역시 중구 태평로 55 410동 12호(태평동, 삼부아파트4단지)",042-533-3456,--,5,69,0,6,0,20,0,36.32225077,127.392016,운영,,2006-02-24,,,2026-03-17
대전광역시,중구,사랑숲어린이집,가정,폐지,34885,"대전광역시 중구 태평로 55 409동 14호(태평동, 삼부아파트4단지)",042-255-7979,042-537-3009,6,120,1,4,0,18,0,36.32225077,127.392016,미운영,,2006-02-24,,,2017-03-30
대전광역시,대덕구,꿈엔들어린이집,민간,폐지,34359,대전광역시 대덕구 아리랑로113번길 53 (읍내동),042-638-6382,042-627-0070,7,219,2,15,0,39,0,36.37589833,127.4201362,미운영,,2006-02-21,,,2024-01-12
대전광역시,유성구,상록어린이집,민간,폐지,34090,"대전광역시 유성구 노은동로 111 (노은동, 열매마을10단지관리동)",042-826-6070,--,4,201,2,19,0,47,0,36.37017011,127.3220468,미운영,,2006-02-20,,,2021-03-02
대전광역시,동구,드림키즈어린이집,민간,폐지,34705,대전광역시 동구 산내로1257번길 40 석천들 주공아파트 관리동 (낭월동),042-342-0707,042-342-5001,4,162,0,0,0,27,0,36.28470747,127.4682568,미운영,,2006-02-17,,,2013-11-14
대전광역시,동구,하늘숲어린이집,민간,폐지,34537,대전광역시 동구 한밭대로1237번길 67 (용전동),042-635-1341,042-625-6041,6,132,1,10,0,47,0,36.35915504,127.4365251,운영,http://cafe.daum.net/skyforest-i,2006-02-17,,,2021-05-14
대전광역시,중구,맘마와찌찌어린이집,가정,폐지,301769,"대전광역시 중구 대종로 713 10동 102호(중촌동, 금호아파트)",042-223-7445,042-223-7445,4,90,0,0,0,19,0,36.34130036,127.407436,,,2006-02-17,,,2011-12-12
대전광역시,서구,꿈돌이어린이집,가정,폐지,35216,"대전광역시 서구 청사로 65 116동 107호 (월평동, 황실타운아파트)",042-489-2658,--,4,56,0,4,0,19,0,36.36032116,127.3668519,운영,,2006-02-17,,,2016-07-14
대전광역시,서구,곰비임비어린이집,가정,폐지,35297,"대전광역시 서구 가장로 107 205동 102호 (가장동, 삼성래미안아파트)",042-523-9171,--,4,125,0,4,0,20,0,36.334853028312494,127.38539477961603,운영,,2006-02-16,,,2022-08-01
대전광역시,서구,평화가정어린이집,가정,폐지,302283,대전 서구 월평3동 하나로@105-103 ,042-471-3965,--,2,38,0,0,0,9,0,,,,,2006-02-16,,,2010-02-18
대전광역시,서구,청솔어린이집,가정,폐지,302743,대전 서구 삼천동 청솔아파트 6동 101호 ,042-483-3693,--,0,0,0,0,0,19,0,,,,,2006-02-13,,,2009-06-19
대전광역시,서구,곰세마리어린이집,가정,폐지,35205,"대전광역시 서구 청사로 281 212동 101호 (둔산동, 샘머리아파트2단지)",042-484-7939,--,3,69,0,0,0,14,0,36.36178342891377,127.3943296842726,미운영,,2006-02-10,,,2016-04-05
대전광역시,서구,똘똘이어린이집,가정,폐지,35235,"대전광역시 서구 둔산남로 30 104동 107호 (둔산동, 녹원아파트)",042-487-0069,--,3,105,0,0,0,20,0,36.348423,127.381386,미운영,,2006-02-09,,,2016-09-08
대전광역시,서구,미피어린이집,가정,정상,35251,"대전광역시 서구 문예로 16 12동 103호 (탄방동, 한가람아파트)",042-362-7333,042-362-7333,4,54,0,4,8,20,19,36.34708803196685,127.39226209060186,미운영,yej4265@daum.net,2006-02-09,,,
대전광역시,중구,하나어린이집,민간,폐지,34949,대전광역시 중구 보문로205번길 44 (대흥동),042-252-1009,042-252-1009,5,258,1,6,0,39,0,36.32202532,127.4225235,운영,,2006-02-08,,,2020-03-06
대전광역시,서구,예그랑어린이집,가정,폐지,35372,"대전광역시 서구 관저로 83 213동 104호 (관저동, 신선마을아파트)",042-543-6007,042-543-6007,4,165,0,5,0,20,0,36.3004,127.331566,운영,,2006-02-08,,,2025-03-01
대전광역시,서구,온누리어린이집,가정,정상,35215,"대전광역시 서구 청사서로 41 103동 101호 (월평동, 백합아파트)",042-362-8482,0504-482-8482,3,102,0,4,6,20,11,36.361365360052964,127.37642474193723,미운영,,2006-02-08,,,
대전광역시,서구,나나어린이집,가정,폐지,35386,"대전광역시 서구 가수원로 72 105동 106호 (가수원동, 은아아파트1단지)",042-541-3888,--,3,102,0,4,0,19,0,36.302329144960666,127.3521904112978,운영,,2006-02-01,,,2020-10-12
대전광역시,서구,미소별어린이집,가정,폐지,35397,"대전광역시 서구 정림서로 162-15 125동 101호 (정림동, 우성아파트)",042-586-5887,--,4,118,0,5,0,20,0,36.30348748971466,127.36381919089183,미운영,,2006-02-01,,,2019-11-11
대전광역시,서구,아이예뻐어린이집,가정,폐지,35397,"대전광역시 서구 정림서로 162-15 122동 101호 (정림동, 정림우성아파트2차)",042-581-3100,042-583-3155,3,105,0,4,0,19,0,36.30348748971466,127.36381919089183,운영,heewon4871@hanmail.net,2006-02-01,,,2019-01-29
대전광역시,대덕구,하늘별어린이집,민간,정상,34331,대전광역시 대덕구 덕암북로96번길 18 하늘별어린이집 (덕암동),042-932-8900,042-932-8901,13,364,2,16,15,85,40,36.4424924,127.4268379,운영,,2006-01-31,,,
대전광역시,서구,은아꼬마숲어린이집,가정,정상,35386,"대전광역시 서구 가수원로 106 302동 106호 (가수원동, 은아아파트3단지)",042-544-9311,042-544-9311,4,61,0,4,5,20,8,36.30409906,127.3507707,운영,,2006-01-24,,,
대전광역시,유성구,초록별어린이집,민간,폐지,34067,"대전광역시 유성구 반석동로 82 (반석동, 반석마을8단지아파트 관리동)",042-826-4306,042-825-4833,3,108,0,5,0,25,0,36.38901111,127.320578,미운영,,2006-01-20,,,2025-03-24
대전광역시,유성구,하늘새어린이집,민간,정상,34003,대전광역시 유성구 금남구즉로 1359-29 (봉산동),042-934-1230,042-936-7770,10,598,1,16,26,152,120,36.4476755,127.3860781,운영,,2006-01-20,,,
대전광역시,중구,나나어린이집,가정,폐지,34895,"대전광역시 중구 평촌로 111 109동 104호(태평동, 태평아파트)",042-524-5520,042-524-5520,4,58,1,4,0,20,0,36.32390155,127.3992636,미운영,,2006-01-18,,,2024-03-08
대전광역시,유성구,시민어린이집,가정,폐지,34009,대전광역시 유성구 구즉로52번길 13 (송강동),042-934-7554,--,4,85,0,3,0,20,0,36.4334775,127.3858977,운영,,2006-01-16,,,2019-03-11
대전광역시,대덕구,파랑새어린이집,가정,폐지,34346,"대전광역시 대덕구 신탄진로218번길 62 103동 102호(와동, 현대아파트)",042-626-6375,042-626-6375,4,84,0,4,0,20,0,36.40191431,127.424777,운영,,2006-01-12,,,2022-03-25
대전광역시,대덕구,큰나무어린이집,가정,폐지,34379,"대전광역시 대덕구 대전로1185번길 30 104동 104호(오정동, 양지마을)",042-637-8890,042-637-8890,4,108,0,0,0,18,0,36.35985109,127.4139141,미운영,,2006-01-11,,,2013-11-08
대전광역시,중구,리틀프렌즈어린이집,가정,폐지,34899,"대전광역시 중구 계백로1615번길 34 106동 102호(유천동, 현대아파트)",042-331-3250,--,4,144,0,6,0,20,0,36.31540958,127.399184,미운영,,2006-01-06,,,2023-03-08
대전광역시,서구,보물섬어린이집,가정,정상,35284,"대전광역시 서구 신갈마로 46 103동 102호 (내동, 롯데아파트)",042-532-6355,042-532-6355,4,84,1,4,8,20,16,36.33939638744242,127.36778222832356,운영,,2006-01-06,,,
대전광역시,서구,늘햇살어린이집,가정,폐지,35411,"대전광역시 서구 유등로17번길 109 503동 106호 (복수동, 초록마을5단지아파트)",042-583-7896,--,4,115,0,4,0,20,0,36.29880120343006,127.37460101204134,미운영,,2005-12-30,,,2022-04-04
대전광역시,유성구,예꿈키즈어린이집,민간,폐지,34117,대전광역시 유성구 신성로58번길 40 (신성동),042-864-3020,042-861-3021,4,131,0,4,0,47,0,36.37318398,127.3162177,운영,,2005-12-30,,,2020-01-15
대전광역시,서구,알콩달콩어린이집,가정,정상,35373,"대전광역시 서구 관저로 84 804동 103호 (관저동, 구봉마을8단지)",042-534-5539,--,3,79,6,4,7,18,13,36.297413,127.33013,운영,,2005-12-29,,,
대전광역시,대덕구,잼버리어린이집,민간,폐지,34309,대전광역시 대덕구 신탄진동로35번길 56 (신탄진동),042-932-9862,042-931-2443,8,494,1,15,0,98,0,36.45056359,127.432826,운영,http://www.cyworld.com/jamboreei,2005-12-29,,,2020-05-01
대전광역시,서구,초록마을 미소어린이집,민간,정상,35411,"대전광역시 서구 유등로17번길 109 관리동 1층 (복수동, 초록마을5단지아파트)",042-585-5505,042-585-5505,4,140,1,4,6,33,9,36.29806138,127.3733665,운영,,2005-12-28,,,
대전광역시,서구,해누리어린이집,민간,폐지,35296,대전광역시 서구 도산로321번길 18 (가장동),042-528-0512,042-528-0513,6,204,1,9,0,71,0,36.33555534,127.3869702,운영,,2005-12-26,,,2025-03-04
대전광역시,동구,호서어린이집,민간,폐지,34547,대전광역시 동구 계족로464번길 11 (용전동),042-621-3414,042-638-3451,6,456,0,20,0,49,0,36.35318979,127.4333047,운영,hj-kim3414@hanmail.net,2005-12-23,,,2025-07-01
대전광역시,중구,리틀킹어린이집,민간,폐지,35064,대전광역시 중구 봉소루로36번길 27 (석교동),042-284-5552,042-284-5553,8,299,1,12,0,90,0,36.3076193,127.4408246,운영,,2005-12-23,,,2019-06-01
대전광역시,중구,해미소어린이집,가정,폐지,34859,"대전광역시 중구 선화로22번길 25 111동 101호(용두동, 미르마을)",042-255-4718,--,4,84,0,4,0,20,0,36.32518709,127.4103769,미운영,,2005-12-23,,,2017-11-01
대전광역시,중구,사랑가득어린이집,가정,정상,34806,"대전광역시 중구 대종로 713 1동 106호(중촌동, 금호아파트)",042-335-0208,042-721-0207,4,83,0,4,5,19,12,36.34130036,127.407436,미운영,,2005-12-22,,,
대전광역시,서구,햇살어린이집,가정,폐지,35247,"대전광역시 서구 둔산북로 160 104동 101호 (둔산동, 한마루아파트)",070-4806-3777,070-4806-3777,4,122,0,4,0,16,0,36.35254432,127.386017,운영,,2005-12-21,,,2016-04-26
대전광역시,서구,공하나공둘어린이집,가정,폐지,35284,"대전광역시 서구 신갈마로 46 102동 102호 (내동, 롯데아파트)",042-365-0102,042-365-0102,3,105,0,4,0,20,0,36.33900705,127.3674143,미운영,www.0102.or.kr,2005-12-20,,,2024-03-12
대전광역시,서구,우미어린이집,가정,정상,35205,"대전광역시 서구 청사로 281 214동 103호 (둔산동, 샘머리아파트2단지)",042-486-1189,042-486-1189,4,107,1,4,9,20,17,36.36176,127.39442,운영,,2005-12-20,,,
대전광역시,서구,아이월드어린이집,민간,폐지,35277,대전광역시 서구 신갈마로155번길 33 (갈마동),042-527-7770,042-536-5550,6,190,1,11,0,48,0,36.34733376,127.3664167,운영,,2005-12-19,,,2022-03-29
대전광역시,서구,아이뜰어린이집,민간,폐지,35412,대전광역시 서구 복수남로36번길 42 (복수동),042-582-5211,042-586-4850,6,243,2,8,0,75,0,36.30039255,127.3777848,운영,http://cafe.daum.net/ID5211,2005-12-15,,,2024-08-27
대전광역시,서구,또래또래어린이집,민간,폐지,35329,대전광역시 서구 도마로19번길 52 (도마동),042-584-9001,042-587-7922,5,133,0,7,0,46,0,36.32475031305794,127.37247990548806,운영,,2005-12-14,,,2021-03-01
대전광역시,유성구,하늘꿈어린이집,민간,정상,34067,"대전광역시 유성구 반석서로 98 (반석동, 반석마을6단지 관리동)",042-477-7901,070-8233-7901,3,72,0,4,8,25,17,36.394353126194495,127.30908080331866,미운영,https://blog.naver.com/skydream_2023,2005-12-09,,,
대전광역시,대덕구,키즈몬테소리어린이집,가정,정상,34333,대전광역시 대덕구 덕암로125번안길 19 (덕암동),042-932-4901,042-932-4901,4,80,1,5,6,20,7,36.43321274,127.4201876,운영,,2005-12-01,,,
대전광역시,중구,새솔어린이집,민간,폐지,34859,대전광역시 중구 선화로22번길 25 미르마을아파트  관리동 1층,042-345-5369,042-222-4311,3,139,0,7,0,23,0,36.32579665715124,127.41330700354953,미운영,,2005-11-21,,,2024-11-30
대전광역시,서구,하늘뜰어린이집,가정,폐지,35263,"대전광역시 서구 문정로90번길 60 107동 101호 (탄방동, 한우리아파트)",070-8202-3435,--,4,65,1,4,0,19,0,36.34477908,127.3882793,미운영,,2005-11-08,,,2025-03-21
대전광역시,서구,래미안어린이집,가정,폐지,35297,"대전광역시 서구 가장로 106 113동 106호 (가장동, 삼성래미안아파트)",042-533-7942,042-533-7942,4,125,0,1,0,20,0,36.33370312,127.3843091,운영,http://cafe.daum.net/reamiankids,2005-11-07,,,2016-01-04
대전광역시,중구,사랑어린이집,가정,폐지,34907,"대전광역시 중구 계룡로 852 29동 107호(오류동, 삼성아파트)",042-369-8022,--,3,84,0,4,0,16,0,36.32380819,127.4074637,미운영,,2005-11-01,,,2017-05-31
대전광역시,중구,늘햇살어린이집,가정,폐지,34859,"대전광역시 중구 선화로22번길 25 113동 101호(용두동, 미르마을)",042-242-5111,042-242-5111,4,118,0,5,0,20,0,36.324973423088515,127.41356993758528,미운영,,2005-11-01,,,2025-03-14
대전광역시,서구,사회복지법인혜성어린이집,사회복지법인,정상,35337,대전광역시 서구 도학2길 21 (도마동),042-538-7942,042-538-7943,12,184,3,16,18,61,55,36.32021835,127.3726346,운영,,2005-10-28,,,
대전광역시,유성구,임마누엘어린이집,가정,폐지,34226,"대전광역시 유성구 진잠로149번길 24 101동 103호(교촌동, 제이파크아파트)",042-543-9332,--,4,85,0,5,0,19,0,36.30500058,127.3133918,미운영,,2005-10-28,,,2021-06-30
대전광역시,중구,행복한어린이집,가정,폐지,34859,"대전광역시 중구 선화로22번길 25 113동 102호(용두동, 미르마을아파트)",042-365-5477,--,5,118,0,5,0,18,0,36.32504236,127.4135678,미운영,,2005-10-25,,,2019-03-13
대전광역시,중구,해뜨는어린이집,가정,폐지,34859,"대전광역시 중구 선화로22번길 25 104동 104호(용두동, 미르마을아파트)",042-223-0088,042-223-0088,4,84,0,4,0,19,0,36.32504236,127.4135678,미운영,,2005-10-25,,,2021-03-12
대전광역시,서구,푸르니어린이집,사회복지법인,정상,35399,대전광역시 서구 정림로10번길 41 (정림동),042-584-1301,042-585-1302,9,166,1,16,14,56,38,36.30235309,127.3683919,운영,,2005-10-12,,,
대전광역시,서구,예쁜꽃큰나무어린이집,가정,폐지,35386,"대전광역시 서구 가수원로 98 2동 102호 (가수원동, 계룡아파트)",042-545-8308,--,3,59,0,0,0,11,0,36.30269328011119,127.35094508770162,운영,,2005-10-10,,,2016-11-21
대전광역시,서구,중흥어린이집,가정,폐지,35411,"대전광역시 서구 유등로17번길 109 505동 101호 (복수동, 초록마을5단지아파트)",042-586-8123,042-586-8123,3,59,0,4,0,19,0,36.29806138,127.3733665,미운영,,2005-10-10,,,2020-03-17
대전광역시,서구,킨더캐슬어린이집,가정,폐지,302791,"대전광역시 서구 청사로 70 102동 103호 (월평동, 누리아파트)",042-476-7800,--,4,148,0,5,0,20,0,36.35889126,127.3713594,미운영,,2005-10-05,,,2017-03-13
대전광역시,유성구,방긋웃는어린이집,가정,폐지,34219,"대전광역시 유성구 대정로28번길 50 105동 105호(대정동, 드리움1단지아파트)",042-544-1237,--,4,53,0,4,0,19,0,36.3159991,127.3334063,미운영,,2005-10-05,,,2023-10-10
대전광역시,유성구,하늘도화지어린이집,가정,폐지,34061,"대전광역시 유성구 노은로 353 302동 102호(하기동, 송림마을3단지아파트)",042-824-4379,042-826-4379,4,85,0,4,0,18,0,36.38895654,127.3468244,운영,,2005-10-04,,,2017-11-13
대전광역시,중구,(주)KTCS(케이티씨에스)어린이집,직장,폐지,34956,대전광역시 중구 계백로 1712 (기독교연합봉사회관)1층,042-223-3030,042-223-3030,4,106,0,0,0,30,0,36.32097436,127.409952,미운영,,2005-09-27,,,2015-03-03
대전광역시,중구,KR꿈나무어린이집,직장,폐지,301803,대전 중구 대흥동 421-2 ,042-221-1560,042-221-1562,0,1,0,0,0,32,0,,,,www.puruni.com,2005-09-13,,,2009-10-05
대전광역시,서구,해님달님어린이집,가정,폐지,35386,"대전광역시 서구 가수원로 98 3동 101호 (가수원동, 계룡아파트)",042-381-7942,--,3,110,0,4,0,20,0,36.30290057,127.3508029,미운영,,2005-09-13,,,2016-09-27
대전광역시,유성구,에덴동산어린이집,가정,폐지,305755,대전 유성구 어은동 한빛아파트 105동 106호 ,042-863-3567,--,0,0,0,0,0,15,0,,,,,2005-08-25,,,2008-06-02
대전광역시,중구,문화마을어린이집,가정,폐지,34957,대전광역시 중구 계백로1716번길 40 문화마을아파트 105동 103호,042-526-1004,042-526-1004,4,117,0,4,0,20,0,36.319307338554374,127.40962294267558,미운영,,2005-08-23,,,2022-04-12
대전광역시,서구,현어린이집,가정,정상,35205,"대전광역시 서구 문예로 174 114동 101호(둔산동, 샘머리아파트1단지)",042-487-8627,--,3,60,0,4,5,19,7,36.3630335979736,127.39179056692968,미운영,,2005-08-22,,,
대전광역시,유성구,하기어린이집,민간,폐지,34061,"대전광역시 유성구 노은로 353 (하기동, 송림마을3단지아파트내)",042-826-0026,--,3,116,0,3,0,22,0,36.3904815,127.3225649,미운영,http://cafe.naver.com/hagibaby,2005-08-03,,,2019-05-14
대전광역시,서구,예은어린이집,가정,정상,35210,"대전광역시 서구 청사로 5 107동 105호 (월평동, 하나로아파트)",042-384-1213,--,3,69,0,3,6,14,8,36.36090948,127.3649473,미운영,,2005-08-01,,,
대전광역시,서구,가온아이어린이집,민간,폐지,35224,대전광역시 서구 신갈마로 239-8 (갈마동),042-485-4817,042-485-4817,3,132,0,5,0,30,0,36.35512115,127.3687536,운영,,2005-07-16,,,2020-03-12
대전광역시,서구,하늘호수어린이집,가정,폐지,35228,"대전광역시 서구 둔산로 15 104동 104호 (둔산동, 향촌아파트)",042-368-4322,042-368-4322,4,66,0,4,0,20,0,36.353336,127.37631,미운영,,2005-07-15,,,2020-03-25
대전광역시,중구,바다의별 어린이집,민간,정상,35081,대전광역시 중구 유등천동로 184-35 ,042-586-1341,042-586-1343,10,746,4,20,31,120,92,36.30046248,127.3845037,운영,,2005-07-11,,,
대전광역시,서구,호동어린이집,가정,폐지,35401,"대전광역시 서구 도산로 11 102동 106호 (도마동, 효성타운아파트)",070-4137-5759,042-384-5757,3,53,0,4,0,18,0,36.31054674,127.3834879,운영,,2005-07-11,,,2019-04-12
대전광역시,서구,어린왕자어린이집,가정,정상,35282,"대전광역시 서구 신갈마로 102 307동 105호 (갈마동, 갈마아파트)",042-537-1137,0504-271-4515,4,58,0,4,7,20,7,36.34266126,127.3690569,미운영,https://blog.naver.com/littleprince537,2005-07-05,,,
대전광역시,서구,라온키즈어린이집,가정,정상,35407,대전광역시 서구 복수동로 21-20 관리동 1층,042-583-9902,042-583-9902,3,87,0,4,5,17,7,36.300823359093535,127.38054073175348,미운영,https://blog.naver.com/choibs1109,2005-07-01,,,
대전광역시,유성구,우미어린이집,가정,폐지,34061,"대전광역시 유성구 노은로 353 303동 102호(하기동, 송림마을3단지아파트)",042-826-7947,--,4,85,0,4,0,19,0,36.39452072,127.329254,미운영,,2005-06-27,,,2026-04-07
대전광역시,중구,베베콩어린이집,가정,폐지,34889,"대전광역시 중구 유등천동로 428 306동 103호(태평동,동양파라곤아파트)",042-345-0486,0504-218-1115,4,70,0,4,0,20,0,36.32132478,127.3928228,미운영,,2005-06-24,,,2024-03-19
대전광역시,서구,해뜨는어린이집,가정,폐지,35205,"대전광역시 서구 청사로 253 205동 106호 (둔산동, 꿈나무아파트)",042-362-1235,042-362-1235,3,89,0,4,0,18,0,36.36023,127.391945,운영,,2005-06-23,,,2018-01-05
대전광역시,서구,델타샌드어린이집,민간,폐지,35314,"대전광역시 서구 갈마로 262 관리동1층 (내동, 맑은아침아파트)",042-527-0105,--,4,188,0,4,0,44,0,36.331947,127.3828148,운영,,2005-06-23,,,2022-03-01
대전광역시,유성구,즐거운어린이집,가정,폐지,305770,대전 유성구 지족동 열매마을아파트 401-102 ,042-822-9028,--,4,80,0,0,0,17,0,,,,,2005-06-18,,,2010-05-10
대전광역시,중구,코코몽어린이집,가정,폐지,301771,"대전광역시 중구 평촌로 111 107동 106호(태평동, 태평아파트)",042-527-7767,--,3,114,0,0,0,13,0,36.32390155,127.3992636,미운영,,2005-06-16,,,2012-06-14
대전광역시,대덕구,예꿈재능나라어린이집,가정,폐지,34390,대전광역시 대덕구 중리동로41번길 9 (중리동),042-635-0153,042-635-0153,3,85,0,4,0,20,0,36.3627728,127.428777,운영,,2005-06-09,,,2017-10-01
대전광역시,동구,리틀샤론어린이집,가정,폐지,34686,"대전광역시 동구 대전로542번길 78-1 205동 104호(천동, 휴먼시아2단지아파트)",042-272-1985,042-272-1985,4,99,0,4,0,20,0,36.31489789,127.4491882,운영,,2005-06-03,,,2017-02-23
대전광역시,유성구,라라어린이집,가정,폐지,34067,"대전광역시 유성구 반석서로 98 603동 105호(반석동, 반석마을6단지아파트)",042-365-6634,--,3,60,1,4,0,20,0,36.38956263,127.2949123,미운영,,2005-06-03,,,2021-06-30
대전광역시,유성구,예사랑어린이집,가정,정상,34061,"대전광역시 유성구 송림로 13 105동 102호(하기동, 송림마을1단지아파트)",042-826-5052,042-384-5052,3,84,0,4,7,20,13,36.388078757049975,127.31850199261682,미운영,,2005-06-03,,,
대전광역시,유성구,작은천국어린이집,가정,폐지,34082,"대전광역시 유성구 노은서로210번길 32 412동 101호(지족동, 열매마을4단지아파트)",042-822-5279,042-822-5279,2,82,0,3,0,15,0,36.376198,127.31561,미운영,,2005-06-03,,,2021-08-13
대전광역시,대덕구,몬테소리유아어린이집,가정,폐지,34403,"대전광역시 대덕구 계족산로 136 506동 102호(송촌동, 선비마을5단지아파트)",042-633-3532,042-633-3532,4,131,0,0,0,20,0,36.3658,127.44585,미운영,,2005-06-02,,,2016-04-15
대전광역시,유성구,송림어린이집,민간,폐지,34093,"대전광역시 유성구 노은로 358 (하기동, 송림마을4단지아파트 관리동)",042-824-0605,042-824-0605,4,85,0,4,0,32,0,36.38895654,127.3468244,미운영,,2005-06-01,,,2024-07-08
대전광역시,서구,꼬마별어린이집,가정,폐지,35389,"대전광역시 서구 가수원로 5 502동 106호 (가수원동, 은아아파트)",042-542-7608,042-542-7608,2,69,0,4,0,12,0,36.30033092963195,127.35503153753879,미운영,,2005-05-20,,,2023-10-23
대전광역시,서구,푸른들어린이집,민간,폐지,302210,대전 서구 복수동 507번지 ,042-584-1146,--,0,10,0,0,0,67,0,,,,,2005-05-13,,,2009-07-01
대전광역시,서구,꿈이있는어린이집,가정,폐지,35386,"대전광역시 서구 가수원로 72 104동 101호 (가수원동, 은아아파트1단지)",042-541-6182,--,4,102,0,4,0,20,0,36.302329144960666,127.3521904112978,운영,,2005-05-10,,,2023-05-26
대전광역시,서구,좋은친구어린이집,가정,폐지,35358,"대전광역시 서구 관저북로 80 208동 103호 (관저동, 원앙마을2단지아파트)",042-544-0942,042-544-0942,3,85,0,4,0,15,0,36.309914,127.339264,미운영,,2005-05-10,,,2024-01-30
대전광역시,서구,이레어린이집,가정,정상,35251,"대전광역시 서구 문정로 131 2동 101호 (탄방동, 공작한양아파트)",042-488-9676,--,3,105,2,4,7,20,20,36.3478838,127.3939246,운영,,2005-05-09,,,
대전광역시,서구,새솔어린이집,민간,정상,35385,대전광역시 서구 가수원로65번길 18 (가수원동),042-381-0079,--,7,250,1,14,13,89,43,36.29953134,127.3505691,운영,,2005-05-06,,,
대전광역시,대덕구,뽀뽀뽀어린이집,가정,폐지,34396,"대전광역시 대덕구 계족로690번길 21 107동 102호(법동, 선비마을1단지아파트)",042-672-6061,042-672-6061,4,85,0,4,0,20,0,36.37282606,127.4300776,운영,,2005-05-06,,,2022-10-31
대전광역시,중구,초원어린이집,가정,폐지,34849,"대전광역시 중구 동서대로 1388 107동 103호(목동, 금호한사랑아파트)",042-226-2033,042-226-2033,4,59,0,0,0,20,0,36.33154468,127.4126124,운영,,2005-04-22,,,2016-04-18
대전광역시,유성구,꿈이있는어린이집,민간,정상,34071,"대전광역시 유성구 지족로 317 (지족동, 반석마을1단지아파트내)",042-826-2580,042-826-2582,7,250,1,14,13,86,37,36.38843971,127.3114461,운영,,2005-04-16,,,
대전광역시,유성구,예슬어린이집,민간,정상,34067,"대전광역시 유성구 반석서로 109 (반석동, 반석마을7단지아파트 관리동)",042-826-7942,042-826-7942,4,110,1,4,11,38,26,36.396014396883885,127.30961685787334,미운영,ejuun@hanmail.net,2005-04-15,,,
대전광역시,동구,알콩달콩어린이집,민간,폐지,34566,대전광역시 동구 태전로 157 (삼성동),042-621-7443,042-621-7443,5,114,0,5,0,39,0,36.34053785,127.4338231,미운영,,2005-04-01,,,2021-03-05
대전광역시,서구,이비에스하늘어린이집,민간,폐지,35310,대전광역시 서구 들말2길 55 (가장동),042-525-3282,042-525-3282,8,316,1,13,0,73,0,36.33011356,127.3839787,운영,,2005-04-01,,,2023-01-26
대전광역시,유성구,꿈돌이어린이집,가정,폐지,34140,"대전광역시 유성구 어은로 57 117동 101호(어은동, 한빛아파트)",042-862-5970,--,4,85,0,5,0,20,0,36.366141,127.3308962,미운영,,2005-04-01,,,2019-03-05
대전광역시,서구,나클래어린이집,가정,폐지,35407,"대전광역시 서구 복수동로 21-20 201동 105호 (복수동, 초록마을2단지아파트)",042-345-5325,042-345-5325,3,99,0,4,0,19,0,36.30199922883523,127.37917702728846,미운영,,2005-03-30,,,2023-03-24
대전광역시,서구,팡팡어린이집,가정,폐지,35411,"대전광역시 서구 유등로17번길 109 207동 101호 (복수동, 초록마을5단지아파트)",042-369-9953,--,3,105,0,0,0,20,0,36.3068268,127.373685,미운영,,2005-03-18,,,2015-05-15
대전광역시,유성구,아해뜰어린이집,가정,폐지,34145,대전광역시 유성구 노은서로 27 (노은동),042-476-8808,--,3,72,1,4,0,20,0,36.36347083,127.3145555,미운영,,2005-03-10,,,2023-07-31
대전광역시,서구,지니어스어린이집,민간,폐지,35226,대전광역시 서구 월평서로 17 (월평동),042-487-0033,042-472-0924,4,140,0,0,0,49,0,36.35506468,127.3573147,,,2005-03-03,,,2012-03-23
대전광역시,서구,포비어린이집,가정,폐지,35346,"대전광역시 서구 배재로 155-7 108동 101호 (도마동, 경남아파트2단지)",042-531-4335,042-531-4335,4,49,0,4,0,17,0,36.31731876,127.3710375,미운영,"http""//cafe.daum.net/fourb",2005-03-01,,,2022-02-28
대전광역시,서구,푸른어린이집,가정,정상,35228,"대전광역시 서구 둔산로 15 103동 103호 (둔산동, 향촌아파트)",042-487-4588,--,4,68,1,5,7,20,14,36.35303658164216,127.37589277622734,미운영,,2005-02-21,,,
대전광역시,동구,사회복지법인 하늘어린이집,사회복지법인,정상,34691,대전광역시 동구 신기로 65 (가오동),042-286-3311,042-286-3411,10,328,1,15,19,60,46,36.30998744,127.4536124,운영,,2005-02-01,,,
대전광역시,서구,무지개나라어린이집,가정,폐지,35252,대전광역시 서구 남선로59번길 32 (탄방동),042-489-9383,--,4,114,0,5,0,20,0,36.34859674,127.3964291,운영,,2005-01-30,,,2020-03-01
대전광역시,중구,베이비하우스어린이집,가정,폐지,34890,"대전광역시 중구 태평로 15 128동 101호(태평동, 버드내마을아파트)",042-524-1233,042-538-5389,5,169,0,0,0,20,0,36.31802,127.39134,미운영,,2005-01-29,,,2016-04-22
대전광역시,서구,하림어린이집,가정,정상,35386,"대전광역시 서구 가수원로 72 109동 105호 (가수원동, 은아아파트1단지)",042-542-2040,--,3,105,0,4,7,20,7,36.302329144960666,127.3521904112978,운영,,2005-01-29,,,
대전광역시,서구,도로시어린이집,가정,폐지,35246,"대전광역시 서구 둔산로 223 9동 101호(둔산동, 청솔코오롱아파트)",042-369-7959,--,4,145,0,0,0,20,0,36.35123849,127.3950439,미운영,,2005-01-29,,,2019-11-06
대전광역시,서구,하랑어린이집,가정,폐지,35376,"대전광역시 서구 관저서로 20 901동 103호 (관저동, 구봉마을9단지)",042-361-0022,042-361-0022,4,40,3,4,0,15,0,36.29437,127.33174,미운영,,2005-01-28,,,2025-03-31
대전광역시,서구,새하늘어린이집,민간,폐지,35291,대전광역시 서구 괴정로54번길 6 (괴정동),042-528-6111,042-528-7111,5,171,1,5,0,39,0,36.34040995,127.3802527,운영,,2005-01-28,,,2019-04-15
대전광역시,중구,꿈이랑 어린이집,가정,폐지,35009,대전광역시 중구 보문산로161번길 56 삼성푸른아파트 104동 104호,042-581-9823,042-581-9823,4,125,0,5,0,20,0,36.30763264,127.4013282,미운영,,2005-01-27,,,2025-06-09
대전광역시,서구,대전아이사랑어린이집,민간,정상,35319,대전광역시 서구 도솔로 214 (변동),042-526-6388,042-526-6388,7,301,2,16,13,93,56,36.32946455,127.3757917,운영,http://cafe.daum.net/beautykid,2005-01-27,,,
대전광역시,서구,초원어린이집,민간,폐지,35201,"대전광역시 서구 만년로 45 유치원동 (만년동, 초원아파트)",042-485-5814,042-385-5814,8,260,1,9,0,92,0,36.36812296,127.3783057,미운영,,2005-01-27,,,2024-03-22
대전광역시,서구,백운어린이집,민간,정상,35269,대전광역시 서구 도솔로357번길 27 (괴정동),042-532-3302,042-532-3352,5,180,1,5,6,39,12,36.33986597,127.3848599,운영,,2005-01-27,,,
대전광역시,유성구,반석아이꿈어린이집,사회복지법인,폐지,34066,대전광역시 유성구 반석서로71번길 12 (반석동),042-826-0101,042-826-0102,9,150,1,15,0,55,0,36.39435872,127.3073429,미운영,rkh20@naver.com,2005-01-27,,,2024-01-18
대전광역시,유성구,대덕대학교부속어린이집,법인·단체등,정상,34111,대전광역시 유성구 가정북로 68 대덕대학교내 (장동),042-866-0860,042-866-0862,7,219,3,24,7,75,16,36.39055501,127.3656616,미운영,,2005-01-27,,,
대전광역시,유성구,맘스마인드어린이집,민간,폐지,34210,대전광역시 유성구 학하중앙로128번길 22-10 (학하동),042-826-0248,042-826-5631,5,213,0,7,0,38,0,36.34046616362622,127.30535562805278,미운영,www.moms-mind.com,2005-01-27,,,2026-03-11
대전광역시,동구,예쁜천사어린이집,민간,폐지,34590,대전광역시 동구 우암로171번길 64 (성남동),042-621-7942,042-621-7942,3,113,0,0,0,28,0,36.34441523,127.4346294,운영,,2005-01-26,,,2015-05-29
대전광역시,중구,한숲어린이집,가정,폐지,35038,대전광역시 중구 대종로 144-1 호동,042-271-3740,042-271-3740,4,64,0,4,0,16,0,36.30490181,127.4497128,운영,,2005-01-26,,,2019-03-14
대전광역시,동구,가양세종어린이집,민간,폐지,34530,대전광역시 동구 흥룡로65번길 17 (가양동),042-634-4321,042-625-4321,4,257,0,5,0,49,0,36.35060372,127.4496098,운영,,2005-01-24,,,2016-05-31
대전광역시,중구,몽당연필 어린이집,민간,폐지,35036,대전광역시 중구 대종로224번안길 32 (석교동),042-271-6027,042-286-2046,4,164,0,0,0,39,0,36.30898521,127.4444138,운영,,2005-01-24,,,2015-08-06
대전광역시,서구,한아름어린이집,가정,폐지,35346,"대전광역시 서구 배재로 155-7 102동 103호 (도마동, 경남아파트2단지)",042-538-7651,042-528-7651,3,55,0,4,0,20,0,36.32171788,127.3691823,미운영,,2005-01-21,,,2020-03-30
대전광역시,유성구,아이꿈터어린이집,민간,폐지,34116,대전광역시 유성구 신성남로 105 (신성동),042-864-0577,042-867-0578,4,119,0,5,0,35,0,36.39008939445528,127.35216229833342,운영,,2005-01-21,,,2023-03-16
대전광역시,유성구,아이누리어린이집,가정,폐지,34067,"대전광역시 유성구 반석서로 109 705동 106호(반석동, 반석마을7단지아파트)",042-824-5673,--,4,85,0,4,0,19,0,36.38572484,127.2968418,운영,,2005-01-21,,,2016-09-30
대전광역시,서구,꿈을 키우는 어린이집,민간,폐지,302817,대전 서구 내동 33-24 ,042-534-8115,--,3,100,0,0,0,32,0,,,,,2005-01-20,,,2008-02-29
대전광역시,서구,비비창의어린이집,민간,정상,35342,대전광역시 서구 변동서로12번길 52 (변동),042-533-7313,042-533-7615,7,181,1,16,9,56,17,36.33200157,127.3684177,운영,,2005-01-20,,,
대전광역시,서구,킨더엔젤라어린이집,민간,폐지,35342,대전광역시 서구 변동서로 7 (변동),042-535-7662,--,4,117,1,5,0,27,0,36.32969213,127.3698688,운영,,2005-01-20,,,2024-09-11
대전광역시,유성구,동그라미어린이집,가정,폐지,305761,대전 유성구 전민동 엑스포아파트 103동 109호 ,042-862-6393,--,4,85,0,0,0,18,0,,,,,2005-01-19,,,2010-07-19
대전광역시,유성구,동화속작은마을어린이집,가정,폐지,34067,"대전광역시 유성구 반석서로 109 706동 101호(반석동, 반석마을7단지아파트)",042-369-4824,042-823-4825,4,85,0,4,0,19,0,36.39598203,127.3095547,운영,,2005-01-18,,,2019-04-10
대전광역시,동구,새하얀어린이집,사회복지법인,폐지,34522,대전광역시 동구 새울로 54 (용운동),042-271-5717,042-272-6600,10,585,1,17,0,60,0,36.32324196,127.4629165,미운영,,2005-01-17,,,2021-07-01
대전광역시,중구,예꼬어린이집,가정,폐지,35010,대전광역시 중구 산성로 52 (산성동),042-585-1003,042-385-1007,3,77,0,3,0,15,0,36.30698101,127.394523,운영,http://cafe.naver.com/yehome,2005-01-14,,,2018-04-03
대전광역시,서구,도담어린이집,가정,폐지,35372,"대전광역시 서구 관저로 83 212동 101호 (관저동, 신선마을아파트)",042-362-1413,042-362-1413,3,99,0,4,0,20,0,36.3004,127.331566,운영,,2005-01-14,,,2021-03-24
대전광역시,서구,행복한어린이집,민간,폐지,35405,대전광역시 서구 오량4길 55 (복수동),042-587-2233,042-586-2235,7,275,1,10,0,97,0,36.30902808,127.3775625,미운영,,2005-01-12,,,2023-11-17
대전광역시,유성구,해처럼밝은아이어린이집,가정,폐지,34067,"대전광역시 유성구 반석서로 109 703동 103호(반석동, 반석마을7단지아파트)",042-824-2320,042-826-1305,4,85,0,4,0,20,0,36.38901111,127.320578,미운영,,2005-01-12,,,2022-04-04
대전광역시,서구,크레피아어린이집,민간,폐지,35388,대전광역시 서구 계백로 1186 (가수원동),042-545-9944,042-545-9944,6,280,1,10,0,66,0,36.30494462,127.3551363,운영,,2005-01-10,,,2019-03-27
대전광역시,서구,참빛어린이집,민간,폐지,35308,대전광역시 서구 아랫강변9길 8 (용문동),042-534-6042,--,2,108,0,4,0,23,0,36.3404607,127.3968662,운영,861324,2005-01-05,,,2019-05-28
대전광역시,동구,샘물 어린이집,민간,폐지,34632,대전광역시 동구 충무로203번길 26 (인동),042-285-5947,042-285-5947,5,112,0,6,0,32,0,36.32666927,127.4404869,운영,,2005-01-04,,,2025-04-24
대전광역시,중구,포도나무어린이집,가정,폐지,34990,"대전광역시 중구 보문산로 31 101동 104호(산성동, 한밭가든아파트)",042-584-8537,042-584-8537,4,84,0,4,0,18,0,36.30632091,127.3836882,미운영,,2005-01-04,,,2017-08-18
대전광역시,유성구,학하숲어린이집,민간,재개,34209,대전광역시 유성구 학하서로 8 (계산동),042-825-5840,042-825-5841,5,105,2,8,12,38,26,36.34076151638363,127.30403346658646,미운영,,2005-01-03,,,
대전광역시,중구,해밀어린이집,사회복지법인,정상,35011,대전광역시 중구 대둔산로420번길 83 (산성동),042-586-0020,042-586-6020,8,167,1,13,12,59,26,36.30713033,127.3914485,운영,,2004-12-31,,,
대전광역시,서구,한울어린이집,민간,폐지,35311,대전광역시 서구 갈마로313번길 41-19 (가장동),042-526-5579,042-527-5553,5,92,0,7,0,34,0,36.33131336,127.3875325,운영,,2004-12-31,,,2020-03-11
대전광역시,서구,피피쿠스하바어린이집,민간,폐지,302817,대전 서구 내동 35-16 ,042-532-6770,042-532-6771,7,300,1,0,0,86,0,,,,,2004-12-31,,,2011-03-09
대전광역시,동구,우주어린이집,가정,폐지,34636,"대전광역시 동구 대전로 646 106동 102호(효동, 현대아파트)",042-285-3366,042-282-8008,4,99,0,4,0,20,0,36.31797369,127.440803,미운영,,2004-12-30,,,2021-02-10
대전광역시,서구,기쁨나라어린이집,가정,폐지,35205,"대전광역시 서구 청사로 253 203동 105호 (둔산동, 꿈나무아파트)",042-471-7279,042-471-7279,3,102,0,0,0,20,0,36.36023,127.391945,미운영,,2004-12-30,,,2015-07-14
대전광역시,서구,예지어린이집,가정,정상,35314,"대전광역시 서구 갈마로 262 106동 104호 (내동, 맑은아침아파트)",042-525-1006,042-525-1006,3,105,0,4,4,20,3,36.33102090556919,127.38367240963292,미운영,rkr7956@hanmail.net,2004-12-30,,,
대전광역시,서구,자람터어린이집,가정,정상,35374,"대전광역시 서구 관저로 48 705동 108호 (관저동, 구봉마을7단지)",042-544-2435,042-544-2435,3,59,0,5,7,18,12,36.297335215596846,127.32730169140954,미운영,,2004-12-30,,,
대전광역시,동구,그린나래어린이집,민간,폐지,34596,대전광역시 동구 동대전로 243 (가양동),042-636-2234,042-638-2234,4,110,1,7,0,37,0,36.34298322,127.4473618,운영,,2004-12-29,,,2021-08-12
대전광역시,동구,초록나무어린이집,민간,폐지,300822,대전 동구 용운동 496-7 ,042-273-0307,--,5,500,0,0,0,31,0,,,,,2004-12-29,,,2009-10-06
대전광역시,동구,초록나무 어린이집,민간,폐지,34658,대전광역시 동구 산수1길 16 (용운동),042-273-0307,--,6,154,0,6,0,31,0,36.32685847,127.4488145,운영,choimg2000@naver.com,2004-12-29,,,2018-07-10
대전광역시,서구,아이미래어린이집,민간,폐지,35270,대전광역시 서구 계룡로394번길 9 (갈마동),042-531-2494,042-535-3450,4,108,2,6,0,32,0,36.35066329,127.37143,운영,,2004-12-27,,,2020-03-12
대전광역시,서구,햇살가득어린이집,가정,폐지,35356,"대전광역시 서구 도안동로 123 1704동 101호 (도안동, 도안리슈빌아파트)",042-543-0698,042-543-0698,3,102,0,4,0,20,0,36.316466864048714,127.34602700529807,미운영,,2004-12-27,,,2019-03-19
대전광역시,유성구,샘뜰어린이집,가정,폐지,34119,"대전광역시 유성구 가정로 63 107동 107호(신성동, 럭키하나아파트)",042-863-5755,042-863-5755,4,85,0,0,0,19,0,36.3856816,127.3493285,미운영,,2004-12-27,,,2018-03-06
대전광역시,유성구,푸른영재어린이집,가정,폐지,34053,"대전광역시 유성구 전민로 71 105동 102호(전민동, 삼성푸른아파트)",042-369-3638,--,4,84,0,0,1,19,0,36.39902586,127.398793,미운영,,2004-12-27,,,2019-09-10
대전광역시,서구,예쁜꿈어린이집,가정,폐지,35379,"대전광역시 서구 관저동로90번길 47 1112동 101호 (관저동, 느리울마을아파트11단지)",042-545-5887,042-367-3888,3,102,0,4,0,20,0,36.30106559,127.3316584,미운영,,2004-12-24,,,2020-04-29
대전광역시,동구,꿈쟁이어린이집,가정,폐지,34677,"대전광역시 동구 옥천로180번길 23 202동 105호(판암동, 주공아파트2단지)",042-283-5256,070-4404-5256,4,54,0,4,0,19,0,36.31717069,127.4630194,미운영,sjh7402j@hanmail.net,2004-12-22,,,2019-12-18
대전광역시,중구,비타민어린이집,민간,정상,34985,대전광역시 중구 계백로1584번길 101 (유천동),042-581-7934,042-581-7935,8,398,1,12,16,80,41,36.31354501,127.397774,운영,네이버까페- 멋진비타민어린이집,2004-12-17,,,
대전광역시,동구,예그랑어린이집,가정,정상,34583,"대전광역시 동구 계족로368번길 11 207동 101호(성남동, 효촌마을아파트)",042-624-2535,042-624-2535,4,62,0,5,6,18,6,36.34550502,127.4346683,운영,,2004-12-16,,,
대전광역시,중구,해오름어린이집,가정,폐지,34895,"대전광역시 중구 평촌로 111 105동 102호(태평동, 태평아파트)",042-537-8868,042-537-8868,4,84,0,5,0,20,0,36.32390155,127.3992636,미운영,oneponec@nate.com,2004-12-15,,,2022-03-01
대전광역시,중구,바로본어린이집,가정,폐지,35018,"대전광역시 중구 서문로 32 112동 101호(문화동, 한밭우성아파트)",042-582-2625,042-582-2625,4,84,0,0,0,20,0,36.31136747,127.4093095,운영,,2004-12-15,,,2016-11-30
대전광역시,유성구,엄마랑아이랑어린이집,가정,폐지,34080,대전광역시 유성구 노은서로 222 104동103호 열매마을 1단지,042-826-1100,042-826-1100,4,85,0,4,0,17,0,36.37960737390964,127.31728612498078,운영,,2004-12-15,,,2017-11-15
대전광역시,유성구,아기별어린이집,가정,폐지,34118,"대전광역시 유성구 가정로 43 103동 102호(신성동, 한울아파트)",042-864-3004,042-864-3004,3,85,0,4,0,18,0,36.385228253538045,127.34700572040704,운영,,2004-12-15,,,2024-07-17
대전광역시,유성구,꽃뜨락어린이집,가정,폐지,34155,대전광역시 유성구 덕명로71번길 12 (덕명동),042-822-5338,--,4,106,0,5,0,18,0,36.357992698381174,127.30659170057177,운영,,2004-12-15,,,2025-04-15
대전광역시,서구,고은별어린이집,가정,폐지,35218,"대전광역시 서구 청사로 70 111동 106호 (월평동, 누리아파트)",042-369-0555,--,4,148,0,4,0,19,0,36.35889126,127.3713594,미운영,,2004-12-02,,,2019-03-28
대전광역시,서구,꿈소담어린이집,가정,정상,35215,"대전광역시 서구 청사서로 41 101동 101호 (월평동, 백합아파트)",042-365-5308,--,3,105,0,4,6,20,6,36.361365360052964,127.37642474193723,미운영,,2004-12-02,,,
대전광역시,중구,불도어린이집,민간,폐지,35070,대전광역시 중구 모암로42번길 21 (호동),042-272-7732,042-283-5654,4,79,1,6,0,30,0,36.30053032,127.4463064,운영,,2004-12-01,,,2019-03-18
대전광역시,동구,이레어린이집,가정,폐지,34701,"대전광역시 동구 산내로 1375 108동 102호(낭월동, 오투그란데아파트)",042-272-4211,042-272-4211,4,85,0,4,0,20,0,36.28539384,127.4647355,미운영,,2004-11-26,,,2025-08-27
대전광역시,중구,다원어린이집,가정,정상,34885,대전광역시 중구 태평로 55 삼부아파트 412동 13호,042-524-4111,042-524-4111,4,160,0,5,9,20,19,36.32225077,127.392016,운영,,2004-11-22,,,
대전광역시,중구,해피키즈어린이집,가정,폐지,34895,"대전광역시 중구 평촌로 111 103동 103호(태평동, 태평아파트)",042-522-7266,--,4,84,0,4,0,19,0,36.32390155,127.3992636,미운영,,2004-11-05,,,2020-03-06
대전광역시,동구,큰별어린이집,가정,정상,34526,"대전광역시 동구 대학로50번길 53 104동 103호(용운동, 한화꿈에그린)",042-283-3778,042-283-3778,4,71,2,4,5,20,7,36.33146273,127.4570357,운영,,2004-11-02,,,
대전광역시,서구,사랑빛어린이집,가정,폐지,35225,대전광역시 서구 월평중로13번길 60 (월평동),042-486-7903,042-487-7904,3,95,0,0,0,20,0,36.35580559,127.3605242,미운영,,2004-11-02,,,2013-12-31
대전광역시,서구,초록별어린이집,가정,폐지,35386,"대전광역시 서구 가수원로 72 107동 108호 (가수원동, 은아아파트1단지)",042-543-9981,--,4,51,0,4,0,16,0,36.302329144960666,127.3521904112978,운영,초록별어린이들,2004-11-01,,,2020-03-17
대전광역시,유성구,양지마을어린이집,민간,폐지,34069,"대전광역시 유성구 반석로 46 (반석동, 반석마을4단지 관리동)",042-823-8799,--,3,73,1,4,0,26,0,36.38901111,127.320578,미운영,,2004-11-01,,,2023-06-13
대전광역시,동구,예은어린이집,민간,정상,34527,대전광역시 동구 흥룡로65번길 62 (가양2동),042-634-0420,042-623-3709,6,274,1,10,25,83,60,36.35169319,127.4474329,운영,https://blog.naver.com/dananya,2004-10-21,,,
대전광역시,유성구,수호천사어린이집,가정,정상,34067,"대전광역시 유성구 반석서로 98 606동 104호(반석동, 반석마을6단지아파트)",042-823-3866,042-823-3866,4,85,0,4,9,20,20,36.39318703622138,127.30872284325102,미운영,,2004-10-19,,,
대전광역시,유성구,꼬마별어린이집,가정,정상,34011,"대전광역시 유성구 구즉로 25 308동 101호(송강동, 송강그린아파트)",042-369-3663,042-369-3663,4,77,0,4,6,20,9,36.432846,127.3819,미운영,,2004-10-15,,,
대전광역시,서구,돌샘어린이집,민간,폐지,35399,대전광역시 서구 계백로1300번길 124 (정림동),042-582-8119,--,16,983,1,0,0,183,0,36.30309217,127.3692555,,,2004-10-11,,,2012-02-16
대전광역시,중구,밤비니어린이집,가정,정상,34888,"대전광역시 중구 태평로 35 210동 101호(태평동, 버드내마을아파트)",070-4107-7947,042-523-7435,4,58,0,4,10,20,20,36.3220587859,127.3890780345,미운영,kjyok1011@naver.com,2004-10-01,,,
대전광역시,서구,스텝하우스어린이집,가정,폐지,302777,"대전광역시 서구 문예로 174 116동 106호 (둔산동, 샘머리아파트1단지)",042-369-2610,042-369-2610,3,59,3,4,0,20,0,36.35405412,127.4022364,미운영,,2004-09-30,,,2018-04-24
대전광역시,서구,큰사랑어린이집,가정,정상,35263,"대전광역시 서구 문정로90번길 60 110동 103호 (탄방동, 한우리아파트)",042-484-9943,--,4,99,0,4,8,19,19,36.34477908,127.3882793,미운영,,2004-09-30,,,
대전광역시,유성구,하워드어린이집,민간,폐지,34227,대전광역시 유성구 진잠로140번길 57 (원내동),042-541-2733,--,7,157,0,6,0,32,0,36.30082694,127.3178063,미운영,,2004-09-16,,,2018-05-29
대전광역시,중구,늘해랑어린이집,가정,정상,34907,"대전광역시 중구 계룡로 852 4동 101호(오류동, 삼성아파트)",042-533-5847,042-533-5847,4,130,0,8,8,20,16,36.323007008855235,127.4082084859111,미운영,,2004-09-08,,,
대전광역시,서구,초록마을어린이집,가정,폐지,35411,"대전광역시 서구 유등로17번길 109 303동 101호 (복수동, 초록마을5단지아파트)",042-369-4968,--,2,69,0,0,0,12,0,36.30022765,127.379523,미운영,,2004-09-07,,,2015-03-27
대전광역시,서구,베이비캐슬어린이집,가정,폐지,35314,"대전광역시 서구 갈마로 262 122동 105호 (내동, 맑은아침아파트)",042-364-0765,042-364-0765,4,110,0,4,0,20,0,36.33294,127.3822,미운영,,2004-09-02,,,2021-08-23
대전광역시,서구,용문어린이집,국공립,정상,35300,대전광역시 서구 계룡로 626-1 (용문동),042-537-0614,042-537-0617,6,262,0,16,17,20,20,36.33916717,127.3913064,운영,,2004-09-01,,,
대전광역시,유성구,드리움영재어린이집,가정,폐지,34219,"대전광역시 유성구 대정로28번길 50 103동 105호(대정동, 드리움1단지아파트)",042-545-7942,042-544-7943,3,85,0,3,0,19,0,36.31589984,127.3319316,미운영,http://cafe.daum.net/01083346337,2004-08-30,,,2023-08-08
대전광역시,서구,쎄쎄쎄어린이집,가정,폐지,35314,"대전광역시 서구 갈마로 262 110동 103호 (내동, 맑은아침아파트)",042-527-0805,--,3,99,0,4,0,15,0,36.33294,127.3822,운영,,2004-08-27,,,2022-04-11
대전광역시,유성구,드리움어린이집,민간,정상,34219,"대전광역시 유성구 대정로28번길 50 (대정동, 드리움1단지 아파트내)",042-542-1237,042-542-1237,3,122,0,3,7,32,12,36.3139687,127.3225226,미운영,,2004-08-27,,,
대전광역시,서구,배꼽어린이집,가정,정상,35314,"대전광역시 서구 갈마로 262 102동 106호 (내동, 맑은아침아파트)",042-524-4502,042-524-4502,3,54,0,4,8,20,20,36.33180700125282,127.38232303255035,미운영,http://cafe.naver.com/yekkumbebe,2004-08-25,,,
대전광역시,서구,그림동화어린이집,가정,폐지,35314,"대전광역시 서구 갈마로 262 114동 103호 (내동, 맑은아침아파트)",042-382-8623,--,4,107,0,4,0,19,0,36.33218065454289,127.38242788255381,운영,,2004-08-25,,,2021-04-07
대전광역시,서구,소망어린이집,사회복지법인,정상,35326,대전광역시 서구 동서대로1030번길 5-4 (내동),042-533-1303,042-533-1302,9,211,1,15,13,59,26,36.33107652,127.3758958,운영,,2004-08-20,,,
대전광역시,유성구,안심어린이집,가정,폐지,34232,"대전광역시 유성구 진잠로42번길 88 205동 105호(원내동, 진잠타운아파트)",042-368-7977,--,4,85,0,0,0,13,0,36.2971143,127.3210618,미운영,,2004-08-12,,,2015-03-09
대전광역시,서구,민들레와강아지똥어린이집,가정,정상,35379,"대전광역시 서구 관저동로90번길 47 1111동 104호 (관저동, 느리울마을아파트11단지)",042-365-4700,--,4,109,0,4,9,20,19,36.30102974,127.3438985,운영,,2004-08-05,,,
대전광역시,서구,고은어린이집,가정,폐지,35314,"대전광역시 서구 갈마로 262 112동 102호 (내동, 맑은아침아파트)",042-533-8243,--,3,99,0,4,0,20,0,36.33224116,127.3773234,미운영,,2004-07-29,,,2022-11-03
대전광역시,서구,또래모아어린이집,가정,폐지,35314,"대전광역시 서구 갈마로 262 122동 106호 (내동, 맑은아침아파트)",042-535-0287,--,4,110,0,4,0,20,0,36.33294,127.3822,미운영,,2004-07-29,,,2026-03-27
대전광역시,서구,은비까비어린이집,민간,폐지,35331,대전광역시 서구 도마11길 19 (도마동),042-535-8348,042-535-8348,8,542,2,13,0,94,0,36.31807139,127.3835122,미운영,,2004-07-27,,,2025-10-21
대전광역시,동구,단비어린이집,가정,폐지,34680,대전광역시 동구 대전로448번길 85-22 (가오동),042-273-4020,042-634-3875,3,68,0,3,0,20,0,36.30915629,127.4557439,운영,,2004-07-20,,,2023-11-07
대전광역시,서구,맑은아침어린이집,가정,폐지,35314,"대전광역시 서구 갈마로 262 106동 101호 (내동, 맑은아침아파트)",042-524-7940,--,4,110,0,4,0,20,0,36.33294,127.3822,운영,,2004-07-09,,,2021-03-22
대전광역시,서구,아기천사어린이집,가정,폐지,35314,"대전광역시 서구 갈마로 262 113동 106호 (내동, 맑은아침아파트)",042-523-1615,--,3,110,0,4,0,19,0,36.33165783149937,127.3810609606211,미운영,,2004-07-09,,,2020-03-16
대전광역시,서구,사랑어린이집,가정,폐지,35386,"대전광역시 서구 가수원로 98 3동 101호 (가수원동, 계룡아파트)",042-542-4908,042-542-4908,4,105,0,4,0,20,0,36.30357092165131,127.35105952185417,운영,,2004-07-07,,,2020-09-29
대전광역시,서구,느리울키즈어린이집,민간,정상,35379,"대전광역시 서구 관저동로90번길 47 (관저동, 느리울마을아파트11단지)",042-545-4542,042-545-4542,4,79,0,4,5,29,3,36.30102974,127.3438985,미운영,money2382.naver.com,2004-07-01,,,
대전광역시,서구,아이미소어린이집,가정,폐지,35397,"대전광역시 서구 정림로 55 106동 103호(정림동,우성아파트)",042-581-6988,042-586-6988,4,101,1,5,0,20,0,36.30364586,127.3703422,운영,http://cafa.naver.com/kid1009,2004-06-27,,,2021-07-09
대전광역시,유성구,디딤돌영재어린이집,민간,폐지,34230,대전광역시 유성구 진잠로62번길 39 1층,042-123-4567,--,0,0,0,0,0,35,0,,,,,2004-06-22,,,2006-10-31
대전광역시,유성구,딩동댕어린이집,가정,폐지,34011,"대전광역시 유성구 구즉로 25 303동 105호(송강동, 송강그린아파트)",042-936-9410,--,4,85,0,0,0,19,0,36.432846,127.3819,미운영,,2004-06-08,,,2016-02-19
대전광역시,서구,관저어린이집,국공립,정상,35371,대전광역시 서구 구봉로 13 (관저동),070-8765-9640,042-544-6815,7,247,2,11,26,84,77,36.29821665,127.3253821,미운영,https://gwanjeo.kidsnote.ac,2004-06-01,,,
대전광역시,대덕구,대전광역시동부여성가족원어린이집,국공립,정상,34396,대전광역시 대덕구 선비마을로 260 (법동),042-624-3636,042-624-3635,5,156,2,10,14,40,22,36.37500718,127.4284033,미운영,,2004-05-19,,,
대전광역시,중구,미소어린이집,민간,정상,34814,대전광역시 중구 목중로20번길 29 (중촌동),042-242-5959,042-242-5959,9,310,1,13,12,114,27,36.33680822,127.4126642,운영,,2004-05-15,,,
대전광역시,서구,천사어린이집,민간,폐지,35415,대전광역시 서구 유등로 61 (복수동),042-581-1532,--,4,223,0,4,0,31,0,36.29860386,127.3816624,운영,,2004-05-15,,,2018-03-08
대전광역시,중구,어깨동무어린이집,민간,폐지,34960,대전광역시 중구 계백로1660번길 56-1 ,042-584-4732,042-584-4733,4,210,0,6,0,30,0,36.31756276,127.404787,운영,,2004-05-12,,,2024-07-26
대전광역시,중구,리틀신마어린이집,가정,폐지,34961,"대전광역시 중구 서문로 95 106동 104호(문화동, 센트럴파크1단지아파트)",042-531-5783,042-531-5783,4,101,0,0,0,20,0,36.31630155,127.4067098,미운영,,2004-05-07,,,2016-07-08
대전광역시,서구,한결어린이집,가정,폐지,35373,"대전광역시 서구 관저로 84 805동 106호 (관저동, 구봉마을8단지)",042-362-7500,--,3,40,1,4,0,15,0,36.297413,127.33013,미운영,star9550@naver.com,2004-04-30,,,2023-04-21
대전광역시,서구,하나더어린이집,가정,폐지,35249,"대전광역시 서구 둔산남로 127 304동 105호(둔산동, 목련아파트)",042-482-8753,042-488-3801,3,122,0,0,0,20,0,36.35254432,127.386017,미운영,,2004-04-30,,,2013-10-08
대전광역시,서구,방미어린이집,가정,폐지,35303,"대전광역시 서구 용문로 89-8 1동 104호(용문동, 대운하이츠)",070-8791-8925,--,3,115,0,0,1,15,0,36.33603956,127.3928445,운영,,2004-04-28,,,2015-02-17
대전광역시,서구,칭찬나라어린이집,민간,폐지,35296,대전광역시 서구 도솔로328번길 91 (가장동),042-537-3377,042-525-1999,6,215,1,7,0,49,0,36.33474963,127.3871469,운영,,2004-04-27,,,2019-03-27
대전광역시,중구,하늘숲어린이집,민간,폐지,35046,대전광역시 중구 보문로103번길 44 (부사동),042-253-0153,042-255-1530,5,118,0,7,0,39,0,36.31281244,127.4312964,미운영,,2004-04-12,,,2023-03-31
대전광역시,서구,샬롬어린이집,가정,정상,35263,"대전광역시 서구 문정로90번길 60 109동 104호 (탄방동, 한우리아파트)",042-482-6622,--,4,54,0,4,8,20,14,36.34477908,127.3882793,운영,,2004-04-10,,,
대전광역시,서구,강낭콩어린이집,가정,폐지,35386,"대전광역시 서구 가수원로 106 301동 106호 (가수원동, 은아아파트3단지)",042-544-8335,042-544-8335,3,102,0,4,0,18,0,36.3037436542,127.3504688167,운영,,2004-03-30,,,2024-03-26
대전광역시,서구,키즈꿈어린이집,가정,폐지,35206,"대전광역시 서구 청사로 282 10동 102호 (둔산동, 수정타운아파트)",042-484-5600,042-484-5600,3,102,0,0,0,19,0,36.35911,127.39879,미운영,,2004-03-30,,,2016-01-25
대전광역시,서구,예람어린이집,가정,폐지,35245,"대전광역시 서구 둔산로 201 201동 109호 (둔산동, 국화아파트)",042-489-1889,--,4,101,0,0,0,19,0,36.35123849,127.3950439,미운영,,2004-03-30,,,2015-08-10
대전광역시,동구,올리브트리어린이집,민간,폐지,34678,대전광역시 동구 판암로62번길 62 (판암동),042-272-1157,042-273-1157,10,513,1,12,0,131,0,36.31629259,127.464364,미운영,,2004-03-26,,,2025-12-05
대전광역시,중구,아해뜰어린이집,가정,폐지,34962,"대전광역시 중구 서문로 96 203동 103호(문화동, 센트럴파크2단지아파트)",042-223-0396,042-223-0395,4,123,0,0,0,20,0,36.31712896,127.4096335,미운영,,2004-03-26,,,2016-06-08
대전광역시,중구,하늘빛어린이집,가정,폐지,34849,"대전광역시 중구 동서대로 1388 106동 102호(목동, 금호한사랑아파트)",042-223-7942,042-223-7942,4,97,0,4,0,20,0,36.33154468,127.4126124,운영,,2004-03-24,,,2025-08-20
대전광역시,유성구,성화어린이집,사회복지법인,정상,34165,대전광역시 유성구 유성대로783번길 55 (장대동),042-825-1622,042-825-1624,6,135,2,29,8,49,13,36.36396599,127.3348739,미운영,http://cafe.daum.net/swhakid,2004-03-22,,,
대전광역시,중구,꿈사랑어린이집,사회복지법인,폐지,35020,대전광역시 중구 보문산로333번길 29 ,042-586-3004,042-586-7806,3,201,0,7,0,21,0,36.31295989,127.4124011,미운영,www.nanume.org,2004-03-20,,,2020-07-31
대전광역시,서구,대전어린이집,가정,폐지,302845,대전 서구 용문동 261-24 ,042-526-1879,--,0,10,0,0,0,20,0,,,,,2004-03-13,,,2009-11-06
대전광역시,유성구,재밌는어린이집,민간,폐지,34227,대전광역시 유성구 원내로39번길 59 (원내동),042-543-1006,042-543-1006,6,271,3,12,0,93,0,36.30237999,127.3203737,운영,,2004-03-12,,,2023-06-14
대전광역시,유성구,크레용어린이집,가정,정상,34010,"대전광역시 유성구 구즉로 16 112동 105호(송강동, 한마을아파트)",042-369-0105,--,3,65,0,4,6,20,12,36.44042234,127.3837918,미운영,,2004-03-12,,,
대전광역시,유성구,작은별어린이집,민간,정상,34231,"대전광역시 유성구 진잠로42번길 30 (원내동, 한아름아파트 관리동)",042-542-9911,--,3,172,1,4,7,35,14,36.29979999,127.316468,운영,https://blog.naver.com/backstar0066,2004-03-10,,,
대전광역시,대덕구,숲속오후어린이집,가정,폐지,34398,"대전광역시 대덕구 동춘당로 178 104동 102호(법동, 보람아파트)",042-625-4775,--,5,60,0,4,0,20,0,36.369034,127.430244,운영,,2004-03-08,,,2024-03-27
대전광역시,서구,나무와숲어린이집,민간,폐지,35335,대전광역시 서구 제비네6길 70 (도마동),042-523-7089,042-535-4744,9,385,0,9,0,39,0,36.3146663,127.3767003,미운영,,2004-03-02,,,2020-04-01
대전광역시,서구,개구쟁이어린이집,가정,폐지,35376,"대전광역시 서구 관저서로 20 910동 104호 (관저동, 구봉마을9단지)",042-545-9129,042-545-9129,3,79,0,4,0,15,0,36.29463695,127.3318123,미운영,,2004-03-02,,,2017-03-13
대전광역시,서구,맑은샘어린이집,가정,정상,35207,"대전광역시 서구 청사로 254 109동 108호 (둔산동, 둥지아파트)",042-384-3850,--,4,102,0,4,6,20,18,36.35842856067544,127.39180369529451,미운영,,2004-03-02,,,
대전광역시,서구,꼬마숲나라어린이집,가정,폐지,35205,"대전광역시 서구 청사로 253 202동 101호 (둔산동, 꿈나무아파트)",042-352-3737,042-352-3737,4,102,0,4,0,16,0,36.36023,127.391945,미운영,,2004-03-02,,,2019-06-25
대전광역시,동구,혜강어린이집,가정,폐지,34541,대전광역시 동구 계족로489번길 34-4 (용전동),042-625-9965,042-625-9965,3,79,0,6,0,20,0,36.35590436,127.4310321,운영,souk5432@nate.com,2004-02-27,,,2024-03-04
대전광역시,동구,참좋은어린이집,민간,폐지,34632,대전광역시 동구 충무로203번길 26 (인동),042-272-8825,--,4,204,1,6,0,39,0,36.32298272,127.4380865,운영,http://ckawhgdms.vgk.co.kr,2004-02-26,,,2018-12-24
대전광역시,동구,예꼬어린이집,민간,폐지,34512,대전광역시 동구 동대전로218번길 12-1 (자양동),042-636-6005,042-636-6005,4,203,0,5,0,30,0,36.34142591,127.4495217,운영,,2004-02-19,,,2016-11-07
대전광역시,동구,파파스어린이집,민간,폐지,34510,대전광역시 동구 동대전로248번길 106 (가양동),042-626-3810,042-626-3810,4,110,0,4,0,23,0,36.34574867,127.452545,운영,,2004-02-19,,,2017-06-08
대전광역시,서구,래미안어린이집,민간,정상,35297,"대전광역시 서구 가장로 106 관리동 1층 (가장동, 삼성래미안아파트)",042-538-8404,042-538-8404,4,128,0,5,5,27,10,36.33370312,127.3843091,미운영,https://cafe.naver.com/remiankinder,2004-02-18,,,
대전광역시,서구,소야어린이집,사회복지법인,정상,35415,대전광역시 서구 유등로43번길 6-13 (복수동),042-584-2662,042-584-2664,9,295,2,16,19,79,47,36.29796673,127.3809761,운영,http://cafe.daum.net/soya040211,2004-02-11,,,
대전광역시,서구,깨비나라어린이집,가정,폐지,35275,대전광역시 서구 계룡로342번길 22-7 (갈마동),042-524-8571,042-524-8571,5,96,0,5,0,20,0,36.35284673,127.3662595,미운영,,2004-02-09,,,2022-09-02
대전광역시,중구,둥근별어린이집,민간,폐지,34991,대전광역시 중구 문화로126번길 7 (문화동),042-586-7020,042-586-7021,6,340,1,11,0,49,0,36.3123956,127.4000412,운영,,2004-02-06,,,2022-04-11
대전광역시,중구,아림어린이집,가정,정상,34990,"대전광역시 중구 보문산로 31 103동 108호(산성동, 한밭가든아파트)",042-345-6786,--,4,84,0,4,9,20,14,36.306151140689394,127.38490611550466,운영,,2004-02-03,,,
대전광역시,서구,은아영재어린이집,민간,정상,35393,대전광역시 서구 정림로77번길 51 (정림동),042-541-3637,042-541-0222,8,378,2,15,1,80,0,36.30602157,127.3630298,미운영,http://acekid.net/Danche2/Intro.asp?DancheIdx=32267,2004-02-01,,,
대전광역시,중구,유천딩동댕어린이집,민간,폐지,34900,대전광역시 중구 유천로86번길 22-2 (유천동),042-533-0992,--,4,145,1,6,0,45,0,36.32030822,127.3981786,운영,,2004-01-28,,,2019-12-10
대전광역시,중구,나클래어린이집,가정,폐지,34818,"대전광역시 중구 목동로 37 115동 106호(목동, 목양마을대아아이투빌아파트)",042-341-7707,042-341-7707,4,84,0,4,0,20,0,36.33457205,127.4056991,미운영,,2004-01-28,,,2026-03-13
대전광역시,서구,미키미니어린이집,가정,폐지,35386,"대전광역시 서구 가수원로 72 104동 103호 (가수원동, 은아아파트1단지)",042-542-3575,042-542-3575,3,102,0,4,0,19,0,36.30409906,127.3507707,운영,ssnta27@hanmail.net,2004-01-20,,,2025-11-01
대전광역시,서구,해피맘어린이집,가정,휴지,35201,"대전광역시 서구 만년로 45 101동 108호 (만년동, 초원아파트)",042-352-5644,--,3,55,0,4,0,14,0,36.36812296,127.3783057,미운영,,2004-01-19,2026-03-27,2027-03-26,
대전광역시,중구,파랑새어린이집,민간,폐지,34973,대전광역시 중구 계백로1584번길 35 (유천동),042-584-9656,042-584-9657,6,218,1,10,0,70,0,36.31643618,127.3968709,운영,,2004-01-05,,,2021-03-12
대전광역시,대덕구,대덕종합사회복지관어린이집,국공립,폐지,34331,대전광역시 대덕구 덕암로234번길 44 (덕암동),042-936-5333,042-931-5334,5,173,1,11,0,57,0,36.44015299,127.4268775,운영,ciub.catolic.or.kr.caritas,2004-01-01,,,2022-11-01
대전광역시,유성구,원내어린이집,민간,폐지,34230,대전광역시 유성구 진잠로70번길 11 (원내동),042-545-1783,042-545-1783,4,121,0,4,0,31,0,36.29810163,127.3168703,운영,hyyp://cafe.naver.com/5451783,2003-12-24,,,2019-03-12
대전광역시,유성구,새콤달콤어린이집,가정,정상,34231,"대전광역시 유성구 진잠로42번길 30 101동 106호(원내동, 한아름아파트)",042-545-9414,042-545-9414,4,85,0,5,6,20,12,36.29457803406653,127.31778307406866,운영,,2003-12-24,,,
대전광역시,중구,하바패밀리키즈어린이집,가정,폐지,34890,"대전광역시 중구 태평로 15 117동 102호(태평동, 버드내마을1단지아파트)",042-525-5730,042-525-5730,4,130,0,0,0,20,0,36.31802,127.39134,미운영,,2003-12-15,,,2018-07-18
대전광역시,중구,아이사랑어린이집,가정,폐지,34818,"대전광역시 중구 목동로 37 108동 105호(목동, 목양마을아파트)",042-335-7506,--,1,84,0,4,0,18,0,36.33457205,127.4056991,미운영,,2003-12-15,,,2017-06-30
대전광역시,동구,열매어린이집,민간,폐지,34565,대전광역시 동구 대전천북로 136 (삼성동),042-637-2233,042-637-2277,5,133,0,9,0,45,0,36.34119565,127.4150854,운영,www.kid1004.or.kr,2003-12-12,,,2022-12-31
대전광역시,중구,선화어린이집,민간,폐지,34848,대전광역시 중구 동서대로1404번길 62 (선화동),042-226-1134,042-226-1179,4,113,1,0,0,27,0,36.33176959,127.4147348,운영,,2003-12-06,,,2018-04-30
대전광역시,유성구,맑은내어린이집,민간,폐지,34167,대전광역시 유성구 문화원로38번길 13 (궁동),042-822-8026,--,4,235,2,4,0,39,0,36.35974694,127.3401758,운영,,2003-11-27,,,2022-03-28
대전광역시,중구,어깨동무어린이집,민간,재개,34811,대전광역시 중구 목동로76번길 56 중촌동,042-331-5454,--,4,164,0,9,16,24,24,36.33778908,127.4081588,운영,,2003-11-18,,,
대전광역시,서구,시우어린이집,민간,폐지,35292,대전광역시 서구 괴정로 98 (괴정동),042-527-3868,--,6,121,0,6,0,39,0,36.33780839,127.3791003,미운영,,2003-11-13,,,2020-05-18
대전광역시,유성구,대덕밸리어린이집,민간,폐지,34053,"대전광역시 유성구 전민로 71 (전민동, 삼성푸른아파트)",042-862-6677,042-862-6655,7,281,1,10,0,87,0,36.39902586,127.398793,미운영,,2003-11-03,,,2026-02-27
대전광역시,중구,목양어린이집,가정,정상,34818,"대전광역시 중구 목동로 37 110동 101호(목동, 목양마을대아아이투빌아파트)",042-222-7486,042-222-7486,4,135,0,5,9,20,17,36.33457205,127.4056991,미운영,,2003-10-28,,,
대전광역시,중구,딩동댕어린이집,가정,폐지,34818,"대전광역시 중구 목동로 37 116동 101호(목동, 목양마을대아아이투빌아파트)",042-345-3878,042-345-3878,4,84,0,5,0,20,0,36.33457205,127.4056991,미운영,,2003-10-20,,,2021-02-26
대전광역시,중구,도담도담어린이집,가정,폐지,34818,"대전광역시 중구 목동로 37 107동 104호(목동, 목양마을대아아이투빌아파트)",042-345-3840,042-345-3840,4,58,0,4,0,19,0,36.33457205,127.4056991,미운영,,2003-10-16,,,2023-02-28
대전광역시,중구,해바라기어린이집,민간,재개,34818,대전광역시 중구 목동로 37 해바라기어린이집,042-226-4242,--,4,243,0,6,1,49,0,36.33457205,127.4056991,운영,,2003-10-14,,,
대전광역시,서구,해바라기어린이집,가정,폐지,35265,"대전광역시 서구 대덕대로 150 116동 102호 (갈마동, 큰마을아파트)",042-535-1658,--,4,102,0,0,0,20,0,36.34507,127.37692,미운영,,2003-10-13,,,2016-03-28
대전광역시,유성구,새봄어린이집,가정,폐지,34011,"대전광역시 유성구 구즉로 25 308동 104호(송강동, 송강그린아파트)",042-935-5278,--,3,84,2,4,0,19,0,36.432846,127.3819,미운영,,2003-10-04,,,2023-03-24
대전광역시,중구,단비 어린이집,민간,폐지,301805,대전 중구 대흥동 370-20 ,042-253-2733,--,4,123,0,0,0,29,0,,,,,2003-09-23,,,2010-11-23
대전광역시,중구,까꿍어린이집,민간,폐지,35008,대전광역시 중구 보문산로171번길 30-9 ,042-582-8382,042-582-8385,9,291,0,13,0,49,0,36.30728884,127.3996271,운영,,2003-09-19,,,2021-02-26
대전광역시,동구,동화몬테소리어린이집,가정,폐지,34583,"대전광역시 동구 계족로368번길 11 205동 104호(성남동, 효촌마을아파트)",042-331-5252,--,4,105,0,0,0,19,0,36.34550502,127.4346683,운영,smddls25@hamail.net,2003-09-17,,,2015-09-18
대전광역시,서구,반지어린이집,민간,폐지,35231,대전광역시 서구 계룡로 379-25 (갈마동),042-487-3443,042-487-3443,6,270,1,10,0,34,0,36.35313405,127.3713445,운영,,2003-09-01,,,2021-02-28
대전광역시,동구,에디슨어린이집,가정,폐지,34583,"대전광역시 동구 계족로368번길 11 203동 101호(성남동, 효촌마을아파트)",042-347-7788,042-331-7900,4,85,0,4,0,20,0,36.34550502,127.4346683,미운영,club.cyworld.com/edison7788,2003-08-27,,,2017-03-17
대전광역시,동구,꿈꾸는 어린이집,가정,폐지,34583,"대전광역시 동구 계족로368번길 11 210동 101호(성남동, 효촌마을아파트)",042-621-1711,042-621-1711,3,85,0,5,0,14,0,36.34550502,127.4346683,미운영,,2003-08-14,,,2018-04-30
대전광역시,유성구,아이세상어린이집,민간,폐지,34107,대전광역시 유성구 신성로61번안길 52 (신성동),042-862-4415,--,3,131,0,0,0,24,0,36.39153595,127.3498114,운영,,2003-08-07,,,2018-03-09
대전광역시,서구,사과나무어린이집,민간,폐지,35301,대전광역시 서구 괴정로149번길 47 (용문동),042-527-8004,042-527-8004,7,173,1,14,0,62,0,36.33700638,127.3899698,운영,,2003-08-02,,,2022-06-09
대전광역시,동구,한사랑어린이집,민간,폐지,34535,대전광역시 동구 우암로311번길 24 (가양동),042-635-8415,042-637-8415,4,68,0,7,0,21,0,36.34838303,127.4494093,운영,,2003-07-04,,,2026-03-31
대전광역시,동구,푸른숲어린이집,가정,폐지,34660,"대전광역시 동구 용운로 80 302동 102호(용운동, 용방마을아파트)",042-286-1105,042-286-1105,3,40,0,3,0,14,0,36.32648977,127.4525215,미운영,,2003-07-04,,,2021-03-24
대전광역시,서구,튼튼어린이집,가정,폐지,35234,"대전광역시 서구 둔산남로 15 109동 109호 (둔산동, 은하수아파트)",042-484-7280,042-484-7280,3,100,0,0,0,20,0,36.35433442,127.4027791,미운영,ttbaby@hanmail,2003-07-01,,,2016-06-16
대전광역시,유성구,별그린어린이집,민간,정상,34090,"대전광역시 유성구 은구비남로 56 (노은동, 열매마을9단지아파트 관리동)",042-823-0985,042-823-0985,3,128,0,5,7,30,13,36.37155574,127.3218041,미운영,bangwool9257@hanmail.net,2003-06-12,,,
대전광역시,동구,용방어린이집,민간,폐지,300821,대전 동구 용운동 460번지 ,042-286-5500,042-286-5600,0,248,0,0,0,104,0,,,,www.kidlove.kg.kr,2003-06-09,,,2010-01-08
대전광역시,유성구,W&F어린이집,민간,폐지,305810,대전 유성구 전민동 287-9 ,042-861-1999,--,0,0,0,0,0,98,0,,,,,2003-05-30,,,2008-06-30
대전광역시,중구,유천어린이집,민간,폐지,34984,대전광역시 중구 문화로105번길 39 (유천동),042-584-8866,042-584-8166,5,134,0,0,0,29,0,36.31399345,127.3966258,운영,,2003-05-22,,,2017-03-24
대전광역시,중구,비비아이 어린이집,민간,폐지,34887,대전광역시 중구 태평로26번길 63 (유천동),042-535-1446,--,4,154,0,4,0,32,0,36.32008684,127.3957413,운영,,2003-05-19,,,2017-11-10
대전광역시,서구,해바라기어린이집,가정,폐지,35397,"대전광역시 서구 정림로 55 116동 105호 (정림동, 우성아파트)",042-365-8500,042-365-8500,4,84,0,5,0,20,0,36.30489703,127.364256,운영,,2003-05-15,,,2025-03-18
대전광역시,동구,동부어린이집,민간,폐지,34574,대전광역시 동구 동서대로1730번길 13 (가양동),042-625-5665,042-625-5641,5,81,0,10,0,29,0,36.34944446,127.442169,운영,,2003-05-12,,,2026-03-31
대전광역시,동구,효촌마을어린이집,민간,폐지,34583,대전광역시 동구 계족로368번길 11 효촌마을아파트단지내어린이집 (성남동),042-627-6060,042-349-6060,4,144,0,5,0,33,0,36.34559437,127.434505,운영,,2003-05-12,,,2022-03-01
대전광역시,동구,해달별어린이집,민간,폐지,34635,"대전광역시 동구 대전로 664 (현대아파트, 인동)",042-271-5593,042-284-5593,4,86,2,5,0,29,0,36.319666,127.4399824,운영,,2003-05-12,,,2021-03-23
대전광역시,서구,푸른한양어린이집,가정,폐지,35251,"대전광역시 서구 문정로 131 4동 101호 (탄방동, 공작한양아파트)",042-364-1108,--,3,105,0,4,0,20,0,36.3478838,127.3939246,미운영,,2003-05-02,,,2021-02-28
대전광역시,서구,보라어린이집,국공립,정상,35396,대전광역시 서구 계백로1286번길 86 (정림동),042-584-4459,042-367-4459,3,101,0,13,15,20,20,36.30418184,127.3668795,운영,www.jlswc.or.kr,2003-04-30,,,
대전광역시,유성구,우리아이어린이집,가정,폐지,34010,"대전광역시 유성구 구즉로 16 114동 101호(송강동, 한마을아파트)",042-934-2347,--,4,85,0,4,0,16,0,36.42477195,127.3826453,미운영,,2003-03-19,,,2017-03-17
대전광역시,서구,대전광역시갈마하나어린이집,국공립,정상,35276,대전광역시 서구 신갈마로195번길 51 (갈마동),042-521-0835,042-521-0837,11,338,1,16,21,67,67,36.35051112,127.3649794,미운영,,2003-03-14,,,
대전광역시,서구,한우리어린이집,민간,폐지,35317,대전광역시 서구 중반3길 59 (변동),042-531-0016,--,9,236,1,0,0,75,0,36.32615554,127.3831545,운영,http://cafe.daum.net/hanwouri,2003-03-14,,,2014-11-03
대전광역시,서구,재미나어린이집,가정,정상,35398,"대전광역시 서구 정림로 11 103동 107호 (정림동, 늘푸른아파트)",042-584-7829,042-584-7829,3,79,0,4,5,15,3,36.30150472,127.3657822,미운영,,2003-03-04,,,
대전광역시,서구,하늘빛어린이집,가정,폐지,35390,대전광역시 서구 가수원중로57번길 56 (가수원동),042-541-5006,042-545-1569,4,71,0,4,0,20,0,36.29800707865241,127.35340896077498,운영,ukl408@hanmail.net,2003-03-03,,,2024-03-28
대전광역시,서구,아이조아어린이집,가정,폐지,35397,"대전광역시 서구 정림로 55 109동 103호 (정림동, 우성아파트)",042-382-2379,--,4,79,0,4,0,20,0,36.30489703,127.364256,운영,http://cafe.daum.net/3822379,2003-03-03,,,2020-06-02
대전광역시,유성구,드림월드어린이집,민간,폐지,34166,"대전광역시 유성구 문화원로 13 (장대동, 드림월드아파트 관리동)",042-331-2909,042-822-2909,4,126,0,8,0,28,0,36.36258545,127.3384748,미운영,,2003-03-03,,,2022-03-02
대전광역시,대덕구,하은가정어린이집,가정,폐지,34379,"대전광역시 대덕구 한밭대로1033번길 15 7동 103호(오정동, 신동아아파트)",042-625-7501,--,3,105,0,0,0,12,0,36.36003979,127.411966,미운영,,2003-03-03,,,2015-08-03
대전광역시,서구,키즈짱어린이집,민간,폐지,35358,"대전광역시 서구 관저북로 87 관리사무소 (관저동, 원앙마을1단지아파트)",042-545-1888,--,3,100,0,5,0,23,0,36.309538,127.3363108,미운영,,2003-03-02,,,2025-09-15
대전광역시,서구,누리어린이집,가정,정상,35218,"대전광역시 서구 청사로 70 116동 108호 (월평동, 누리아파트)",042-487-0480,--,2,99,0,3,2,18,0,36.35889126,127.3713594,미운영,http://blog.naver.com/nuri108,2003-03-01,,,
대전광역시,유성구,놀이생각어린이집,가정,폐지,34230,대전광역시 유성구 진잠로78번길 30 (원내동),042-543-8844,042-543-8844,4,75,0,4,0,20,0,36.29884872,127.3176509,운영,,2003-03-01,,,2023-03-31
대전광역시,유성구,아기천사어린이집,가정,폐지,34232,"대전광역시 유성구 진잠로42번길 88 204동 101호(원내동, 진잠타운아파트)",042-545-7150,--,3,35,0,4,0,12,0,36.2971143,127.3210618,미운영,,2003-02-27,,,2024-05-20
대전광역시,유성구,온누리어린이집,가정,폐지,34049,"대전광역시 유성구 엑스포로 448 403동 104호(전민동, 엑스포아파트)",042-861-9070,042-861-9070,4,85,0,0,0,20,0,36.40001075,127.4003752,미운영,,2003-02-26,,,2016-04-20
대전광역시,유성구,별초롱어린이집,민간,폐지,34117,대전광역시 유성구 신성로58번길 60 (신성동),042-863-8898,042-863-8893,4,75,0,6,0,24,0,36.38681362,127.3490103,운영,,2003-02-25,,,2023-06-09
대전광역시,중구,성문어린이집,민간,정상,35004,대전광역시 중구 송리로20번길 13 (문화동),042-585-7154,--,6,305,1,9,5,67,3,36.30783666,127.4022965,운영,,2003-02-21,,,
대전광역시,서구,사랑별어린이집,가정,폐지,35297,"대전광역시 서구 가장로 107 202동 101호 (가장동, 삼성래미안아파트)",042-369-3869,--,4,126,0,4,0,20,0,36.334853028312494,127.38539477961603,미운영,,2003-02-17,,,2023-12-28
대전광역시,중구,태평양 어린이집,민간,휴지,34884,대전광역시 중구 동서대로1186번길 7 (태평동),070-8777-7529,042-369-7529,7,317,1,13,0,111,0,36.32621953,127.3917724,미운영,,2003-02-14,2025-08-27,2026-08-26,
대전광역시,동구,새싹어린이집,가정,폐지,300805,대전 동구 가양1동 445-13 ,042-624-3831,--,0,0,0,0,0,16,0,,,,,2003-02-11,,,2009-05-25
대전광역시,서구,꼬마숲어린이집,가정,폐지,35251,"대전광역시 서구 문정로 131 9동 106호 (탄방동, 공작한양아파트)",042-483-6788,--,3,102,0,4,0,20,0,36.3478838,127.3939246,운영,,2003-02-11,,,2018-03-27
대전광역시,서구,서구청직장어린이집,직장,정상,35238,대전광역시 서구 둔산서로 100 서구청사내 (둔산동),042-471-7056,042-471-7055,4,182,1,16,14,53,41,36.355005,127.3837971,미운영,http://cafe.daum.net/seogukid,2003-02-04,,,
대전광역시,서구,선화어린이집,민간,폐지,35331,대전광역시 서구 도마6길 148 (도마동),042-532-9155,042-532-9155,4,99,0,0,0,26,0,36.31749384,127.3809242,운영,,2003-02-03,,,2016-01-26
대전광역시,중구,새로핀어린이집,가정,폐지,35009,"대전광역시 중구 보문산로161번길 56 106동 101호(문화동, 삼성푸른아파트)",042-286-6700,042-286-6700,4,63,1,5,0,18,0,36.30836918,127.3979608,운영,,2003-01-22,,,2019-03-15
대전광역시,유성구,장대어린이집,사회복지법인,휴지,34172,대전광역시 유성구 유성대로736번길 44 (장대동),042-822-2303,042-823-1239,10,225,2,15,0,49,0,36.35826265,127.3359543,미운영,,2003-01-20,2026-03-17,2027-03-16,
대전광역시,서구,꼬마정원어린이집,민간,폐지,35381,대전광역시 서구 관저로 184 느리울아파트12단지 관리동 (관저동),042-361-3379,042-365-3380,4,151,2,5,0,27,0,36.29785733,127.3420902,미운영,,2003-01-16,,,2022-03-01
대전광역시,중구,아이캔어린이집,가정,폐지,34989,대전광역시 중구 보문산로35번길 36-2 ,042-586-7146,042-586-5341,3,93,0,4,0,20,0,36.30587942,127.3856381,운영,,2003-01-09,,,2020-07-14
대전광역시,유성구,즐거운청솔어린이집,가정,폐지,34008,"대전광역시 유성구 송강로42번길 61 511동 101호(송강동, 청솔아파트)",042-933-8713,042-933-8713,3,85,0,4,0,19,0,36.43562253,127.3827712,미운영,,2003-01-08,,,2021-04-16
대전광역시,서구,킨더브레인스쿨어린이집,민간,폐지,302845,대전 서구 용문동 277-17 ,042-528-1300,--,0,61,0,0,0,26,0,,,,,2003-01-02,,,2009-10-19
대전광역시,동구,숲향기어린이집,민간,폐지,34660,대전광역시 동구 용운로 124-14 (용운동),042-272-3762,042-283-2367,8,290,1,9,0,85,0,36.32730448,127.4556746,운영,,2002-12-30,,,2020-12-30
대전광역시,서구,엔젤궁어린이집,가정,폐지,35381,"대전광역시 서구 관저로 184 1201동 105호 (관저동, 느리울마을아파트12단지)",042-369-1407,042-369-1407,3,54,0,4,0,17,0,36.29785733,127.3420902,미운영,kkjkjw@hanmail.net,2002-12-30,,,2021-04-02
대전광역시,동구,혜원어린이집,민간,폐지,34576,대전광역시 동구 합내로 48 (가양동),042-635-3804,042-637-3804,8,413,1,15,0,106,0,36.34734607,127.4405641,운영,,2002-12-27,,,2023-06-29
대전광역시,서구,키즈모드니어린이집,민간,정상,35384,"대전광역시 서구 관저동로 42 주민복지관 1층 (관저동, 느리울마을아파트13단지)",042-542-9992,070-7747-9992,4,158,0,4,11,37,19,36.2963236,127.3426186,운영,,2002-12-27,,,
대전광역시,서구,애플키즈어린이집,가정,폐지,35379,"대전광역시 서구 관저동로90번길 47 1108동 104호 (관저동, 느리울마을아파트11단지)",042-544-5369,042-544-5369,4,40,0,0,0,15,0,36.30227519703294,127.34347484892925,미운영,,2002-12-26,,,2015-10-12
대전광역시,유성구,사랑향기어린이집,가정,정상,34049,"대전광역시 유성구 엑스포로 448 502동 102호(전민동, 엑스포아파트)",042-385-5454,042-385-5454,4,157,0,5,7,20,20,36.40001075,127.4003752,미운영,,2002-12-26,,,
대전광역시,서구,소화어린이집,가정,정상,35212,"대전광역시 서구 청사서로 65 101동 107호 (월평동, 한아름아파트)",042-485-6193,--,3,120,0,4,7,20,16,36.363370774047084,127.37604219460073,미운영,,2002-12-24,,,
대전광역시,서구,요정어린이집,가정,폐지,35381,"대전광역시 서구 관저로 184 1201동 104호 (관저동, 느리울마을아파트12단지)",042-543-1488,042-543-1488,3,99,0,0,0,17,0,36.29785733,127.3420902,미운영,,2002-12-17,,,2015-11-13
대전광역시,유성구,노은예그리나어린이집,민간,폐지,34080,"대전광역시 유성구 노은서로 222 (지족동, 열매마을1단지아파트내)",042-384-7575,042-384-7575,2,87,1,4,0,23,0,36.37912506,127.3167141,미운영,,2002-12-11,,,2026-04-29
대전광역시,유성구,메이플트리어린이집,민간,정상,34165,"대전광역시 유성구 유성대로783번길 38 장대동, 월드컵패밀리아파트 관리동",042-822-5835,042-822-5835,3,76,1,7,9,25,18,36.36370117,127.336034,운영,,2002-11-29,,,
대전광역시,동구,와이즈런어린이집,가정,재개,34544,대전광역시 동구 계족로457번길 38-9 1층 (용전동),042-635-3255,042-623-9300,3,52,0,4,5,19,3,36.35312760474198,127.43013244559782,미운영,nerlang42@hanmail.net,2002-11-22,,,
대전광역시,중구,작은나무어린이집,가정,폐지,34895,"대전광역시 중구 평촌로 111 106동 105호(태평동, 태평아파트)",042-525-3693,042-525-3693,4,84,0,4,0,20,0,36.32390155,127.3992636,운영,,2002-11-21,,,2020-03-13
대전광역시,서구,이비에스딩동댕어린이집,민간,폐지,35213,"대전광역시 서구 청사서로 70 (월평동, 무궁화아파트)",042-471-7751,042-471-7951,7,450,2,9,0,98,0,36.36373598,127.3778358,운영,,2002-11-08,,,2020-01-08
대전광역시,서구,다운어린이집,가정,폐지,35201,"대전광역시 서구 만년로 45 107동 102호 (만년동, 초원아파트)",042-482-9147,042-482-9147,3,76,0,4,0,14,0,36.36812296,127.3783057,미운영,,2002-11-06,,,2022-02-17
대전광역시,중구,아이또래어린이집,민간,정상,35038,대전광역시 중구 대전천서로 117 (호동),042-272-2492,042-271-5362,6,266,0,10,8,36,17,36.30567063,127.4495282,운영,,2002-11-05,,,
대전광역시,유성구,피카소어린이집,가정,폐지,34090,"대전광역시 유성구 은구비남로 56 902동 101호(노은동, 열매마을9단지아파트)",042-477-0860,042-385-0860,4,85,1,4,0,20,0,36.37080217,127.3194024,미운영,,2002-11-01,,,2019-01-22
대전광역시,중구,꿈이있는어린이집,민간,폐지,34975,대전광역시 중구 문화로99번길 70 (유천동),042-585-8790,--,4,150,1,6,0,38,0,36.31576972,127.3957145,운영,,2002-10-25,,,2025-04-30
대전광역시,중구,버드내어린이집,가정,폐지,34888,"대전광역시 중구 태평로 35 213동 101호(태평동, 버드내마을아파트)",042-526-2208,042-337-9700,4,84,1,4,0,20,0,36.3207085,127.3907305,미운영,,2002-10-25,,,2025-09-16
대전광역시,유성구,또래모아어린이집,가정,폐지,305801,"대전광역시 유성구 월드컵대로275번길 15 가동 101호(구암동, 구암아파트)",042-825-3124,--,3,57,0,4,0,12,0,36.3493551,127.3308404,미운영,,2002-10-25,,,2017-03-17
대전광역시,유성구,영아놀이방,가정,폐지,305800,대전 유성구 구암동 544-51서봉빌딩1동1층 ,042-822-2982,042-822-2982,0,0,0,0,0,16,0,,,,,2002-10-25,,,2008-06-30
대전광역시,서구,한국어린이집,민간,폐지,35335,대전광역시 서구 제비네6길 86 (도마동),042-527-6147,042-535-6147,7,365,2,10,0,96,0,36.31539958,127.3764617,운영,,2002-10-09,,,2020-04-01
대전광역시,서구,사과나무어린이집,가정,정상,35372,"대전광역시 서구 관저로 83 203동 103호 (관저동, 신선마을아파트)",042-361-6035,042-361-6035,4,58,0,4,11,17,15,36.3004,127.331566,운영,https://2023apple.kidsnote.ac/,2002-10-04,,,
대전광역시,대덕구,중원어린이집,민간,정상,34389,대전광역시 대덕구 중리남로40번길 79 (중리동),042-628-9310,042-634-3542,6,239,2,8,7,80,12,36.3645250325,127.4272847831,운영,싸이클럽 중원어린이집,2002-10-01,,,
대전광역시,유성구,개구쟁이어린이집,가정,정상,34195,"대전광역시 유성구 동서대로 725 1204동 104호(원신흥동, 어울림하트아파트)",042-823-5752,042-823-5753,4,85,0,4,8,20,17,36.33418,127.341705,미운영,,2002-09-05,,,
대전광역시,서구,산토끼어린이집,가정,정상,35265,"대전광역시 서구 대덕대로 150 111동 105호 (갈마동, 큰마을아파트)",042-533-2563,042-533-2563,4,99,0,4,9,20,17,36.34507,127.37692,미운영,,2002-09-02,,,
대전광역시,중구,지혜놀이방어린이집,가정,폐지,34885,"대전광역시 중구 태평로 55 403동 14호(태평동, 삼부아파트4단지)",042-535-4088,--,4,80,0,4,0,15,0,36.32225077,127.392016,미운영,,2002-08-30,,,2017-04-14
대전광역시,서구,캥거루어린이집,가정,폐지,35297,"대전광역시 서구 가장로 107 209동 105호 (가장동, 삼성래미안아파트)",042-535-5759,042-522-5707,4,87,0,4,0,20,0,36.334853028312494,127.38539477961603,운영,https://cafe.naver.com/ikangaroo,2002-08-26,,,2023-03-01
대전광역시,서구,은세계어린이집,가정,폐지,35297,"대전광역시 서구 가장로 106 111동 104호 (가장동, 삼성래미안아파트)",042-526-2431,042-526-2436,4,138,0,5,0,20,0,36.33370312,127.3843091,운영,,2002-08-22,,,2017-03-29
대전광역시,서구,가장좋은어린이집,가정,폐지,35297,"대전광역시 서구 가장로 107 208동 101호 (가장동, 삼성래미안아파트)",042-535-7955,042-535-7945,4,110,0,4,0,20,0,36.334853028312494,127.38539477961603,운영,,2002-08-22,,,2026-04-06
대전광역시,중구,천사나라어린이집,민간,재개,34897,대전광역시 중구 유천로102번길 37 (유천동),042-535-4004,--,5,265,0,11,9,49,17,36.32215291108509,127.3982592926463,운영,,2002-07-31,,,
대전광역시,서구,아이야어린이집,가정,폐지,35297,"대전광역시 서구 가장로 106 206동 101호(가장동, 나르매2차아파트)",042-522-9017,042-523-9017,4,135,0,0,0,20,0,36.33370312,127.3843091,운영,,2002-07-26,,,2013-03-01
대전광역시,서구,구슬어린이집,가정,폐지,35297,"대전광역시 서구 가장로 106 110동 104호 (가장동, 삼성래미안아파트)",042-528-5252,042-528-5252,4,141,0,5,0,20,0,36.3299086,127.3851298,운영,http://cafe.naver.com/rntmf5252,2002-07-26,,,2024-03-01
대전광역시,서구,주안어린이집,가정,폐지,35206,"대전광역시 서구 청사로 282 3동 106호 (둔산동, 수정타운아파트)",042-369-7321,--,3,100,0,4,0,20,0,36.35911,127.39879,운영,,2002-07-10,,,2019-10-01
대전광역시,중구,한사랑어린이집,민간,폐지,34849,대전광역시 중구 동서대로 1388 (목동),042-223-7939,042-222-7939,4,91,1,5,0,28,0,36.33154468,127.4126124,운영,,2002-07-08,,,2021-03-02
대전광역시,중구,오렌지 어린이집,가정,폐지,34899,"대전광역시 중구 계백로1615번길 34 107동 101호(유천동, 현대아파트)",042-253-3412,--,4,84,0,4,0,18,0,36.32105304,127.4005863,미운영,,2002-07-03,,,2020-03-06
대전광역시,대덕구,덕암제일어린이집,법인·단체등,폐지,34333,대전광역시 대덕구 덕암로195번길 26 (덕암동),042-935-7272,042-935-7557,5,169,0,7,0,44,0,36.438332836640164,127.42155941539369,운영,,2002-06-25,,,2022-10-31
대전광역시,서구,에코비예쁜미소어린이집,가정,폐지,35228,"대전광역시 서구 둔산로 15 112동 105호 (둔산동, 향촌아파트)",042-486-5740,042-486-5740,3,79,0,4,0,19,0,36.35491504,127.4024638,미운영,,2002-06-18,,,2020-03-25
대전광역시,중구,성심어린이집,민간,폐지,35006,대전광역시 중구 천근로46번길 34 ,042-582-6928,042-582-6929,5,235,1,8,0,30,0,36.30803921145711,127.40432947708231,미운영,www.bobaekids.co.kr,2002-06-07,,,2023-03-02
대전광역시,동구,사랑어린이집,가정,폐지,34538,"대전광역시 동구 한밭대로1237번길 52 8동 101호(용전동, 신동아아파트)",042-632-0575,042-632-0575,4,149,0,5,0,20,0,36.35848002,127.4372921,미운영,aisarang4848@hanmail.net,2002-06-05,,,2025-03-28
대전광역시,중구,올리브트리어린이집,민간,폐지,34969,대전광역시 중구 계백로1618번길 85 올리브트리어린이집,042-583-6519,042-583-6520,4,219,1,11,0,44,0,36.31525553,127.4011719,운영,,2002-06-03,,,2021-03-26
대전광역시,동구,개구쟁이어린이집,가정,폐지,34526,"대전광역시 동구 대학로50번길 53 103동 102호(용운동, 꿈에그린아파트)",042-272-0305,042-586-2365,4,93,0,4,0,19,0,36.33146273,127.4570357,운영,,2002-05-28,,,2025-03-28
대전광역시,유성구,지족어린이집,민간,정상,34083,"대전광역시 유성구 노은동로 187 (지족동, 열매마을6단지아파트내)",042-477-3235,042-477-3235,4,164,2,4,12,39,35,36.376601316885825,127.31972562045189,미운영,,2002-05-17,,,
대전광역시,유성구,피노키오어린이집,민간,정상,34082,"대전광역시 유성구 노은서로210번길 32 (지족동, 열매마을4단지아파트 관리동)",042-826-2247,042-826-2247,3,114,1,3,12,36,32,36.37690862,127.3163467,미운영,,2002-05-14,,,
대전광역시,유성구,하얀어린이집,민간,정상,34090,"대전광역시 유성구 은구비남로 34 (노은동, 열매마을8단지아파트 관리동)",042-488-3314,--,3,141,1,3,12,33,32,36.37080217,127.3194024,미운영,,2002-04-01,,,
대전광역시,중구,버드내마을 어린이집,민간,폐지,34890,"대전광역시 중구 태평로 15 관리동 2층(태평동, 버드내마을아파트)",042-538-1212,042-538-1212,3,141,0,4,0,36,0,36.31802,127.39134,미운영,,2002-03-30,,,2026-03-01
대전광역시,동구,예능어린이집,가정,정상,34545,"대전광역시 동구 계족로489번길 73 102동 104호(용전동, 한숲아파트)",042-624-0124,042-624-0122,4,54,0,5,5,20,6,36.35338237,127.4303998,운영,,2002-03-27,,,
대전광역시,대덕구,꿈미래어린이집,민간,폐지,34391,대전광역시 대덕구 한밭대로1129번길 57-10 (중리동),042-621-6005,042-621-6005,4,115,2,4,0,27,0,36.3616836,127.4232336,운영,,2002-02-19,,,2020-03-17
대전광역시,유성구,예솔어린이집,민간,폐지,34177,대전광역시 유성구 계룡로52번길 82 (구암동),042-822-2205,042-822-2253,6,225,1,8,0,82,0,36.3719232,127.3378263,운영,,2002-02-15,,,2020-11-02
대전광역시,중구,토마토어린이집,가정,폐지,34875,"대전광역시 중구 수침로 138 107동 104호(태평동, 유등마을아파트)",042-535-7807,--,4,101,0,0,0,19,0,36.33175442,127.3987845,미운영,,2002-02-14,,,2017-08-25
대전광역시,서구,예솔어린이집,민간,폐지,35261,대전광역시 서구 계룡로509번길 31 (탄방동),042-488-8209,042-488-8212,4,130,1,5,0,49,0,36.3454068,127.3822351,운영,,2002-02-14,,,2022-03-25
대전광역시,서구,하얀도담어린이집,민간,폐지,35288,대전광역시 서구 도솔로267번길 22 (내동),042-533-4789,042-527-4789,7,374,1,14,0,122,0,36.33427303,127.3782774,운영,song2449@naver.com,2002-02-05,,,2021-05-31
대전광역시,서구,해맑은어린이집,가정,폐지,35364,"대전광역시 서구 관저북로 14 407동 101호 (관저동, 원앙마을4단지아파트)",042-541-2210,042-541-2212,3,79,0,4,0,15,0,36.309538,127.3363108,미운영,kimgane41@hanmail.net,2002-01-31,,,2016-03-02
대전광역시,중구,늘기쁜어린이집,민간,정상,34959,대전광역시 중구 서문로 109-20 ,042-585-7600,042-584-7601,6,323,1,9,14,53,32,36.31755151,127.405786,운영,teacher130@hanmail.net,2002-01-29,,,
대전광역시,유성구,반석영재어린이집,민간,폐지,305358,대전 유성구 하기동 533-1번지 침신대 후문에 위치 ,042-382-0600,--,0,0,0,0,0,39,0,,,,,2002-01-21,,,2009-07-22
대전광역시,유성구,하늘사랑어린이집,가정,정상,34010,"대전광역시 유성구 구즉로 16 106동 102호(송강동, 한마을아파트)",042-933-2221,042-933-2221,3,63,0,4,7,18,9,36.42403385,127.3845681,미운영,,2002-01-11,,,
대전광역시,유성구,꼬마한마을어린이집,가정,폐지,305756,대전 유성구 송강동 한마을아파트 111-105 ,042-369-0205,042-369-0205,0,0,0,0,0,20,0,,,,,2002-01-07,,,2009-06-04
대전광역시,유성구,새샘어린이집,가정,폐지,34090,"대전광역시 유성구 은구비남로 56 905동 101호(노은동, 열매마을9단지아파트)",042-823-2316,042-823-2316,4,85,0,4,0,19,0,36.37080217,127.3194024,미운영,bangwool9257@hanmail.net,2002-01-05,,,2019-01-30
대전광역시,유성구,애플트리어린이집,민간,정상,34079,"대전광역시 유성구 노은동로 219 (지족동, 열매마을3단지아파트 관리동)",042-482-6030,--,4,180,0,9,11,39,30,36.37899399,127.3196464,미운영,https://cafe.naver.com/appletree6030,2001-12-31,,,
대전광역시,유성구,행복아이어린이집,가정,폐지,34226,"대전광역시 유성구 진잠로149번길 30 209동 104호(교촌동, 미메이드아파트)",042-544-8211,042-364-1212,3,56,0,0,0,10,0,36.306431581324134,127.31869711870973,미운영,,2001-12-28,,,2013-07-17
대전광역시,유성구,엄마사랑어린이집,가정,정상,34048,"대전광역시 유성구 유성대로 1741 109동 105호(전민동, 세종아파트)",042-861-5454,--,4,85,0,4,7,20,16,36.40893853,127.4145713,미운영,,2001-12-28,,,
대전광역시,중구,사랑피피쿠스어린이집,민간,폐지,34900,대전광역시 중구 계백로1603번길 22 (유천동),042-525-5733,042-525-5732,11,492,1,16,0,113,0,36.31963134,127.3979912,운영,,2001-12-20,,,2022-06-23
대전광역시,유성구,애플키즈어린이집,가정,폐지,34094,"대전광역시 유성구 노은로 416 510동 102호(하기동, 송림마을5단지)",042-364-1515,042-364-1515,4,63,0,4,0,19,0,36.39071947030646,127.32969010070621,미운영,,2001-12-18,,,2022-03-28
대전광역시,중구,제일어린이집,민간,폐지,34902,대전광역시 중구 오류로74번길 8 (오류동),042-532-0065,042-532-3222,5,279,2,8,0,56,0,36.32678494,127.4036432,운영,,2001-12-17,,,2019-06-01
대전광역시,서구,중앙어린이집,가정,폐지,35281,"대전광역시 서구 신갈마로127번길 59-5 나동 101호 (갈마동, 건강주택)",042-533-9567,042-533-9567,3,105,0,0,0,20,0,36.34439611,127.3659827,운영,,2001-12-11,,,2017-12-12
대전광역시,유성구,예성어린이집,민간,폐지,305800,대전 유성구 구암동 594-12 ,042-824-0675,042-824-0657,0,0,0,0,0,39,0,,,,,2001-11-27,,,2008-05-21
대전광역시,서구,금샘어린이집,민간,정상,35290,대전광역시 서구 괴정로8번길 41 (괴정동),042-525-5235,--,5,249,1,8,3,39,4,36.33866014101065,127.37710324083552,운영,,2001-11-21,,,
대전광역시,동구,햇님달님 어린이집,가정,폐지,34660,"대전광역시 동구 용운로 80 314동 101호(용운동, 용방마을아파트)",042-346-5252,042-346-5252,4,108,0,5,0,19,0,36.32648977,127.4525215,운영,,2001-11-07,,,2017-12-06
대전광역시,동구,행복한어린이집,가정,폐지,34545,"대전광역시 동구 계족로489번길 73 101동 104호(용전동, 한숲아파트)",042-621-2893,042-621-2893,4,114,0,4,0,20,0,36.35338237,127.4303998,운영,daedongchild@hanmail.net,2001-10-29,,,2019-07-12
대전광역시,유성구,열매마을어린이집,민간,폐지,34078,대전광역시 유성구 북유성대로155번길 35 (지족동),042-823-5673,042-823-5683,8,351,3,13,0,90,0,36.38035535,127.3213175,운영,,2001-10-25,,,2024-07-03
대전광역시,중구,보라어린이집,민간,폐지,34895,"대전광역시 중구 평촌로 111 ,태평A관리사무소1층 (태평동)",042-537-7010,--,4,147,0,4,0,34,0,36.32390155,127.3992636,운영,,2001-10-23,,,2022-03-02
대전광역시,동구,한일어린이집,민간,폐지,34684,대전광역시 동구 안샘2길 12 (천동),042-271-0814,042-273-0814,5,230,0,5,0,49,0,36.31787425,127.4461604,미운영,,2001-09-20,,,2020-11-10
대전광역시,서구,다솜어린이집,가정,정상,35383,"대전광역시 서구 구봉산북로 165 316동 104호 (관저동, 다온숲아파트)",042-545-8982,--,4,99,0,4,7,20,14,36.29380777023508,127.34406781778841,미운영,,2001-09-14,,,
대전광역시,서구,사나래어린이집,가정,폐지,35389,대전광역시 서구 가수원중로 19 (가수원동),042-545-7969,0504-034-4696,4,115,3,4,0,16,0,36.29981189,127.3542789,운영,,2001-09-10,,,2019-11-11
대전광역시,서구,롯데즐거운어린이집,가정,폐지,35284,"대전광역시 서구 신갈마로 46 113동 101호 (내동, 롯데아파트)",042-526-7554,--,2,46,0,0,0,12,0,36.33900705,127.3674143,미운영,,2001-09-10,,,2017-01-18
대전광역시,중구,하살 어린이집,가정,폐지,35069,대전광역시 중구 모암로7번길 90 (옥계동),042-286-3690,042--,6,198,1,6,0,20,0,36.30023565,127.452184,운영,,2001-09-06,,,2017-03-30
대전광역시,동구,영재숲어린이집,민간,폐지,34570,대전광역시 동구 태전로104번길 51 (삼성동),042-627-9118,042-627-7030,3,69,0,4,0,22,0,36.3396139499,127.4229649378,운영,,2001-09-05,,,2022-01-25
대전광역시,중구,으뜸어린이집,민간,폐지,35064,대전광역시 중구 돌다리로30번길 7-1 ,042-282-1973,042-321-1973,6,177,3,10,0,64,0,36.30745972,127.4408113,운영,,2001-08-10,,,2019-03-26
대전광역시,서구,신선마을어린이집,민간,폐지,35372,"대전광역시 서구 관저로 83 (관저동, 신선마을아파트)",042-544-0165,042-544-0165,3,87,0,3,0,25,0,36.3004,127.331566,미운영,,2001-08-08,,,2017-07-31
대전광역시,유성구,꼬마대장어린이집,가정,폐지,34007,대전광역시 유성구 봉산로40번길 5 (봉산동),042-935-5243,--,4,55,0,4,0,20,0,36.43717022,127.3864966,미운영,,2001-07-26,,,2024-02-29
대전광역시,동구,한숲어린이집,민간,정상,34545,대전광역시 동구 계족로489번길 73 (용전동),042-637-3372,042-626-3372,5,84,0,6,10,30,27,36.35421634,127.4285788,운영,,2001-07-12,,,
대전광역시,유성구,동화요정어린이집,가정,정상,34232,"대전광역시 유성구 원내로 52 303동 104호(원내동, 샘물타운아파트)",042-361-6615,--,3,51,0,4,2,8,0,36.29904106,127.3213602,미운영,,2001-07-06,,,
대전광역시,유성구,피피쿠스어린이집,가정,폐지,34078,대전광역시 유성구 노은동로 224-6 (지족동),042-477-5652,042-477-5604,4,133,0,6,0,20,0,36.38013505,127.3207711,운영,,2001-07-02,,,2020-12-08
대전광역시,유성구,꼬마사랑어린이집,가정,정상,34008,"대전광역시 유성구 송강로42번길 61 512동 105호(송강동, 청솔아파트)",042-933-2925,042-933-2925,4,77,0,4,6,19,9,36.43418796622247,127.38191841532904,운영,http://cafe.daum.net/komasalang,2001-06-26,,,
대전광역시,중구,꼬마궁전어린이집,민간,폐지,35023,대전광역시 중구 대종로315번길 19 (부사동),042-257-0340,042-223-8383,6,202,0,7,0,47,0,36.31367082,127.4332768,운영,,2001-05-17,,,2020-07-14
대전광역시,서구,큰나무어린이집,가정,정상,35371,"대전광역시 서구 관저로 51 510동 106호 (관저동, 구봉마을5단지)",042-545-6697,--,3,61,0,4,4,20,4,36.300293,127.32851,운영,,2001-04-27,,,
대전광역시,유성구,지족앨리스어린이집,민간,정상,34085,"대전광역시 유성구 은구비남로 55 (지족동, 열매마을7단지아파트내)",042-477-1516,--,3,74,0,5,9,28,17,36.37300239,127.3218339,미운영,,2001-04-23,,,
대전광역시,서구,이큐어린이집,가정,폐지,35205,"대전광역시 서구 청사로 281 216동 102호 (둔산동, 샘머리아파트2단지)",042-369-3410,042-369-3410,4,85,0,4,0,20,0,36.36176,127.39442,미운영,,2001-04-13,,,2022-07-15
대전광역시,중구,슬기둥어린이집,민간,폐지,34891,대전광역시 중구 계백로1571번길 17 (유천동),042-537-5501,042-537-5502,4,145,0,0,0,33,0,36.31910671,127.3940461,운영,duru0220@hanmail.net,2001-04-07,,,2017-04-13
대전광역시,중구,성가정 어린이집,가정,정상,34890,"대전광역시 중구 태평로 15 112동 102호(태평동, 버드내마을1단지아파트)",042-535-0246,042-535-0246,4,85,0,5,9,20,7,36.31802,127.39134,미운영,,2001-04-07,,,
대전광역시,유성구,열매어린이집,가정,폐지,305770,대전 유성구 지족동 열매마을7단지 703-101 ,042-485-9915,--,0,0,0,0,0,19,0,,,,,2001-04-03,,,2009-07-06
대전광역시,서구,강변어린이집,민간,정상,35201,"대전광역시 서구 만년로 25 (만년동, 강변아파트)",042-484-8144,--,3,99,1,3,14,38,32,36.36859104,127.3759484,미운영,,2001-03-16,,,
대전광역시,유성구,아기사랑어린이집,가정,폐지,305313,대전 유성구 상대동 목련아파트 202-102 ,042-471-0166,--,0,50,0,0,0,12,0,,,,,2001-03-06,,,2012-12-05
대전광역시,유성구,호키포키어린이집,가정,정상,34198,"대전광역시 유성구 월드컵대로290번길 39 102동 101호(상대동, 목련아파트1단지)",042-487-3151,042-487-3151,4,59,0,4,2,13,2,36.34328179,127.3417407,미운영,,2001-03-05,,,
대전광역시,동구,아장아장어린이집,가정,폐지,34588,대전광역시 동구 우암로203번길 12-15 (가양동),042-639-2009,042--,4,50,0,0,0,16,0,36.34349066835862,127.43948550882606,미운영,,2001-03-02,,,2016-03-18
대전광역시,유성구,문지아이자람어린이집,가정,폐지,34050,"대전광역시 유성구 문지로 300 109동 104호(문지동, 효성해링턴플레이스)",042-861-1486,042-861-1486,4,84,0,4,0,20,0,36.39245927,127.4048787,미운영,,2001-02-19,,,2026-03-17
대전광역시,동구,아이숲어린이집,가정,정상,34636,대전광역시 동구 대전로 646 현대아파트 관리동1층(효동),042-271-2388,042-271-2388,4,90,0,5,5,20,10,36.31797369,127.440803,미운영,414120@hanmail.net,2001-02-12,,,
대전광역시,중구,사랑킨더어린이집,가정,폐지,34900,대전광역시 중구 계백로1603번길 21 (유천동),042-525-5737,042-525-5723,2,58,0,11,0,18,0,36.32122902,127.3954441,운영,,2001-02-07,,,2020-02-14
대전광역시,동구,누리봄어린이집,민간,폐지,34679,대전광역시 동구 신기로 87 (가오동),042-284-1148,070-8740-8681,3,174,0,4,0,24,0,36.31004578833241,127.45595952868234,운영,,2001-01-30,,,2023-03-31
대전광역시,중구,버드내사임당어린이집,가정,정상,34890,"대전광역시 중구 태평로 15 125동 101호(태평동, 버드내마을1단지아파트)",042-535-7429,042-535-7429,4,169,0,6,7,20,17,36.31802,127.39134,운영,,2001-01-19,,,
대전광역시,중구,아이세상어린이집,가정,정상,34890,"대전광역시 중구 태평로 15 116동 101호(태평동, 버드내마을1단지아파트)",042-536-0936,042-536-0936,4,85,0,6,9,20,20,36.31802,127.39134,미운영,,2001-01-18,,,
대전광역시,중구,곰돌이어린이집,가정,폐지,34890,"대전광역시 중구 태평로 15 111동 104호(태평동, 버드내마을1단지아파트)",042-537-1357,042-537-1357,3,75,0,3,0,15,0,36.31802,127.39134,미운영,,2001-01-18,,,2022-03-01
대전광역시,유성구,새싹어린이집,민간,폐지,34145,대전광역시 유성구 왕가봉로2번길 45 (노은동),042-826-9922,042-826-9922,3,81,1,3,0,27,0,36.36405511,127.3172804,운영,dycom12@daum.net,2001-01-15,,,2017-12-12
대전광역시,중구,늘사랑 어린이집,가정,정상,34885,"대전광역시 중구 태평로 65 31동 14호(태평동, 삼부아파트3단지)",042-524-8291,042-524-8291,4,84,0,5,9,18,17,36.32378062,127.3913915,운영,,2001-01-12,,,
대전광역시,동구,꼬망세어린이집,민간,정상,34692,대전광역시 동구 대전로 452-1 (가오동),042-283-0113,042-283-0114,7,335,1,12,20,94,60,36.30625275,127.4522566,운영,,2001-01-09,,,
대전광역시,유성구,상지어린이집,가정,폐지,34010,"대전광역시 유성구 구즉로 16 101동 102호(송강동, 한마을아파트)",042-936-3454,--,4,85,0,4,0,20,0,36.42235201,127.3829688,미운영,,2001-01-08,,,2022-03-28
대전광역시,대덕구,참어린이집,가정,폐지,34402,"대전광역시 대덕구 계족산로 135 413동 101호(송촌동, 선비마을4단지아파트)",042-672-3513,--,4,84,0,5,0,20,0,36.367798,127.44337,미운영,,2001-01-08,,,2024-03-11
대전광역시,유성구,노은어린이집,가정,폐지,305330,대전 유성구 지족동 918-12 ,042-823-3007,--,0,1,0,0,0,19,0,,,,,2000-12-29,,,2010-02-09
대전광역시,중구,도담어린이집,민간,폐지,34875,대전광역시 중구 수침로 138 (태평동),042-537-5522,042-537-5522,5,102,0,4,0,36,0,36.33175442,127.3987845,미운영,,2000-12-20,,,2024-09-03
대전광역시,중구,꼬꼬어린이집,가정,폐지,34890,"대전광역시 중구 태평로 15 127동 101호(태평동, 버드내마을1단지아파트)",042-537-0066,042-537-0066,5,208,0,6,0,20,0,36.31802,127.39134,미운영,koko0066@hanmail.net,2000-12-14,,,2020-03-06
대전광역시,중구,리틀비전어린이집,민간,정상,35034,대전광역시 중구 보문로47번길 32 (문창동),042-255-0153,042-271-0253,4,210,0,8,8,49,20,36.31250889075732,127.43733844337899,운영,fiorekids@daum.net,2000-12-12,,,
대전광역시,동구,다나어린이집,민간,폐지,34553,대전광역시 동구 계족로409번길 7 (홍도동),042-633-5588,042-633-8688,4,140,1,7,0,47,0,36.34816127,127.431308,운영,,2000-12-09,,,2018-03-02
대전광역시,중구,꼬마사랑어린이집,가정,폐지,34890,"대전광역시 중구 태평로 15 122동 104호(태평동, 버드내마을1단지아파트)",042-536-8022,042-536-8022,4,66,0,4,0,17,0,36.31802,127.39134,미운영,,2000-12-09,,,2020-03-06
대전광역시,서구,하영어린이집,가정,폐지,35346,"대전광역시 서구 배재로 155-7 101동 103호 (도마동, 경남아파트2단지)",042-535-6618,--,3,100,0,4,0,20,0,36.32218816919208,127.36989744482083,운영,,2000-12-07,,,2018-05-10
대전광역시,유성구,에디슨어린이집,민간,폐지,305756,대전 유성구 송강동 한마을아파트 관리동1층 ,042-933-7455,042-933-7455,0,0,0,0,0,47,0,,,,,2000-11-24,,,2009-07-03
대전광역시,중구,우리들어린이집,가정,폐지,34997,"대전광역시 중구 당디로 45 109동 101호(산성동, 우성아파트)",042-581-7795,042-581-7795,5,127,0,5,0,20,0,36.30875645,127.3925628,미운영,,2000-11-23,,,2025-03-14
대전광역시,중구,서문어린이집,가정,폐지,35004,대전광역시 중구 송리로38번길 13 (문화동),042-583-1161,--,3,108,0,3,0,18,0,36.30680813,127.3988413,미운영,,2000-11-03,,,2018-10-01
대전광역시,동구,근로복지공단대전어린이집,법인·단체등,정상,34512,대전광역시 동구 백룡로5번길 143 (자양동),042-628-5581,042-628-5583,6,239,3,16,15,79,39,36.34224586,127.4506567,운영,https://www.comwel.or.kr/kids/daejeon/main.do,2000-10-27,,,
대전광역시,중구,누리봄 어린이집,가정,폐지,34875,"대전광역시 중구 수침로 138 110동 102호(태평동, 유등마을아파트)",042-535-2033,--,4,59,0,4,0,20,0,36.33175442,127.3987845,미운영,,2000-10-24,,,2025-02-28
대전광역시,서구,아이꿈영재어린이집,민간,폐지,35415,대전광역시 서구 복수남로12번길 28 (복수동),042-582-6791,042-585-5336,8,171,1,12,0,65,0,36.29857088,127.3806885,운영,,2000-09-20,,,2021-09-03
대전광역시,서구,꿈동산어린이집,민간,폐지,35376,"대전광역시 서구 관저서로 20 관리사무소 1층 (관저동, 구봉마을9단지)",042-541-0017,042-541-0017,3,94,0,4,0,34,0,36.29463695,127.3318123,운영,kys4172@naver.com,2000-09-04,,,2022-03-01
대전광역시,서구,플렌티어린이집,민간,정상,35371,"대전광역시 서구 관저로 51 (관저동, 구봉마을5단지)",042-541-0073,--,4,128,1,4,1,37,0,36.300293,127.32851,운영,,2000-08-30,,,
대전광역시,동구,혜원어린이집,민간,정상,34576,대전광역시 동구 가양로123번길 6 (가양동),042-634-5428,042-633-5428,7,254,1,11,12,87,36,36.34709535,127.4407207,운영,,2000-08-19,,,
대전광역시,서구,봉산어린이집,민간,폐지,35277,대전광역시 서구 신갈마로211번안길 86 (갈마동),042-522-1103,042-532-9436,4,185,0,6,0,32,0,36.34953367,127.364037,운영,,2000-07-01,,,2022-05-13
대전광역시,동구,코끼리 어린이집,가정,폐지,34677,"대전광역시 동구 옥천로180번길 23 201동 104호(판암동, 주공아파트)",042-272-9031,042-272-9031,4,48,0,4,0,18,0,36.31729898,127.469549,미운영,,2000-05-25,,,2025-03-24
대전광역시,동구,아이뜰 어린이집,가정,폐지,34535,대전광역시 동구 우암로311번길 46 (가양동),042-622-9402,042-622-9402,3,85,0,3,0,20,0,36.34921463,127.4487695,운영,,2000-05-19,,,2020-03-18
대전광역시,동구,석촌아가사랑어린이집,가정,폐지,34593,대전광역시 동구 우암로 186 석촌마을아파트 관리동 (성남동),042-637-7002,042-637-7002,4,134,0,8,0,20,0,36.34101405,127.4382878,운영,,2000-05-04,,,2026-03-27
대전광역시,유성구,한빛아이꿈어린이집,민간,폐지,34139,대전광역시 유성구 대학로 197-1 (어은동),042-823-4005,042-823-4034,4,165,0,4,0,31,0,36.36119079,127.3552107,미운영,,2000-05-02,,,2018-09-20
대전광역시,서구,키다리어린이집,가정,폐지,35397,"대전광역시 서구 정림로 55 111동 101호 (정림동, 우성아파트)",042-586-1613,--,3,102,0,4,0,20,0,36.30489703,127.364256,운영,,2000-04-06,,,2019-10-21
대전광역시,서구,슈퍼맨어린이집,가정,정상,35373,"대전광역시 서구 관저로 84 806동 105호 (관저동, 구봉마을8단지)",042-361-3536,042-361-3536,3,79,0,4,3,18,4,36.297413,127.33013,미운영,,2000-03-29,,,
대전광역시,서구,내동어린이집,민간,폐지,35313,대전광역시 서구 도산로253번길 90 (내동),042-533-5258,042-365-5992,7,191,1,8,0,68,0,36.3329455,127.3791445,운영,,2000-03-25,,,2021-05-31
대전광역시,서구,한솔어린이집,가정,폐지,35315,대전광역시 서구 도산로253번길 25-6 (내동),042-534-1700,--,4,145,1,7,0,20,0,36.33068075,127.3814202,운영,,2000-03-18,,,2024-11-18
대전광역시,서구,꼬마대장어린이집,가정,정상,35206,"대전광역시 서구 청사로 282 10동 101호 (둔산동, 수정타운아파트)",042-484-7423,--,4,79,0,4,6,19,13,36.35911,127.39879,미운영,kka484@hanmail.net,2000-03-11,,,
대전광역시,서구,다모아어린이집,가정,정상,35210,"대전광역시 서구 월평동로 83 111동 102호 (월평동, 다모아아파트)",042-484-5765,042-484-5765,3,103,0,4,3,20,5,36.36203933,127.3669271,미운영,,2000-03-08,,,
대전광역시,서구,영재어린이집,가정,폐지,35205,"대전광역시 서구 문예로 174 105동 103호 (둔산동, 샘머리아파트1단지)",042-472-5850,--,3,99,0,0,0,19,0,36.36336,127.39161,미운영,,2000-03-07,,,2015-07-01
대전광역시,서구,리틀은아어린이집,가정,정상,35386,"대전광역시 서구 가수원로 72 102동 106호 (가수원동, 은아아파트1단지)",042-541-3399,042-541-3399,3,57,0,4,5,20,12,36.3010251340245,127.35065705407469,운영,https://cafe.naver.com/5413399,2000-03-01,,,
대전광역시,대덕구,서오어린이집,민간,폐지,34421,대전광역시 대덕구 동춘당로23번길 51 (송촌동),042-625-3810,042-632-3044,9,264,2,9,0,40,0,36.35902105,127.4450612,운영,,2000-02-23,,,2023-03-01
대전광역시,서구,짝꿍어린이집,가정,폐지,35270,"대전광역시 서구 갈마중로7번길 42 4동 101호 (갈마동, 동산아파트)",042-535-3512,--,3,99,0,4,0,20,0,36.34964266,127.3713502,운영,,2000-02-22,,,2024-04-25
대전광역시,중구,예쁜어린이집,민간,폐지,34969,대전광역시 중구 계백로1646번길 97 (유천동),042-535-5630,042-535-5630,6,268,1,8,0,49,0,36.31518048,127.402383,운영,,2000-02-19,,,2019-12-10
대전광역시,유성구,포그니어린이집,가정,정상,34048,"대전광역시 유성구 유성대로 1741 103동 104호(전민동, 세종아파트)",042-863-3169,042-863-3169,4,85,0,5,5,20,1,36.40753811,127.4142239,미운영,,2000-02-17,,,
대전광역시,중구,해맑은 어린이집,가정,폐지,35000,대전광역시 중구 서문로43번길 11 (문화동),042-582-2506,--,2,60,1,6,0,16,0,36.31247449,127.4075461,운영,,2000-02-15,,,2019-03-14
대전광역시,유성구,사랑을담는어린이집,가정,폐지,34009,대전광역시 유성구 구즉로54번길 46 (송강동),042-935-9770,--,3,85,0,3,0,20,0,36.43308645,127.3876685,운영,,2000-02-09,,,2018-03-13
대전광역시,동구,엔젤피아어린이집,민간,폐지,34514,대전광역시 동구 동대전로 210 (자양동),042-621-0004,042-624-0067,5,142,2,4,0,42,0,36.34028748,127.4490964,운영,http://cafe.naver.com/angelpia0004,2000-01-17,,,2019-07-01
대전광역시,서구,리틀엔젤어린이집,민간,폐지,35267,대전광역시 서구 계룡로 536 (괴정동),042-526-6777,042-526-6777,4,115,0,4,0,28,0,36.3429012,127.3829055,운영,,2000-01-05,,,2020-05-18
대전광역시,유성구,신동아어린이집,민간,정상,34023,"대전광역시 유성구 배울2로 42 (관평동, 테크노밸리5단지아파트 관리동)",042-369-1234,042-369-2515,3,113,0,4,6,39,25,36.41529678,127.39683,미운영,,2000-01-03,,,
대전광역시,서구,큰마을어린이집,가정,폐지,35265,"대전광역시 서구 대덕대로 150 115동 101호 (갈마동, 큰마을아파트)",070-7655-9633,--,4,79,1,0,0,17,0,36.34507,127.37692,운영,,2000-01-01,,,2016-03-01
대전광역시,대덕구,미피와친구들어린이집,가정,폐지,306778,"대전광역시 대덕구 계족산로 135 406동 101호(송촌동, 선비마을4단지아파트)",042-635-5731,--,4,84,0,0,0,20,0,36.367798,127.44337,운영,,1999-12-11,,,2015-08-25
대전광역시,서구,21세기어린이집,민간,폐지,35402,대전광역시 서구 유등로 225-1 (도마동),042-583-1220,042-583-1220,4,138,1,0,0,36,0,36.3117307,127.3851824,운영,,1999-12-04,,,2014-03-20
대전광역시,중구,토리어린이집,가정,폐지,34885,대전광역시 중구 태평로 65 삼부아파트 35동 15호,042-526-6566,042-526-6566,5,111,0,5,0,20,0,36.31551071,127.4189111,미운영,,1999-11-13,,,2024-04-09
대전광역시,서구,명성어린이집,민간,폐지,35294,대전광역시 서구 도솔로296번길 48 (괴정동),042-525-5217,042-525-5217,8,214,1,13,0,39,0,36.33352307,127.3827734,운영,www.myj7252@hanmail.net,1999-10-22,,,2020-03-16
대전광역시,유성구,아롱다롱어린이집,민간,폐지,34165,대전광역시 유성구 장대로80번길 39 선화빌 101호 (장대동),042-524-2267,042-524-2267,4,136,2,4,0,28,0,36.36320606,127.3346798,운영,,1999-10-20,,,2019-02-28
대전광역시,서구,햇빛촌어린이집,민간,폐지,35205,"대전광역시 서구 문예로 174 관리소 1층 (둔산동, 샘머리아파트1단지)",042-472-1465,042-472-1465,4,235,1,6,0,52,0,36.36336,127.39161,운영,,1999-10-08,,,2021-03-04
대전광역시,서구,월평새싹어린이집,가정,정상,35274,"대전광역시 서구 계룡로264번길 4 106동 103호 (월평동, 월평타운)",042-534-5399,042-534-5399,4,108,0,4,5,20,12,36.35188685,127.359656,운영,,1999-10-08,,,
대전광역시,중구,선영어린이집,민간,정상,34823,대전광역시 중구 동서대로1321번길 71 (용두동),042-255-2274,042-255-2275,6,246,1,8,16,82,44,36.33159433,127.4037101,운영,,1999-10-07,,,
대전광역시,서구,구름빵어린이집,가정,폐지,35205,"대전광역시 서구 청사로 281 202동 101호 (둔산동, 샘머리아파트2단지)",042-365-9224,--,3,105,0,3,0,19,0,36.36176,127.39442,운영,,1999-10-03,,,2016-03-28
대전광역시,유성구,리틀영재어린이집,가정,폐지,34010,"대전광역시 유성구 구즉로 16 108동 107호(송강동, 한마을아파트)",042-935-4200,042-935-4201,4,85,0,0,0,19,0,36.42441586,127.3850691,운영,8525319@hanmail.net,1999-08-26,,,2020-02-04
대전광역시,동구,담쟁이어린이집,민간,폐지,34580,대전광역시 동구 성남로 16-1 (성남동),042-633-0456,042-633-1251,8,433,1,12,0,96,0,36.34376308,127.4320429,운영,,1999-08-25,,,2019-12-02
대전광역시,동구,다사랑어린이집,민간,폐지,34599,대전광역시 동구 갱이길 3 (가양동),042-626-0079,042-622-6041,6,257,2,11,0,57,0,36.3389596,127.4410652,운영,http://dasarang.kidis.co.kr/,1999-08-10,,,2017-04-24
대전광역시,서구,그림나라어린이집,민간,폐지,302902,대전 서구 관저2동 구봉마을8단지 관리사무소내 그림나라어린이집 ,042-544-0777,--,0,0,0,0,0,27,0,,,,,1999-07-02,,,2008-06-30
대전광역시,서구,뿌리랑새싹어린이집,가정,폐지,35373,"대전광역시 서구 관저로 84 812동 104호 (관저동, 구봉마을8단지)",042-544-2467,042-544-2467,3,56,0,4,0,18,0,36.297413,127.33013,운영,,1999-06-26,,,2026-03-27
대전광역시,서구,관저라온어린이집,민간,정상,35374,"대전광역시 서구 관저로 48 (관저동, 구봉마을7단지)",042-542-7171,042-542-0220,5,149,1,8,13,49,33,36.29784379582195,127.32850227249904,운영,,1999-06-24,,,
대전광역시,서구,꿈사랑어린이집,민간,폐지,35373,"대전광역시 서구 관저로 84 관리소내 (관저동, 구봉마을 8-1단지)",042-542-2535,042-545-2535,5,129,1,9,0,47,0,36.297413,127.33013,운영,,1999-06-09,,,2025-03-13
대전광역시,서구,싱글벙글어린이집,가정,폐지,35374,"대전광역시 서구 관저로 48 703동 104호 (관저동, 구봉마을7단지)",042-542-0785,--,3,79,0,4,0,15,0,36.29762136264469,127.32909973137195,미운영,,1999-06-08,,,2024-03-26
대전광역시,서구,일곱색깔어린이집,민간,정상,35277,대전광역시 서구 계룡로326번길 147 (갈마동),042-533-6264,--,6,232,1,12,6,51,10,36.34753055,127.3657968,운영,cafe.daum.net/sevencolor5336264 ,1999-06-01,,,
대전광역시,서구,샘머리어린이집,민간,정상,35205,"대전광역시 서구 청사로 281 관리사무소 1층 (둔산동,샘머리아파트2단지)",042-483-1020,042--,5,152,1,8,16,49,33,36.361362654336574,127.39328217139438,미운영,,1999-05-25,,,
대전광역시,유성구,예은어린이집,가정,폐지,34010,"대전광역시 유성구 구즉로 16 106동 107호(송강동, 한마을아파트)",042-935-9322,042-935-9322,4,85,0,4,0,18,0,36.42391633,127.3844965,미운영,,1999-05-14,,,2019-03-11
대전광역시,서구,에코비어린이집,가정,폐지,35386,"대전광역시 서구 가수원로 98 1동 105호 (가수원동, 계룡아파트)",042-541-9976,042-541-9976,3,102,0,3,0,16,0,36.30290057,127.3508029,미운영,,1999-05-03,,,2017-03-31
대전광역시,중구,신나라어린이집,민간,폐지,34903,대전광역시 중구 동서대로1304번길 60 (오류동),042-533-3149,042-533-3149,4,184,0,6,0,36,0,36.32625029,127.4066801,미운영,,1999-04-16,,,2022-11-03
대전광역시,서구,작은천국어린이집,가정,정상,35249,"대전광역시 서구 둔산남로 127 102동 107호 (둔산동, 목련아파트)",042-484-6619,--,4,158,2,5,8,20,17,36.34964386398027,127.39126950413043,미운영,,1999-04-07,,,
대전광역시,서구,대자연어린이집,가정,폐지,35359,"대전광역시 서구 관저북로 52 109동 104호 (관저동, 대자연마을아파트)",042-541-3316,--,3,95,0,3,0,15,0,36.30638648,127.3386124,미운영,,1999-02-04,,,2017-03-17
대전광역시,중구,행복한꼬마숲 어린이집,가정,폐지,34885,"대전광역시 중구 태평로 55 408동 15호(태평동, 삼부아파트4단지)",042-534-8010,--,4,133,0,4,0,19,0,36.32225077,127.392016,미운영,,1999-01-27,,,2018-04-04
대전광역시,서구,배재대학교부속어린이집,법인·단체등,정상,35345,대전광역시 서구 배재로 155-40 (도마동),042-520-5778,042-520-5779,5,299,2,9,15,59,35,36.31931009,127.3665189,미운영,,1999-01-23,,,
대전광역시,동구,등대어린이집,가정,폐지,34558,대전광역시 동구 동산초교로 10 (홍도동),042-634-5004,042-634-5012,4,145,0,6,0,20,0,36.34546027562994,127.4281653440688,운영,,1999-01-21,,,2022-05-24
대전광역시,중구,예그리나어린이집,민간,폐지,35032,대전광역시 중구 문창로 21-21 ,042-256-5063,042-256-6655,11,341,1,15,0,74,0,36.31530335,127.4352573,운영,,1999-01-20,,,2016-03-08
대전광역시,유성구,천사어린이집,사회복지법인,정상,34232,"대전광역시 유성구 진잠로42번길 88 (원내동, 진잠타운아파트)",042-545-3355,042-545-4149,8,494,2,16,15,135,59,36.295896460388626,127.32048696936302,운영,,1998-11-11,,,
대전광역시,서구,소리빛어린이집,가정,폐지,35205,"대전광역시 서구 청사로 281 206동 104호 (둔산동, 샘머리아파트2단지)",042-369-7165,042-369-7165,4,107,0,4,0,19,0,36.36176,127.39442,미운영,,1998-10-28,,,2020-03-04
대전광역시,중구,하늘어린이집,가정,폐지,34809,대전광역시 중구 목중로 69 관리사무소1층 (중촌동),042-222-2340,--,3,109,0,3,0,20,0,36.33868871,127.4065601,운영,jxinsuk@hanmail.net,1998-10-21,,,2023-07-26
대전광역시,유성구,양지어린이집,가정,정상,34049,"대전광역시 유성구 엑스포로 448 303동 102호(전민동, 엑스포아파트)",042-385-6054,--,4,84,1,5,7,20,18,36.39930032,127.4005044,미운영,,1998-09-25,,,
대전광역시,유성구,엔젤키즈어린이집,가정,폐지,34049,"대전광역시 유성구 엑스포로 448 101동 104호(전민동, 엑스포아파트)",042-863-9816,042-863-9816,4,85,0,4,0,19,0,36.40722434,127.4136454,미운영,http://cafe.naver.com/0428639816,1998-09-25,,,2017-12-29
대전광역시,중구,지니키즈어린이집,민간,폐지,34969,대전광역시 중구 계백로1618번길 65 (유천동),042-583-0009,042-585-0603,5,167,1,7,0,49,0,36.31608579,127.4008537,운영,,1998-09-12,,,2020-06-01
대전광역시,유성구,산들어린이집,사회복지법인,정상,34124,대전광역시 유성구 엑스포로295번길 43 (원촌동),042-864-3232,042-862-3234,6,464,1,14,14,104,50,36.38257812,127.4034393,운영,,1998-08-29,,,
대전광역시,유성구,친구랑어린이집,협동,정상,34095,대전광역시 유성구 하기로66번길 94 (하기동),042-867-5565,042-867-5565,4,175,0,0,9,34,27,36.38548845552778,127.33637697556478,미운영,http://tjfriends1004.imweb.me/,1998-08-27,,,
대전광역시,서구,대전청사아람어린이집,직장,정상,35208,대전광역시 서구 청사로 189 정부대전청사 (둔산동),042-472-4200,042-472-3356,15,928,1,34,51,300,156,36.3630209,127.3848962,미운영,https://www.instagram.com/tjkid_aram,1998-08-01,,,
대전광역시,서구,효성열린어린이집,민간,정상,35401,"대전광역시 서구 도산로 11 관리소 1층 (도마동, 효성타운아파트)",042-582-5004,042-582-5020,4,178,1,5,13,30,28,36.31054674,127.3834879,미운영,,1998-07-31,,,
대전광역시,서구,동화숲어린이집,가정,정상,35216,"대전광역시 서구 청사로 65 110동 103호 (월평동, 황실타운아파트)",042-488-6088,042-488-6088,3,59,0,4,5,20,11,36.3609518,127.3717596,미운영,,1998-06-22,,,
대전광역시,유성구,햇님어린이집,가정,폐지,34116,대전광역시 유성구 신성로98번길 17 101호 (신성동),042-862-2532,042-862-2532,4,85,0,5,0,20,0,36.3910705,127.3508954,미운영,,1998-06-10,,,2019-01-30
대전광역시,서구,별님달님어린이집,가정,정상,35398,"대전광역시 서구 정림서로 114 103동 106호 (정림동, 삼정아파트)",042-582-0153,042-582-0154,3,105,0,4,7,19,12,36.29796658,127.3631009,운영,,1998-04-08,,,
대전광역시,서구,은혜어린이집,가정,정상,35398,"대전광역시 서구 정림서로 162-18 관리사무소 1층 (정림동, 강변들보람아파트)",042-586-7942,042-586-7942,4,79,0,4,5,20,5,36.30126081,127.364487,미운영,,1998-03-31,,,
대전광역시,동구,예쁜어린이집,민간,정상,34513,대전광역시 동구 백룡로11번길 125 (자양동),042-673-6041,042-637-6041,6,156,1,9,8,49,14,36.34081101,127.4475142,운영,,1998-03-26,,,
대전광역시,서구,아이앤아이어린이집,가정,정상,35217,"대전광역시 서구 월평동로 45 109동 105호 (월평동, 진달래아파트)",042-486-0507,042-544-0396,3,79,0,4,7,18,12,36.35908639,127.3668385,미운영,https://cafe.naver.com/iandikiz,1998-03-21,,,
대전광역시,중구,천사어린이집,가정,폐지,34899,"대전광역시 중구 계백로1615번길 34 105동 107호(유천동, 현대아파트)",042-535-6403,--,4,91,0,4,0,20,0,36.31540958,127.399184,운영,diwktn05@hanmail.net,1998-03-19,,,2018-04-30
대전광역시,서구,하이캠어린이집,민간,폐지,35224,대전광역시 서구 계룡로325번길 16 (월평동),042-488-9990,042-489-0233,4,187,1,6,0,58,0,36.35513382,127.3655313,미운영,,1998-03-05,,,2025-03-07
대전광역시,동구,솔파란어린이집,민간,폐지,300831,대전 동구 자양동 155-3 ,042-629-6752,042-629-6753,2,88,0,0,0,26,0,,,,,1998-03-03,,,2011-03-02
대전광역시,중구,미래로어린이집,법인·단체등,정상,34887,대전광역시 중구 계백로1571번길 46-8 ,042-532-8067,042-526-0164,6,287,1,9,20,67,51,36.32041225,127.3941507,운영,https://blog.naver.com/oh5366,1998-03-03,,,
대전광역시,서구,햇빛어린이집,가정,폐지,35273,"대전광역시 서구 갈마로117번길 16-9 101호 (갈마동, 부길빌라)",042-526-3391,--,4,80,0,4,0,18,0,36.34309208451168,127.37228133762615,미운영,hbch.ohpy.com,1998-03-02,,,2022-05-18
대전광역시,서구,그린어린이집,가정,폐지,35206,"대전광역시 서구 청사로 282 9동 102호 (둔산동, 수정타운아파트)",042-484-9261,--,3,79,0,0,0,15,0,36.35911,127.39879,미운영,,1998-03-02,,,2017-01-13
대전광역시,유성구,신성어린이집,법인·단체등,폐지,34116,대전광역시 유성구 신성로 96 (신성동),042-863-2111,042-863-0032,4,338,2,0,0,79,0,36.39131281,127.3503751,운영,cafe.daum.net/shinsung2111,1998-02-27,,,2016-05-02
대전광역시,서구,피터팬어린이집,가정,폐지,35397,"대전광역시 서구 정림로 55 102동 104호 (정림동, 강변들보람아파트)",042-586-2543,--,3,102,0,6,0,20,0,36.3045722743167,127.36508012683741,운영,,1998-02-21,,,2019-01-31
대전광역시,동구,사회복지법인 혜민어린이집,사회복지법인,정상,34689,대전광역시 동구 대전로542번길 24 (천동),042-271-1240,042-274-1240,7,597,1,12,11,89,21,36.31278548757607,127.44637713540047,운영,,1998-02-17,,,
대전광역시,중구,중촌사회복지관어린이집,국공립,정상,34802,대전광역시 중구 대전천서로 695 (중촌동),042-221-2578,042-221-2329,4,121,0,8,12,33,31,36.34433744,127.41051,운영,jcwelfare.or.kr,1998-02-12,,,
대전광역시,유성구,사과가쿵어린이집,민간,정상,34232,"대전광역시 유성구 진잠로42번길 88 (원내동, 진잠타운아파트관리동)",042-545-3384,042-543-3384,6,190,2,7,10,70,25,36.29786061952494,127.32232079988063,운영,https://cafe.naver.com/applekong,1998-02-10,,,
대전광역시,동구,초롱어린이집,민간,폐지,34664,대전광역시 동구 동부로 55-33 (판암2동),042-285-7543,042-285-6858,5,197,1,10,0,61,0,36.32279332,127.4569723,운영,,1998-02-06,,,2022-04-08
대전광역시,중구,색동어린이집,사회복지법인,정상,35080,대전광역시 중구 유등천동로198번길 13 (산성동),042-583-4747,042-583-4848,7,320,1,11,20,128,69,36.30230843,127.3845404,운영,,1998-01-24,,,
대전광역시,동구,예빛어린이집,국공립,정상,34702,대전광역시 동구 산내로 1352-25 (낭월동),042-274-0593,042-274-0593,4,84,1,8,5,20,8,36.28470747,127.4682568,운영,,1998-01-02,,,
대전광역시,동구,사랑뜰어린이집,국공립,정상,34674,대전광역시 동구 동부로 56-7 (판암2동),042-283-9193,042-273-9193,8,223,2,18,9,57,20,36.32114867444024,127.45962562705333,운영,,1998-01-01,,,
대전광역시,동구,대동어린이집,국공립,정상,34651,대전광역시 동구 백룡로48번길 79 (대동),042-622-4983,042-624-0710,6,172,1,7,13,43,27,36.33089582,127.4515038,운영,,1997-12-31,,,
대전광역시,동구,백합어린이집,민간,폐지,34513,대전광역시 동구 성동로 74 (자양동),042-627-8604,042-627-8605,5,183,1,11,0,52,0,36.341813,127.4521692,운영, ,1997-12-23,,,2023-06-21
대전광역시,유성구,경인어린이집,사회복지법인,정상,34063,대전광역시 유성구 북유성대로316번길 38 (반석동),042-824-0625,042-825-0625,6,180,1,17,10,72,13,36.39454331,127.314343,운영,,1997-12-16,,,
대전광역시,중구,별초롱어린이집,가정,정상,34812,"대전광역시 중구 목중로26번길 29 113동 103호(중촌동, 현대아파트)",042-257-4515,--,4,84,0,4,8,19,15,36.33794908,127.4113579,운영,,1997-12-11,,,
대전광역시,서구,엄마사랑어린이집,가정,폐지,35231,대전광역시 서구 갈마역로11번길 24 (갈마동),042-486-5027,042-486-5028,4,185,0,4,0,20,0,36.35218806,127.3726055,운영,,1997-12-08,,,2019-01-22
대전광역시,동구,판암사회복지관행복어린이집,국공립,정상,34676,대전광역시 동구 옥천로 152-9 판암사회복지관행복어린이집 (판암동),042-271-5292,042-273-7982,4,144,3,8,12,49,34,36.31741076,127.4577045,운영,panam.kidsnote.ac,1997-11-24,,,
대전광역시,서구,정원어린이집,민간,폐지,35293,대전광역시 서구 가장로 66 (괴정동),042-525-8626,042-525-8626,5,270,0,8,0,39,0,36.33653589,127.3822417,운영,,1997-11-19,,,2022-10-31
대전광역시,유성구,풀꽃어린이집,민간,폐지,34232,"대전광역시 유성구 원내로 52 (원내동, 샘물타운아파트내)",042-545-7959,070-4324-7959,5,145,0,7,0,28,0,36.29904106,127.3213602,운영,,1997-11-14,,,2025-08-19
대전광역시,서구,예쁜무지개어린이집,가정,폐지,35272,"대전광역시 서구 갈마중로16번길 7 109호(갈마동, 한국도로공사조합아파트)",042-525-2809,0-0-0,4,60,0,4,0,19,0,36.34126094,127.3775189,운영,,1997-10-16,,,2020-11-10
대전광역시,서구,갈마어린이집,민간,정상,35282,"대전광역시 서구 신갈마로 95 관리동 (갈마동, 갈마아파트)",042-535-5732,042-384-5732,5,217,1,6,8,49,18,36.34313949909624,127.3673186093831,미운영,,1997-10-15,,,
대전광역시,중구,햇살가득어린이집,가정,정상,34990,"대전광역시 중구 보문산로 31 106동 108호(산성동, 한밭가든아파트)",042-585-6679,042-585-6679,4,51,0,4,5,18,4,36.30632091,127.3836882,운영,,1997-10-06,,,
대전광역시,서구,초록별어린이집,민간,정상,35358,"대전광역시 서구 관저북로 80 복지관 내 (관저동, 원앙마을2단지아파트)",042-545-4403,070-8244-4403,6,113,0,6,9,33,16,36.3099764403,127.3391483077,미운영,,1997-09-30,,,
대전광역시,중구,삼부어린이집,가정,폐지,34885,"대전광역시 중구 태평로 65 34동 12호(태평동, 삼부아파트3단지)",042-535-0650,042-535-0650,4,111,1,5,0,20,0,36.32378062,127.3913915,운영,jhh7412@naver.com,1997-09-11,,,2021-03-12
대전광역시,서구,예랑어린이집,가정,폐지,35340,대전광역시 서구 도림6길 108 (도마동),042-526-7973,--,4,274,1,8,0,20,0,36.31250506,127.3698156,운영,,1997-09-11,,,2025-04-23
대전광역시,동구,꼬망세키즈어린이집,가정,폐지,34692,대전광역시 동구 대전로 450 (가오동),042-283-0114,042-283-0114,3,84,0,4,0,19,0,36.30625275,127.4522566,미운영,,1997-09-10,,,2025-06-30
대전광역시,서구,호호어린이집,가정,폐지,35404,"대전광역시 서구 복수서로 10 4동 105호 (복수동, 계룡아파트)",042-585-5859,--,3,69,0,0,0,14,0,36.3068268,127.373685,미운영,mikyoung0805.hanmail.net,1997-09-04,,,2016-06-10
대전광역시,중구,미술나라어린이집,가정,폐지,34907,"대전광역시 중구 계룡로 852 11동 105호(오류동, 삼성아파트)",042-525-5847,042-525-5847,4,84,0,6,0,19,0,36.32380819,127.4074637,미운영,,1997-09-03,,,2025-03-17
대전광역시,서구,소엽영재어린이집,가정,폐지,35334,대전광역시 서구 제비네1길 104 (도마동),042-535-4533,042-535-4537,4,95,0,4,0,20,0,36.31570534,127.374094,운영,,1997-09-03,,,2026-03-27
대전광역시,서구,샘이나어린이집,가정,정상,35359,"대전광역시 서구 관저북로 52 104동 106호 (관저동, 대자연마을아파트)",042-545-1635,--,4,115,0,4,7,20,11,36.30638648,127.3386124,운영,,1997-08-29,,,
대전광역시,서구,늘기쁜원앙어린이집,민간,정상,35364,"대전광역시 서구 관저북로 14 (관저동, 원앙마을4단지아파트)",042-543-7942,0504-256-4617,3,74,0,4,11,25,19,36.302789477344255,127.33884107464743,미운영,,1997-08-08,,,
대전광역시,서구,꽃망울놀이방,가정,폐지,302758,대전 서구 관저1동 주공원앙마을1단지 105동102호 ,042-545-9801,--,0,0,0,0,1,17,0,,,,,1997-08-07,,,2008-11-03
대전광역시,동구,아장아장어린이집,가정,폐지,34594,대전광역시 동구 가양로80번길 47 (가양동),042-627-9184,--,4,71,0,0,0,14,0,36.34158727,127.4436899,운영,,1997-06-17,,,2014-07-28
대전광역시,동구,조은아이어린이집,가정,정상,34677,"대전광역시 동구 옥천로180번길 23 201동 105호(판암동, 주공아파트2단지)",042-274-2211,042-274-1211,4,54,0,4,5,19,7,36.31717069,127.4630194,미운영,,1997-06-17,,,
대전광역시,중구,캔키즈어린이집,민간,폐지,34814,대전광역시 중구 목중로20번길 12 (중촌동),042-256-7445,042-223-7445,8,332,1,16,0,113,0,36.33610479804249,127.41212398755597,운영,,1997-06-12,,,2019-12-10
대전광역시,유성구,진잠경험놀이어린이집,가정,폐지,34226,"대전광역시 유성구 진잠로149번길 30 208동 103호 (교촌동, 한승미메이드아파트)",042-541-3022,042-541-3022,4,71,0,4,0,20,0,36.304966787500234,127.31782076484367,미운영,,1997-05-29,,,2022-03-16
대전광역시,중구,호크마시온 어린이집,민간,폐지,35055,대전광역시 중구 가재울로4번길 43 (산성동),042-586-5887,042-367-3888,5,170,1,6,0,39,0,36.30463079,127.3880207,운영,,1997-05-22,,,2018-03-12
대전광역시,유성구,파란나라어린이집,가정,폐지,305762,대전 유성구 전민동 엑스포아파트 509-101 ,042-863-5490,--,0,0,0,0,0,20,0,,,,,1997-04-29,,,2017-01-10
대전광역시,서구,YWCA여성인력개발센터어린이집,가정,폐지,302845,대전 서구 용문동 594-1번지 ,042-534-4340,042-532-2735,1,75,0,0,0,7,0,,,,www.djjob.or.kr,1997-04-17,,,2011-03-16
대전광역시,동구,푸른들어린이집,민간,폐지,34663,대전광역시 동구 동부로 89 (용운동),042-272-3838,042-272-3838,4,129,0,4,0,32,0,36.32253812,127.4623233,운영,,1997-04-10,,,2016-07-05
대전광역시,유성구,아이랜드어린이집,민간,폐지,34107,대전광역시 유성구 신성로71번길 58 (신성동),042-862-3355,042-862-3355,4,145,0,0,0,34,0,36.39167938,127.349837,운영,,1997-03-06,,,2015-04-07
대전광역시,유성구,낮은울타리어린이집,가정,폐지,34048,"대전광역시 유성구 엑스포로 501 107동 102호(전민동, 나래아파트)",042-863-3503,042-863-3503,4,85,0,4,0,19,0,36.4016674,127.4034707,미운영,,1997-03-06,,,2018-03-27
대전광역시,유성구,진잠어린이집,법인·단체등,정상,34227,대전광역시 유성구 진잠로140번길 21 (원내동),042-545-1003,042-545-1003,4,158,1,7,9,37,22,36.30254244,127.3175653,미운영,,1997-03-04,,,
대전광역시,유성구,친구사이어린이집,가정,폐지,34011,"대전광역시 유성구 구즉로 25 310동 105호(송강동, 송강그린아파트)",042-933-7942,042-933-7942,4,85,0,4,0,18,0,36.432846,127.3819,미운영,,1997-02-11,,,2018-01-16
대전광역시,유성구,샘물어린이집,가정,폐지,34232,"대전광역시 유성구 원내로 52 302동 101호(원내동, 샘물타운아파트)",042-545-0289,--,4,85,0,4,0,19,0,36.29904106,127.3213602,운영,,1997-02-05,,,2022-03-07
대전광역시,유성구,상아어린이집,사회복지법인,정상,34106,대전광역시 유성구 하기로 151 (하기동),042-863-6780,042-863-6781,5,186,1,9,11,79,17,36.38998465,127.3459642,운영,,1997-02-04,,,
대전광역시,서구,목련어린이집,국공립,정상,35284,대전광역시 서구 신갈마로 58-22 (내동),042-523-2506,042-522-2506,4,186,1,9,12,54,40,36.33961994,127.3681045,미운영,,1997-02-01,,,
대전광역시,서구,양지어린이집,민간,폐지,35225,대전광역시 서구 월평로 18 (월평동),042-484-0181,--,3,148,0,4,0,32,0,36.35557527,127.3594197,운영,,1997-01-29,,,2020-05-18
대전광역시,서구,삼천선교어린이집,가정,폐지,35245,"대전광역시 서구 둔산로 201 105동 109호 (둔산동, 국화아파트)",042-482-4279,042-482-4279,5,134,0,5,0,20,0,36.35123849,127.3950439,운영,,1997-01-23,,,2018-12-03
대전광역시,유성구,송강푸른어린이집,가정,폐지,34011,"대전광역시 유성구 구즉로 25 308동 106호(송강동, 송강그린아파트)",042-933-1276,042-933-1276,4,85,0,4,0,19,0,36.432846,127.3819,미운영,,1997-01-22,,,2017-03-17
대전광역시,중구,오류어린이집,법인·단체등,폐지,34872,대전광역시 중구 오류로 98 (오류동),042-712-1381,042-712-1389,4,108,1,8,0,28,0,36.32904954,127.4026937,미운영,https://blog.naver.com/orii8388,1997-01-21,,,2026-03-21
대전광역시,유성구,우리어린이집,직장,정상,34139,대전광역시 유성구 대학로 211 (어은동),042-611-2745,042-611-2945,6,275,3,26,18,70,48,36.36244696,127.3563514,미운영,,1997-01-20,,,
대전광역시,유성구,재능어린이집,가정,정상,34011,"대전광역시 유성구 구즉로 25 312동 104호(송강동, 송강그린아파트)",042-934-3696,042-934-3696,3,82,0,4,12,19,15,36.432846,127.3819,미운영,,1997-01-07,,,
대전광역시,서구,만년어린이집,민간,재개,35200,대전광역시 서구 만년남로11번길 50 1층 (만년동),042-487-6428,0504-172-2205,6,330,1,6,2,67,3,36.36641199,127.3739099,미운영,http://club.cyworld.com/lovemn,1997-01-04,,,
대전광역시,동구,홍도어린이집,사회복지법인,정상,34555,대전광역시 동구 홍도로39번길 33 (홍도동),042-627-6745,042-634-6745,8,448,1,16,22,104,59,36.34818875,127.4268737,운영,,1996-12-30,,,
대전광역시,동구,참사랑어린이집,민간,폐지,34524,대전광역시 동구 새울로 147-16 (용운동),042-283-5863,042-283-5862,6,296,1,10,0,94,0,36.33184438,127.4633141,운영,https://blog.naver.com/truelove2835863,1996-12-27,,,2025-03-01
대전광역시,동구,숲속예능어린이집,민간,폐지,34710,대전광역시 동구 학고개로 66-10 (이사동),042-282-6700,042-282-6700,7,315,1,10,0,90,0,36.29342356,127.4518987,운영,,1996-12-18,,,2022-04-08
대전광역시,중구,옥계어린이집,가정,폐지,35076,"대전광역시 중구 모암로7번길 148 102호(옥계동,은광빌라)",042-272-8360,--,4,78,0,4,0,16,0,36.30401464,127.4486624,미운영,,1996-12-16,,,2017-08-18
대전광역시,중구,새샛별어린이집,민간,폐지,34953,대전광역시 중구 테미로 3 (대흥동),042-255-0072,042-256-0072,7,483,2,11,0,93,0,36.31879795,127.4197331,운영,,1996-12-10,,,2021-10-29
대전광역시,유성구,동화나라어린이집,가정,폐지,34119,"대전광역시 유성구 가정로 63 106동 102호(신성동, 럭키하나아파트)",042-862-2500,042-862-2500,4,85,2,5,0,20,0,36.3856816,127.3493285,운영,,1996-10-29,,,2025-05-19
대전광역시,동구,꿈동산어린이집,민간,정상,34517,대전광역시 동구 성동로 49-5 (자양동),042-627-8698,042-627-8697,14,696,1,23,7,155,20,36.33979462,127.4520631,운영,https://꿈동산.com,1996-10-18,,,
대전광역시,서구,예슬어린이집,법인·단체등,폐지,302845,대전 서구 용문동 280-78번지 ,042-525-6629,042-525-6628,0,10,0,0,0,53,0,,,,,1996-09-09,,,2009-02-28
대전광역시,서구,용문롯데어린이집,민간,폐지,35302,대전광역시 서구 괴정로181번길 10 (용문동),042-535-5279,042-535-5279,6,200,2,12,0,49,0,36.33646178368019,127.39282085768131,운영,,1996-09-09,,,2018-12-18
대전광역시,서구,등불어린이집,법인·단체등,폐지,35256,대전광역시 서구 탄방로 35 (탄방동),042-485-1482,042-485-1482,5,258,1,20,0,99,0,36.34455927,127.3921835,운영,,1996-08-29,,,2021-03-18
대전광역시,서구,푸른나라어린이집,가정,폐지,35244,"대전광역시 서구 둔산북로 215 11동 101호 (둔산동, 가람아파트)",042-486-5938,--,4,120,2,4,0,20,0,36.35123849,127.3950439,미운영,,1996-08-17,,,2016-05-19
대전광역시,동구,솔로몬 어린이집,민간,정상,34561,대전광역시 동구 대전로994번길 75 솔로몬 어린이집 (홍도동),042-622-6548,042-627-1427,5,192,0,7,7,32,10,36.34432417183755,127.42458892726052,운영,,1996-08-05,,,
대전광역시,동구,키즈숲어린이집,민간,폐지,34681,대전광역시 동구 신기로 161 (가오동),042-273-3937,042-273-3937,6,189,0,6,0,49,0,36.31089899,127.4620446,운영,,1996-08-05,,,2022-09-01
대전광역시,서구,또래어린이집,가정,폐지,35396,대전광역시 서구 정림동로20번길 1 (정림동),042-584-7963,042-584-7963,5,165,0,4,0,20,0,36.30470012,127.3677427,미운영,,1996-07-01,,,2020-01-30
대전광역시,유성구,엑스포솜사탕어린이집,가정,폐지,34049,"대전광역시 유성구 엑스포로 448 106동 108호(전민동, 엑스포아파트)",042-863-7331,--,4,84,0,0,0,19,0,36.40762218,127.4131753,운영,,1996-06-10,,,2016-03-08
대전광역시,서구,파랑새어린이집,민간,폐지,35264,대전광역시 서구 도솔로 422 (탄방동),042-526-8954,--,6,265,1,6,0,59,0,36.34288861,127.3913454,운영,,1996-05-29,,,2018-03-16
대전광역시,유성구,하늬바람어린이집,가정,정상,34140,"대전광역시 유성구 어은로 57 129동 107호(어은동, 한빛아파트)",042-365-1717,042-365-1717,4,85,0,4,9,20,19,36.36321247579605,127.35472419785787,미운영,,1996-04-26,,,
대전광역시,대덕구,한마음어린이집,가정,정상,34322,대전광역시 대덕구 대덕대로1470번길 55 (목상동),042-933-2985,042-933-2985,4,67,1,5,8,20,14,36.44677142,127.413657,운영,,1996-04-10,,,
대전광역시,유성구,한솔아이나라어린이집,가정,정상,34010,"대전광역시 유성구 송강로 15 201동 102호(송강동, 한솔아파트)",042-933-3822,042-933-3822,4,89,2,4,4,18,2,36.43795037,127.3880174,미운영,,1996-03-14,,,
대전광역시,서구,한세어린이집,민간,폐지,35266,대전광역시 서구 갈마로147번길 26 (괴정동),042-532-7890,042-522-8464,4,121,1,5,0,46,0,36.34094088,127.3750785,운영,,1996-02-26,,,2017-04-19
대전광역시,유성구,서광어린이집,민간,폐지,34227,대전광역시 유성구 진잠로92번길 91 (원내동),042-543-3392,042-367-6301,7,425,2,13,0,99,0,36.30068303,127.3207068,운영,,1996-02-26,,,2020-01-14
대전광역시,유성구,예랑어린이집,가정,폐지,34067,"대전광역시 유성구 반석서로 109 708동 101호(반석동, 반석마을7단지아파트)",042-384-7979,042-384-7979,4,85,1,4,0,19,0,36.38901111,127.320578,미운영,,1996-02-26,,,2016-08-05
대전광역시,유성구,파란어린이집,가정,폐지,34048,"대전광역시 유성구 엑스포로 501 109동 104호(전민동, 나래아파트)",042-863-3193,042-863-3193,4,103,0,4,0,16,0,36.35148375,127.3345378,미운영,,1996-02-26,,,2019-02-07
대전광역시,동구,베델어린이집,법인·단체등,폐지,34543,대전광역시 동구 계족로476번길 33 (용전동),042-622-3125,042-621-0686,3,89,0,5,0,32,0,36.35430116,127.4346638,운영,www.cyworld.com/bethel3126,1996-02-21,,,2017-07-05
대전광역시,서구,나경놀이방,가정,폐지,302172,대전 서구 갈마2동     경성큰마을(아) 111-103 ,042-526-8240,--,4,4,0,0,0,18,0,,,,,1996-02-16,,,1996-07-30
대전광역시,서구,서구그린어린이집,사회복지법인,정상,35272,대전광역시 서구 갈마중로8번길 23 (갈마동),042-524-3284,042-524-3184,6,257,1,10,14,97,53,36.34651211,127.3705644,운영,,1996-02-15,,,
대전광역시,유성구,정원어린이집,사회복지법인,정상,34156,대전광역시 유성구 박산로 91 (구암동),042-823-4638,042-823-4637,10,349,1,16,20,131,68,36.35373065,127.3201471,운영,https://blog.naver.com/jungwon8234638,1996-02-07,,,
대전광역시,서구,대전광역시청어린이집,직장,정상,35242,대전광역시 서구 둔산로 100 (둔산동),042-270-2358,042-471-6270,6,183,1,16,18,62,60,36.35254432,127.386017,미운영,,1996-02-01,,,
대전광역시,유성구,신세대어린이집,사회복지법인,정상,34225,대전광역시 유성구 교촌로6번길 45-14 (교촌동),042-544-2500,042-544-0038,16,625,1,17,2,130,0,36.30202622,127.3142919,운영,,1996-01-29,,,
대전광역시,유성구,큰나무어린이집,민간,정상,34008,"대전광역시 유성구 봉산로 39 (송강동, 송강마을2단지 관리동)",042-933-6181,042-933-6181,3,138,0,4,10,32,21,36.43653647,127.3850605,운영,키즈노트,1996-01-25,,,
대전광역시,유성구,하늘어린이집,가정,정상,34008,"대전광역시 유성구 송강로42번길 61 205동 105호(송강동, 청솔아파트)",042-361-3282,042-361-3282,4,85,0,4,6,18,8,36.43580599455873,127.38318658092008,미운영,,1996-01-18,,,
대전광역시,동구,재능나라어린이집,민간,폐지,34560,대전광역시 동구 옛신탄진로75번길 61 (홍도동),042-627-5405,042-624-5406,6,248,1,8,0,86,0,36.34690466,127.4190723,운영,https://jaeneng.kidsnote.ac/home/main,1996-01-12,,,2020-03-09
대전광역시,중구,해나라어린이집,직장,정상,34811,대전광역시 중구 목중로35번길 11 (목동),042-220-8651,042-220-8652,7,114,0,16,8,30,11,36.33794908,127.4113579,미운영,,1995-12-20,,,
대전광역시,서구,경성햇살어린이집,가정,정상,35265,"대전광역시 서구 대덕대로 150 126동 108호 (갈마동, 큰마을아파트)",042-362-4309,042-528-4309,3,60,0,4,7,20,15,36.34507,127.37692,미운영,,1995-12-02,,,
대전광역시,중구,한가족어린이집,직장,정상,34939,대전광역시 중구 중앙로 100 중구청내 어린이집 (대흥동),042-606-6973,042-606-6974,4,122,1,4,7,33,15,36.32557591972665,127.421294269605,운영,,1995-11-27,,,
대전광역시,서구,꿈나래어린이집,가정,정상,35265,"대전광역시 서구 대덕대로 150 116동 101호 (갈마동, 큰마을아파트)",042-533-7527,042-533-7527,4,106,0,4,5,20,7,36.34507,127.37692,미운영,,1995-11-24,,,
대전광역시,동구,파워랜드어린이집,민간,정상,34505,대전광역시 동구 충정로 63 (가양동),042-622-4965,042-622-4965,6,169,1,8,12,55,24,36.34651271,127.4558517,운영,,1995-11-04,,,
대전광역시,유성구,은평어린이집,가정,폐지,34008,"대전광역시 유성구 송강로42번길 61 310동 101호(송강동, 청솔아파트)",042-933-7444,042-933-7444,4,92,0,4,0,20,0,36.42941106,127.3785657,미운영,,1995-10-30,,,2024-02-29
대전광역시,유성구,사이언스대덕어린이집,직장,정상,34128,대전광역시 유성구 가정로 122 (신성동),042-863-2231,042-863-3154,15,678,2,48,43,228,159,36.3850477916,127.3577746296,미운영,https://stkids.kidsnote.ac/home/main,1995-10-04,,,
대전광역시,대덕구,중리종합사회복지관어린이집,국공립,정상,34382,대전광역시 대덕구 계족로663번길 34 (법동),042-632-6188,042-622-6188,4,151,4,6,11,42,31,36.37060438735281,127.42474171338293,운영,https://www.kidsnote.com/home/,1995-09-01,,,
대전광역시,대덕구,법동종합사회복지관어린이집,국공립,폐지,34397,대전광역시 대덕구 계족로664번길 27 (법동),042-633-1143,042-633-4512,6,170,0,10,0,72,0,36.37114528,127.4312199,운영,bubdong.com,1995-09-01,,,2022-11-01
대전광역시,서구,킹스키즈어린이집,민간,폐지,35399,대전광역시 서구 정림로10번길 6-5 (정림동),042-585-2368,042-585-2369,6,238,1,12,0,77,0,36.30123421,127.3671171,운영,,1995-08-31,,,2022-04-19
대전광역시,대덕구,꾸러기 어린이집,가정,폐지,34398,"대전광역시 대덕구 동춘당로 178 106동 101호(법동, 보람아파트)",042-624-0998,042-933-3461,4,99,0,4,0,20,0,36.369034,127.430244,운영,dltnqls6565.naver.com,1995-07-01,,,2017-03-10
대전광역시,대덕구,숲속어린이집,가정,정상,34398,"대전광역시 대덕구 동춘당로 178 107동 105호(법동, 보람아파트)",042-627-4775,--,4,76,0,5,7,20,17,36.369034,127.430244,운영,,1995-06-23,,,
대전광역시,중구,하나둘셋어린이집,민간,폐지,35028,대전광역시 중구 문창로 37-21 ,042-242-1230,042-257-1230,5,299,2,10,0,68,0,36.31630343,127.4338592,미운영,http://cafe.daum.net/onett123,1995-06-10,,,2023-03-09
대전광역시,서구,리틀꿈사랑어린이집,가정,폐지,35217,"대전광역시 서구 월평중로 50 101동 105호 (월평동, 전원아파트)",042-487-8901,--,3,85,0,4,0,19,0,36.359159391960176,127.36476890924795,미운영,yi3997120@naver.com,1995-05-29,,,2020-05-22
대전광역시,서구,현대어린이집,가정,폐지,35231,대전광역시 서구 갈마역로25번길 27-7 (갈마동),042-486-6314,042-486-6313,4,112,0,6,0,20,0,36.35248445,127.3727546,운영,,1995-05-23,,,2020-11-12
대전광역시,서구,숲속어린이집,가정,정상,35404,"대전광역시 서구 복수서로 10 3동 101호 (복수동, 계룡아파트)",042-585-2135,042-585-2135,3,102,0,4,4,18,4,36.3068268,127.373685,미운영,kehee0929@hanmail.net,1995-05-20,,,
대전광역시,서구,파란풍선어린이집,가정,폐지,35228,"대전광역시 서구 둔산로 15 106동 103호 (둔산동, 향촌아파트)",042-485-6880,042-485-6880,3,59,0,4,0,19,0,36.35386108,127.403644,미운영,,1995-05-20,,,2018-03-15
대전광역시,대덕구,대전광역시둥지어린이집,국공립,정상,34370,대전광역시 대덕구 대화로 77 둥지어린이집(대화동),042-621-2463,042-625-2464,5,336,1,9,10,50,19,36.366887203193976,127.4115686759168,미운영,doongzi.kidnote.ac,1995-05-01,,,
대전광역시,서구,대전은하수어린이집,민간,폐지,35269,대전광역시 서구 용문로 19 (괴정동),042-527-8348,042-527-8348,4,240,1,4,0,49,0,36.34068822,127.3864988,운영,,1995-04-12,,,2016-09-13
대전광역시,중구,문화어린이집,사회복지법인,정상,35007,대전광역시 중구 보문산로 209-14 ,042-583-6034,042-585-6034,5,449,1,6,19,94,34,36.30648095,127.4036954,운영,https://moonwhababies.modoo.at/,1995-03-07,,,
대전광역시,서구,삐아제어린이집,가정,폐지,35234,"대전광역시 서구 둔산남로 15 105동 101호 (둔산동, 은하수아파트)",042-485-4852,042-485-4852,3,105,0,4,0,20,0,36.350025,127.38007,미운영,,1995-02-22,,,2019-01-28
대전광역시,동구,성남어린이집,사회복지법인,정상,34580,대전광역시 동구 성남로32번길 28-17 (성남동),042-634-7355,042-624-9238,8,505,1,18,12,123,37,36.34456899,127.4305687,운영,https://instagram.com/sungnam1995,1995-01-25,,,
대전광역시,유성구,초원어린이집,가정,폐지,305729,대전 유성구 전민동 청구나래아파트 109동103호 ,042-863-0255,--,0,0,0,0,0,19,0,,,,,1995-01-25,,,2009-04-30
대전광역시,서구,달이어린이집,민간,정상,35311,대전광역시 서구 가장로 132 (가장동),042-526-6993,042-527-6993,7,390,1,22,12,119,51,36.33215404,127.3874981,운영,,1995-01-18,,,
대전광역시,서구,월평어린이집,국공립,정상,35211,"대전광역시 서구 월평북로 11 , 월평종합사회복지관 1층 (월평동, 주공3단지아파트)",042-484-6740,042-471-6740,6,367,1,14,15,60,28,36.36358136414631,127.37268159469472,미운영,wpkid.kidsnote.ac,1995-01-16,,,
대전광역시,중구,주공어린이집,민간,폐지,35009,대전광역시 중구 산성로 108-20 주공아파트2단지 관리동,042-585-3706,042-585-3706,4,147,0,4,0,33,0,36.3228397,127.4159577,미운영,네이버블로그: 주공어린이집,1995-01-07,,,2021-03-02
대전광역시,동구,조은어린이집,민간,폐지,300822,대전 동구 용운동 450-8 ,042-284-7763,--,0,0,0,0,0,37,0,,,,,1994-12-26,,,2008-03-14
대전광역시,동구,소나무 어린이집,민간,폐지,34521,대전광역시 동구 동부로198번길 162 (용운동),042-272-8897,--,5,441,1,13,0,39,0,36.33666733,127.4656081,운영,,1994-12-20,,,2026-03-31
대전광역시,동구,한솔어린이집,직장,정상,34691,대전광역시 동구 동구청로 147 (가오동),042-285-2834,042-285-2835,5,79,1,6,7,27,12,36.32377150841709,127.43791364609258,미운영,http://hansolkids.com/,1994-11-08,,,
대전광역시,대덕구,문평어린이집,국공립,정상,34301,대전광역시 대덕구 문평동로18번길 26 (문평동),042-933-4488,042-367-4489,8,422,1,16,10,76,12,36.44667564,127.4046835,운영,,1994-09-26,,,
대전광역시,서구,서원어린이집,가정,폐지,35207,"대전광역시 서구 청사로 254 102동 102호 (둔산동, 둥지아파트)",042-488-0373,--,3,102,0,4,0,18,0,36.35906,127.392654,미운영,,1994-09-24,,,2021-07-16
대전광역시,중구,백조어린이집,가정,폐지,34875,"대전광역시 중구 수침로 138 111동 101호(태평동, 유등마을아파트)",042-536-4802,042-536-4803,4,53,0,4,0,19,0,36.33175442,127.3987845,미운영,,1994-08-08,,,2024-05-14
대전광역시,서구,별나라어린이집,민간,정상,35275,대전광역시 서구 계룡로354번길 20 (갈마동),042-531-5497,042-531-5497,8,437,2,14,10,114,27,36.35275112,127.3672664,운영,,1994-07-12,,,
대전광역시,서구,예쁜아이어린이집,가정,정상,35389,대전광역시 서구 가수원중로 37 (가수원동),042-541-2739,--,4,108,0,4,7,20,18,36.30100693,127.3529418,운영,https://cafe.naver.com/glorykids,1994-04-27,,,
대전광역시,서구,성모어린이집,가정,폐지,35248,"대전광역시 서구 둔산로 155 117동 108호 (둔산동, 크로바아파트)",042-483-1939,--,4,105,0,0,0,20,0,36.35189660048969,127.3920551258324,미운영,,1994-04-21,,,2015-07-10
대전광역시,동구,수림어린이집,사회복지법인,재개,34537,대전광역시 동구 한밭대로1237번길 72 (용전동),042-626-2530,042-626-2530,5,105,0,8,13,33,22,36.359436096736054,127.43651453886498,운영,,1994-04-18,,,
대전광역시,동구,성불어린이집,사회복지법인,폐지,300260,대전 동구 대별동  211-5 ,042-273-1102,042-273-1105,0,341,0,0,0,141,0,,,,,1994-04-18,,,2009-10-14
대전광역시,서구,초롱어린이집,가정,폐지,35246,"대전광역시 서구 둔산로 223 7동 105호 (둔산동, 청솔아파트)",042-482-9710,--,3,80,2,4,0,20,0,36.35123849,127.3950439,미운영,,1994-04-14,,,2020-04-20
대전광역시,서구,대한어린이집,민간,폐지,35211,"대전광역시 서구 월평북로 11 , 관리소 2층(월평동, 주공2단지아파트)",042-484-8888,042-483-6002,6,189,4,6,0,42,0,36.36359226,127.3706987,운영,http://www.koreachild.co.kr/,1994-04-04,,,2023-03-01
대전광역시,유성구,친친어린이집,가정,폐지,305761,대전 유성구 전민동 엑스포아파트 212-102 ,042-863-2519,--,0,0,0,0,0,19,0,,,,,1994-03-31,,,2008-11-06
대전광역시,중구,성락어린이집,사회복지법인,정상,34854,대전광역시 중구 선화로43번길 13 (용두동),042-256-2694,042-720-9239,6,260,1,8,22,84,59,36.32757893,127.4125586,운영,,1994-03-30,,,
대전광역시,중구,킹베베어린이집,민간,폐지,34900,대전광역시 중구 유천로86번길 28-2 ,042-581-0092,--,5,157,1,6,0,34,0,36.32036383,127.3984822,운영,,1994-03-26,,,2024-06-28
대전광역시,유성구,송강어린이집,사회복지법인,정상,34008,대전광역시 유성구 봉산로 33 (송강동),042-934-1234,042-935-6567,11,688,2,16,31,213,113,36.43627985,127.3863307,운영,https://www.instagram.com/sg_love___?igsh=MXFnanl4cTBhZmI4MQ==,1994-03-07,,,
대전광역시,중구,하나빛어린이집,민간,폐지,35011,대전광역시 중구 보문산로77번길 8 (산성동),042-582-1025,042-584-1025,3,211,0,0,0,44,0,36.30593581,127.3890794,운영,,1994-02-08,,,2016-01-22
대전광역시,유성구,영재어린이집,민간,폐지,34052,대전광역시 유성구 전민로18번길 13 (전민동),042-861-0363,042-863-2004,2,64,1,4,0,23,0,36.39741108,127.4029725,미운영,,1994-02-04,,,2025-06-26
대전광역시,유성구,한빛어린이집,사회복지법인,폐지,34147,대전광역시 유성구 현충원로 479 (장대동),042-822-7145,042-822-1533,6,355,1,9,0,79,0,36.35970135,127.3241187,운영,,1994-01-26,,,2023-05-22
대전광역시,서구,딩동댕어린이집,가정,폐지,35235,"대전광역시 서구 둔산남로 30 103동 106호 (둔산동, 녹원아파트)",042-485-8623,--,3,76,0,4,0,15,0,36.35522045,127.4035233,미운영,,1993-12-30,,,2020-10-30
대전광역시,서구,따뜻한하루어린이집,가정,정상,35384,"대전광역시 서구 관저동로 12 105동 101호 (관저동, 효성해링턴)",042-535-0202,--,4,60,0,6,5,20,4,36.29278936110242,127.34094633721388,미운영,,1993-12-30,,,
대전광역시,서구,동그라미어린이집,민간,폐지,35329,대전광역시 서구 배재로172번길 41 (도마동),042-527-1450,--,4,130,0,5,0,45,0,36.32382712,127.372668,운영,dgrm01@hanmail.net,1993-12-29,,,2021-11-24
대전광역시,서구,꿈나라어린이집,가정,정상,35282,"대전광역시 서구 신갈마로 102 201동 106호 (갈마동, 갈마아파트)",042-521-1255,042-521-1255,3,102,0,5,6,20,9,36.34266126,127.3690569,미운영,,1993-12-27,,,
대전광역시,중구,예손어린이집,민간,폐지,35036,대전광역시 중구 대종로190번안길 30 (석교동),042-272-5315,--,6,247,0,7,0,49,0,36.30957351,127.445531,운영,,1993-12-15,,,2023-03-22
대전광역시,서구,동화속어린이집,가정,폐지,35249,"대전광역시 서구 둔산남로 127 204동 102호 (둔산동, 목련아파트)",042-484-0541,--,3,99,0,3,0,17,0,36.35254432,127.386017,미운영,,1993-12-03,,,2019-10-16
대전광역시,서구,흑석어린이집,사회복지법인,정상,35426,대전광역시 서구 조련길 67 (흑석동),042-585-3284,042-581-3074,4,153,1,8,11,28,19,36.25237696,127.3451278,운영,,1993-11-27,,,
대전광역시,중구,꿈쟁이어린이집,민간,정상,34967,대전광역시 중구 유천로38번길 8 (유천동),042-523-2803,042-583-2803,6,198,1,6,15,46,37,36.31612648,127.3989057,운영,,1993-11-02,,,
대전광역시,중구,꽃망울어린이집,민간,정상,34814,대전광역시 중구 목중로20번길 16 (중촌동),042-252-5622,042-252-5621,4,309,2,9,11,54,23,36.33622819,127.4121896,운영,,1993-09-08,,,
대전광역시,서구,한밭어린이집,국공립,정상,35211,"대전광역시 서구 월평북로 11 , 한밭종합사회복지관 1층(월평동, 주공1단지아파트)",042-484-5552,042-484-4325,4,227,0,8,12,47,31,36.36332983882518,127.3695215807369,미운영,http://www.hbswc.or.kr,1993-09-08,,,
대전광역시,유성구,전민어린이집,민간,폐지,305810,대전 유성구 전민동 368-1 ,042-861-3311,--,0,0,0,0,0,26,0,,,,,1993-09-07,,,2007-02-28
대전광역시,서구,한나어린이집,가정,폐지,35389,대전광역시 서구 가수원중로49번길 33 (가수원동),042-586-6243,042--,4,135,0,4,0,19,0,36.29967499,127.3537946,운영,,1993-08-27,,,2018-04-12
대전광역시,유성구,아이사랑어린이집,가정,폐지,34140,"대전광역시 유성구 어은로 57 116동 101호(어은동, 한빛아파트)",042-369-9171,042-369-9171,4,85,0,4,0,18,0,36.36245821,127.3581063,미운영,,1993-08-19,,,2022-04-13
대전광역시,서구,두리어린이집,가정,폐지,35206,"대전광역시 서구 청사로 282 15동 101호 (둔산동, 수정타운아파트)",042-484-0748,--,3,105,0,4,0,15,0,36.35911,127.39879,미운영,,1993-07-22,,,2020-05-15
대전광역시,중구,꼬망새어린이집,가정,폐지,34994,대전광역시 중구 문화로52번길 20 (산성동),042-585-3973,--,4,61,0,6,0,19,0,36.30976648,127.3918011,미운영,,1993-06-26,,,2019-03-14
대전광역시,유성구,동화속어린이집,가정,정상,34140,"대전광역시 유성구 어은로 57 127동 101호(어은동, 한빛아파트)",042-861-8461,042-477-7869,3,52,1,4,7,18,15,36.36301177,127.3576405,미운영,,1993-06-25,,,
대전광역시,유성구,해피아이어린이집,가정,폐지,34140,"대전광역시 유성구 어은로 57 129동 103호(어은동, 한빛아파트)",042-861-7543,042-861-7543,4,85,0,4,0,19,0,36.363275920925155,127.35460192159145,미운영,,1993-06-25,,,2025-04-04
대전광역시,중구,오현어린이집,민간,폐지,35010,대전광역시 중구 당디로6번길 69 오현어린이집 (문화동),042-583-2114,042-583-9198,4,299,0,4,0,49,0,36.30727171,127.3978334,미운영,,1993-04-06,,,2020-05-18
대전광역시,동구,풍요로운어린이집,민간,폐지,34668,대전광역시 동구 옻밭5길 14 (신흥동),042-274-3937,042-274-3927,5,252,0,5,0,49,0,36.32317989,127.4467377,운영,,1993-03-13,,,2018-07-16
대전광역시,서구,미소나래어린이집,민간,폐지,35273,대전광역시 서구 대덕대로111번길 52 (갈마동),042-527-5455,042-527-5455,6,122,2,7,0,38,0,36.34336884,127.371814,운영,,1993-03-02,,,2018-09-28
대전광역시,서구,국화어린이집,가정,폐지,35245,"대전광역시 서구 둔산로 201 507동 107호 (둔산동, 국화아파트)",042-482-0798,042-482-0798,3,114,2,5,0,20,0,36.35123849,127.3950439,미운영,khj8075@hanmail.net,1993-01-16,,,2017-03-20
대전광역시,서구,둔산어린이집,국공립,정상,35246,"대전광역시 서구 둔산로 241 (둔산동, 보라아파트)",042-482-8137,042-482-8137,3,250,1,8,12,42,24,36.35235993,127.4006461,미운영,,1993-01-01,,,
대전광역시,동구,용운어린이집,사회복지법인,정상,34652,대전광역시 동구 대학로 8-18 (용운동),042-274-2728,042-282-1146,11,462,1,13,26,137,79,36.33151348,127.4553145,운영,,1992-12-30,,,
대전광역시,서구,라온어린이집,민간,정상,35347,대전광역시 서구 배재로 107-9 (도마동),042-522-8123,042-525-9040,6,235,2,12,18,54,52,36.31803095,127.3707344,운영,,1992-11-13,,,
대전광역시,중구,초록빛어린이집,사회복지법인,정상,35070,대전광역시 중구 모암로30번길 7-8 ,042-272-5600,042-285-5600,10,624,1,8,10,123,23,36.30271075,127.4473444,운영,,1992-10-02,,,
대전광역시,동구,리더스시티어린이집,가정,정상,34683,"대전광역시 동구 안샘로 11 405동 102호(천동, 리더스시티아파트)",042-625-6878,042-625-6879,3,66,0,6,10,20,19,36.31823266502431,127.4443191257394,미운영,cafe.daum.net /yesolhouse,1992-08-25,,,
대전광역시,서구,꿈어린이집,가정,폐지,35330,대전광역시 서구 도마로 88-1 (도마동),042-523-9665,042-582-5020,3,80,0,4,0,14,0,36.32174489,127.3798548,미운영,dorudrla65@naver.com,1992-07-18,,,2019-12-16
대전광역시,중구,민들레어린이집,민간,폐지,34833,대전광역시 중구 보문로336번길 21 (선화동),042-256-4257,042-226-4999,5,187,0,8,0,49,0,36.33182575,127.4199684,운영,,1992-03-30,,,2023-01-13
대전광역시,대덕구,경일어린이집,사회복지법인,정상,34424,대전광역시 대덕구 송촌로37번길 22 (송촌동),042-632-3229,042-622-1944,6,201,1,9,18,74,61,36.35799812,127.4406116,운영,,1992-03-30,,,
대전광역시,동구,늘사랑어린이집,사회복지법인,정상,34598,대전광역시 동구 동중앙로 93 (가양동),042-632-3276,042-633-3277,8,231,1,12,11,80,22,36.34019472,127.4459913,운영,www.bbomany.or.kr,1992-02-27,,,
대전광역시,서구,상아아이뜰어린이집,가정,폐지,35201,"대전광역시 서구 대덕대로 415 105동 102호 (만년동, 상아아파트)",042-485-4150,042-485-4150,3,60,0,4,0,19,0,36.36995795047416,127.37852176360863,미운영,hnp0735@nate.com,1992-02-25,,,2021-09-17
대전광역시,대덕구,대덕어린이집,사회복지법인,폐지,34359,대전광역시 대덕구 대전로1397번길 33 (읍내동),042-622-4662,042-622-4668,4,205,1,9,0,72,0,36.37874655,127.4194553,미운영,,1992-01-14,,,2025-08-27
대전광역시,서구,서대전어린이집,사회복지법인,정상,35268,대전광역시 서구 계룡로562번길 18 (괴정동),042-533-1517,042-534-1517,6,187,1,16,18,68,52,36.34196764,127.3848534,운영,,1992-01-09,,,
대전광역시,중구,부사어린이집,국공립,정상,35050,대전광역시 중구 부용로41번길 37 (부사동),042-256-0584,042-255-0585,5,180,1,11,10,54,25,36.31033316,127.4328277,운영,,1991-12-30,,,
대전광역시,서구,대전원광어린이집,법인·단체등,폐지,35354,대전광역시 서구 원도안로224번길 47-27 (가수원동),042-542-1022,042-542-1021,4,296,0,5,0,49,0,36.3241595531071,127.34719694774806,운영,http://cafe.daum.net/Djwonkwang,1991-09-28,,,2021-04-01
대전광역시,중구,목원어린이집,민간,폐지,34816,대전광역시 중구 목동로22번길 39-17 ,042-256-6052,042-256-6053,5,264,2,8,0,47,0,36.33489723,127.4093023,운영,http://cafe.daum.net/mokwon6052,1991-09-16,,,2020-04-01
대전광역시,중구,새봄어린이집,가정,폐지,34885,"대전광역시 중구 태평로 65 33동 16호(태평동, 삼부아파트)",042-523-1418,042-523-1419,4,110,0,5,0,20,0,36.32378062,127.3913915,미운영,,1991-09-06,,,2020-03-06
대전광역시,서구,꾸러기어린이집,민간,정상,35273,대전광역시 서구 갈마로117번길 52 (갈마동),042-532-9223,042-525-3344,7,239,1,12,12,88,33,36.34447105,127.370612,운영,chollee126@naver.com,1991-08-12,,,
대전광역시,서구,널싱맘어린이집,가정,정상,35367,"대전광역시 서구 도안동로 77 1803동 103호 (도안동, 도안18단지 린풀하우스)",042-257-1530,042-257-1530,4,73,0,4,9,20,19,36.3113013483,127.3484894664,미운영,,1991-08-12,,,
대전광역시,서구,봄네어린이집,가정,폐지,35216,"대전광역시 서구 청사로 65 110동 103호 (월평동, 황실타운아파트)",042-489-4337,--,3,90,0,4,0,19,0,36.3609518,127.3717596,운영,,1991-08-12,,,2016-03-21
대전광역시,대덕구,하얀어린이집,민간,폐지,306826,대전 대덕구 중리동 442-5 ,042-673-2135,--,0,0,0,0,0,26,0,,,,,1991-05-16,,,2009-01-06
대전광역시,중구,대전삼성어린이집,민간,정상,34861,대전광역시 중구 선화로82번길 17 ,042-253-2285,042-253-2284,5,502,2,28,27,140,123,36.32834656,127.4174837,미운영,,1991-03-22,,,
대전광역시,동구,신흥어린이집,법인·단체등,정상,34668,대전광역시 동구 옻밭5길 14 (신흥동),042-283-4040,042-272-4043,4,142,1,7,10,50,16,36.3226043268641,127.4464821235094,운영,,1991-03-13,,,
대전광역시,서구,사회복지법인시온어린이집,사회복지법인,폐지,35288,대전광역시 서구 도솔로267번길 8 (내동),042-533-8675,042-533-1739,6,453,2,0,0,62,0,36.33409776,127.3788881,미운영,club.cyworld.com/sion1004,1991-03-09,,,2015-11-30
대전광역시,동구,유엔어린이집,가정,폐지,34541,대전광역시 동구 계족로511번길 29-1 (용전동),042-624-9404,0504-214-3420,5,118,0,4,0,18,0,36.35713478,127.43108,운영,http://cafe.daum.net/unkids,1990-12-29,,,2024-03-29
대전광역시,유성구,초롱이어린이집,민간,폐지,34181,대전광역시 유성구 월드컵대로253번안길 55 (구암동),042-823-6935,--,4,218,0,4,0,49,0,36.34931281,127.3323036,운영,,1990-12-28,,,2021-04-12
대전광역시,대덕구,회덕하나푸르니어린이집,국공립,정상,34360,대전광역시 대덕구 대전로 1378 (회덕동),042-673-8329,042-672-5684,5,183,0,16,13,49,29,36.37627595,127.4214374,운영,,1990-08-31,,,
대전광역시,중구,용두어린이집,국공립,정상,34822,대전광역시 중구 계룡로755번길 23 (용두동),042-253-4809,042-253-4809,4,119,1,5,16,45,26,36.3318509,127.4029296,운영,https://instagram.com/yongdu4809,1990-06-25,,,
대전광역시,중구,목동어린이집,국공립,재개,34816,대전광역시 중구 목중로39번길 39 (목동) 목동어린이집,042-252-0505,042-254-0505,6,174,1,8,20,65,61,36.33588296216281,127.40849174063062,미운영,,1990-06-25,,,
대전광역시,유성구,유성어린이집,국공립,정상,34179,대전광역시 유성구 도안대로589번길 27 (봉명동),042-822-2185,042-824-2185,3,112,0,8,13,40,27,36.3529095,127.3395717,미운영,https://blog.naver.com/dbtjd2185,1990-06-02,,,
대전광역시,동구,사회복지법인대전어린이집,사회복지법인,정상,34613,대전광역시 동구 솔랑길 7 (삼성동),042-672-5670,042-672-5670,16,1349,1,25,29,332,93,36.33869908,127.4337751,운영,https://djkidslove.kidsnote.ac/home/main,1990-05-11,,,
대전광역시,중구,보물섬어린이집,민간,정상,34811,대전광역시 중구 목중로35번길 8 (목동),042-256-2943,042-254-6647,5,209,1,8,15,49,46,36.3367032,127.4098234,운영,,1990-04-19,,,
대전광역시,동구,가양어린이집,국공립,정상,34507,대전광역시 동구 동대전로256번길 53 가양어린이집 (가양동),042-623-3923,042-625-3923,9,242,1,24,19,88,61,36.34554683,127.4494148,운영,http://kayang.kidsnote.ac,1983-01-01,,,
